property,source_partition,source_record_id,cation,anion,canonical_group,decision,cation_charge,anion_charge,valid,reason
co2,non_test,4741,C[n+]1ccn(CCCCS(=O)(=O)O)c1,O=S(=O)(NS(=O)(=O)C(F)(F)F)C(F)(F)F,C[n+]1ccn(CCCCS(=O)(=O)O)c1.O=S(=O)(NS(=O)(=O)C(F)(F)F)C(F)(F)F,exclude,1,0,False,neutral_component_or_incorrect_ion_role
co2,non_test,4791,C[n+]1ccn(CCCCS(=O)(=O)O)c1,O=S(=O)(NS(=O)(=O)C(F)(F)F)C(F)(F)F,C[n+]1ccn(CCCCS(=O)(=O)O)c1.O=S(=O)(NS(=O)(=O)C(F)(F)F)C(F)(F)F,exclude,1,0,False,neutral_component_or_incorrect_ion_role
co2,non_test,4826,C[n+]1ccn(CCCCS(=O)(=O)O)c1,O=S(=O)(NS(=O)(=O)C(F)(F)F)C(F)(F)F,C[n+]1ccn(CCCCS(=O)(=O)O)c1.O=S(=O)(NS(=O)(=O)C(F)(F)F)C(F)(F)F,exclude,1,0,False,neutral_component_or_incorrect_ion_role
co2,non_test,4868,C[n+]1ccn(CCCCS(=O)(=O)O)c1,O=S(=O)(NS(=O)(=O)C(F)(F)F)C(F)(F)F,C[n+]1ccn(CCCCS(=O)(=O)O)c1.O=S(=O)(NS(=O)(=O)C(F)(F)F)C(F)(F)F,exclude,1,0,False,neutral_component_or_incorrect_ion_role
co2,non_test,4909,C[n+]1ccn(CCCCS(=O)(=O)O)c1,O=S(=O)(NS(=O)(=O)C(F)(F)F)C(F)(F)F,C[n+]1ccn(CCCCS(=O)(=O)O)c1.O=S(=O)(NS(=O)(=O)C(F)(F)F)C(F)(F)F,exclude,1,0,False,neutral_component_or_incorrect_ion_role
co2,non_test,4928,C[n+]1ccn(CCCCS(=O)(=O)O)c1,O=S(=O)(NS(=O)(=O)C(F)(F)F)C(F)(F)F,C[n+]1ccn(CCCCS(=O)(=O)O)c1.O=S(=O)(NS(=O)(=O)C(F)(F)F)C(F)(F)F,exclude,1,0,False,neutral_component_or_incorrect_ion_role
co2,non_test,4945,C[n+]1ccn(CCCCS(=O)(=O)O)c1,O=S(=O)(NS(=O)(=O)C(F)(F)F)C(F)(F)F,C[n+]1ccn(CCCCS(=O)(=O)O)c1.O=S(=O)(NS(=O)(=O)C(F)(F)F)C(F)(F)F,exclude,1,0,False,neutral_component_or_incorrect_ion_role
co2,non_test,5155,C[n+]1ccn(CCCCS(=O)(=O)O)c1,O=S(=O)(NS(=O)(=O)C(F)(F)F)C(F)(F)F,C[n+]1ccn(CCCCS(=O)(=O)O)c1.O=S(=O)(NS(=O)(=O)C(F)(F)F)C(F)(F)F,exclude,1,0,False,neutral_component_or_incorrect_ion_role
co2,non_test,5180,C[n+]1ccn(CCCCS(=O)(=O)O)c1,O=S(=O)(NS(=O)(=O)C(F)(F)F)C(F)(F)F,C[n+]1ccn(CCCCS(=O)(=O)O)c1.O=S(=O)(NS(=O)(=O)C(F)(F)F)C(F)(F)F,exclude,1,0,False,neutral_component_or_incorrect_ion_role
co2,non_test,5181,C[n+]1ccn(CCCCS(=O)(=O)O)c1,O=S(=O)(NS(=O)(=O)C(F)(F)F)C(F)(F)F,C[n+]1ccn(CCCCS(=O)(=O)O)c1.O=S(=O)(NS(=O)(=O)C(F)(F)F)C(F)(F)F,exclude,1,0,False,neutral_component_or_incorrect_ion_role
co2,non_test,7199,C[n+]1ccn(CCCCS(=O)(=O)O)c1,O=S(=O)(NS(=O)(=O)C(F)(F)F)C(F)(F)F,C[n+]1ccn(CCCCS(=O)(=O)O)c1.O=S(=O)(NS(=O)(=O)C(F)(F)F)C(F)(F)F,exclude,1,0,False,neutral_component_or_incorrect_ion_role
co2,non_test,7304,C[n+]1ccn(CCCCS(=O)(=O)O)c1,O=S(=O)(NS(=O)(=O)C(F)(F)F)C(F)(F)F,C[n+]1ccn(CCCCS(=O)(=O)O)c1.O=S(=O)(NS(=O)(=O)C(F)(F)F)C(F)(F)F,exclude,1,0,False,neutral_component_or_incorrect_ion_role
co2,non_test,7327,C[n+]1ccn(CCCCS(=O)(=O)O)c1,O=S(=O)(NS(=O)(=O)C(F)(F)F)C(F)(F)F,C[n+]1ccn(CCCCS(=O)(=O)O)c1.O=S(=O)(NS(=O)(=O)C(F)(F)F)C(F)(F)F,exclude,1,0,False,neutral_component_or_incorrect_ion_role
co2,non_test,7420,C[n+]1ccn(CCCCS(=O)(=O)O)c1,O=S(=O)(NS(=O)(=O)C(F)(F)F)C(F)(F)F,C[n+]1ccn(CCCCS(=O)(=O)O)c1.O=S(=O)(NS(=O)(=O)C(F)(F)F)C(F)(F)F,exclude,1,0,False,neutral_component_or_incorrect_ion_role
co2,non_test,7556,C[n+]1ccn(CCCCS(=O)(=O)O)c1,O=S(=O)(NS(=O)(=O)C(F)(F)F)C(F)(F)F,C[n+]1ccn(CCCCS(=O)(=O)O)c1.O=S(=O)(NS(=O)(=O)C(F)(F)F)C(F)(F)F,exclude,1,0,False,neutral_component_or_incorrect_ion_role
co2,non_test,7735,C[n+]1ccn(CCCCS(=O)(=O)O)c1,O=S(=O)(NS(=O)(=O)C(F)(F)F)C(F)(F)F,C[n+]1ccn(CCCCS(=O)(=O)O)c1.O=S(=O)(NS(=O)(=O)C(F)(F)F)C(F)(F)F,exclude,1,0,False,neutral_component_or_incorrect_ion_role
co2,non_test,7781,C[n+]1ccn(CCCCS(=O)(=O)O)c1,O=S(=O)(NS(=O)(=O)C(F)(F)F)C(F)(F)F,C[n+]1ccn(CCCCS(=O)(=O)O)c1.O=S(=O)(NS(=O)(=O)C(F)(F)F)C(F)(F)F,exclude,1,0,False,neutral_component_or_incorrect_ion_role
co2,non_test,7832,C[n+]1ccn(CCCCS(=O)(=O)O)c1,O=S(=O)(NS(=O)(=O)C(F)(F)F)C(F)(F)F,C[n+]1ccn(CCCCS(=O)(=O)O)c1.O=S(=O)(NS(=O)(=O)C(F)(F)F)C(F)(F)F,exclude,1,0,False,neutral_component_or_incorrect_ion_role
co2,non_test,230,CCCC[n+]1ccn(C)c1,N#CC(C#N)C#N,CCCC[n+]1ccn(C)c1.N#CC(C#N)C#N,exclude,1,0,False,neutral_component_or_incorrect_ion_role
co2,non_test,231,CCCC[n+]1ccn(C)c1,N#CC(C#N)C#N,CCCC[n+]1ccn(C)c1.N#CC(C#N)C#N,exclude,1,0,False,neutral_component_or_incorrect_ion_role
co2,non_test,232,CCCC[n+]1ccn(C)c1,N#CC(C#N)C#N,CCCC[n+]1ccn(C)c1.N#CC(C#N)C#N,exclude,1,0,False,neutral_component_or_incorrect_ion_role
co2,non_test,433,CCCC[n+]1ccn(C)c1,N#CC(C#N)C#N,CCCC[n+]1ccn(C)c1.N#CC(C#N)C#N,exclude,1,0,False,neutral_component_or_incorrect_ion_role
co2,non_test,456,CCCC[n+]1ccn(C)c1,N#CC(C#N)C#N,CCCC[n+]1ccn(C)c1.N#CC(C#N)C#N,exclude,1,0,False,neutral_component_or_incorrect_ion_role
co2,non_test,458,CCCC[n+]1ccn(C)c1,N#CC(C#N)C#N,CCCC[n+]1ccn(C)c1.N#CC(C#N)C#N,exclude,1,0,False,neutral_component_or_incorrect_ion_role
co2,non_test,459,CCCC[n+]1ccn(C)c1,N#CC(C#N)C#N,CCCC[n+]1ccn(C)c1.N#CC(C#N)C#N,exclude,1,0,False,neutral_component_or_incorrect_ion_role
co2,non_test,461,CCCC[n+]1ccn(C)c1,N#CC(C#N)C#N,CCCC[n+]1ccn(C)c1.N#CC(C#N)C#N,exclude,1,0,False,neutral_component_or_incorrect_ion_role
co2,non_test,463,CCCC[n+]1ccn(C)c1,N#CC(C#N)C#N,CCCC[n+]1ccn(C)c1.N#CC(C#N)C#N,exclude,1,0,False,neutral_component_or_incorrect_ion_role
co2,non_test,465,CCCC[n+]1ccn(C)c1,N#CC(C#N)C#N,CCCC[n+]1ccn(C)c1.N#CC(C#N)C#N,exclude,1,0,False,neutral_component_or_incorrect_ion_role
co2,non_test,468,CCCC[n+]1ccn(C)c1,N#CC(C#N)C#N,CCCC[n+]1ccn(C)c1.N#CC(C#N)C#N,exclude,1,0,False,neutral_component_or_incorrect_ion_role
co2,non_test,470,CCCC[n+]1ccn(C)c1,N#CC(C#N)C#N,CCCC[n+]1ccn(C)c1.N#CC(C#N)C#N,exclude,1,0,False,neutral_component_or_incorrect_ion_role
co2,non_test,472,CCCC[n+]1ccn(C)c1,N#CC(C#N)C#N,CCCC[n+]1ccn(C)c1.N#CC(C#N)C#N,exclude,1,0,False,neutral_component_or_incorrect_ion_role
co2,non_test,474,CCCC[n+]1ccn(C)c1,N#CC(C#N)C#N,CCCC[n+]1ccn(C)c1.N#CC(C#N)C#N,exclude,1,0,False,neutral_component_or_incorrect_ion_role
co2,non_test,477,CCCC[n+]1ccn(C)c1,N#CC(C#N)C#N,CCCC[n+]1ccn(C)c1.N#CC(C#N)C#N,exclude,1,0,False,neutral_component_or_incorrect_ion_role
co2,non_test,480,CCCC[n+]1ccn(C)c1,N#CC(C#N)C#N,CCCC[n+]1ccn(C)c1.N#CC(C#N)C#N,exclude,1,0,False,neutral_component_or_incorrect_ion_role
co2,non_test,482,CCCC[n+]1ccn(C)c1,N#CC(C#N)C#N,CCCC[n+]1ccn(C)c1.N#CC(C#N)C#N,exclude,1,0,False,neutral_component_or_incorrect_ion_role
co2,non_test,484,CCCC[n+]1ccn(C)c1,N#CC(C#N)C#N,CCCC[n+]1ccn(C)c1.N#CC(C#N)C#N,exclude,1,0,False,neutral_component_or_incorrect_ion_role
co2,non_test,485,CCCC[n+]1ccn(C)c1,N#CC(C#N)C#N,CCCC[n+]1ccn(C)c1.N#CC(C#N)C#N,exclude,1,0,False,neutral_component_or_incorrect_ion_role
co2,non_test,488,CCCC[n+]1ccn(C)c1,N#CC(C#N)C#N,CCCC[n+]1ccn(C)c1.N#CC(C#N)C#N,exclude,1,0,False,neutral_component_or_incorrect_ion_role
co2,non_test,489,CCCC[n+]1ccn(C)c1,N#CC(C#N)C#N,CCCC[n+]1ccn(C)c1.N#CC(C#N)C#N,exclude,1,0,False,neutral_component_or_incorrect_ion_role
co2,non_test,492,CCCC[n+]1ccn(C)c1,N#CC(C#N)C#N,CCCC[n+]1ccn(C)c1.N#CC(C#N)C#N,exclude,1,0,False,neutral_component_or_incorrect_ion_role
co2,non_test,493,CCCC[n+]1ccn(C)c1,N#CC(C#N)C#N,CCCC[n+]1ccn(C)c1.N#CC(C#N)C#N,exclude,1,0,False,neutral_component_or_incorrect_ion_role
co2,non_test,494,CCCC[n+]1ccn(C)c1,N#CC(C#N)C#N,CCCC[n+]1ccn(C)c1.N#CC(C#N)C#N,exclude,1,0,False,neutral_component_or_incorrect_ion_role
co2,non_test,506,CCCC[n+]1ccn(C)c1,N#CC(C#N)C#N,CCCC[n+]1ccn(C)c1.N#CC(C#N)C#N,exclude,1,0,False,neutral_component_or_incorrect_ion_role
co2,non_test,870,CCCC[n+]1ccn(C)c1,N#CC(C#N)C#N,CCCC[n+]1ccn(C)c1.N#CC(C#N)C#N,exclude,1,0,False,neutral_component_or_incorrect_ion_role
co2,non_test,871,CCCC[n+]1ccn(C)c1,N#CC(C#N)C#N,CCCC[n+]1ccn(C)c1.N#CC(C#N)C#N,exclude,1,0,False,neutral_component_or_incorrect_ion_role
co2,non_test,872,CCCC[n+]1ccn(C)c1,N#CC(C#N)C#N,CCCC[n+]1ccn(C)c1.N#CC(C#N)C#N,exclude,1,0,False,neutral_component_or_incorrect_ion_role
co2,non_test,873,CCCC[n+]1ccn(C)c1,N#CC(C#N)C#N,CCCC[n+]1ccn(C)c1.N#CC(C#N)C#N,exclude,1,0,False,neutral_component_or_incorrect_ion_role
co2,non_test,874,CCCC[n+]1ccn(C)c1,N#CC(C#N)C#N,CCCC[n+]1ccn(C)c1.N#CC(C#N)C#N,exclude,1,0,False,neutral_component_or_incorrect_ion_role
co2,non_test,1087,CCCC[n+]1ccn(C)c1,N#CC(C#N)C#N,CCCC[n+]1ccn(C)c1.N#CC(C#N)C#N,exclude,1,0,False,neutral_component_or_incorrect_ion_role
co2,non_test,1151,CCCC[n+]1ccn(C)c1,N#CC(C#N)C#N,CCCC[n+]1ccn(C)c1.N#CC(C#N)C#N,exclude,1,0,False,neutral_component_or_incorrect_ion_role
co2,non_test,1930,CCCC[n+]1ccn(C)c1,N#CC(C#N)C#N,CCCC[n+]1ccn(C)c1.N#CC(C#N)C#N,exclude,1,0,False,neutral_component_or_incorrect_ion_role
co2,non_test,2316,CCCC[n+]1ccn(C)c1,N#CC(C#N)C#N,CCCC[n+]1ccn(C)c1.N#CC(C#N)C#N,exclude,1,0,False,neutral_component_or_incorrect_ion_role
co2,non_test,2317,CCCC[n+]1ccn(C)c1,N#CC(C#N)C#N,CCCC[n+]1ccn(C)c1.N#CC(C#N)C#N,exclude,1,0,False,neutral_component_or_incorrect_ion_role
co2,non_test,2318,CCCC[n+]1ccn(C)c1,N#CC(C#N)C#N,CCCC[n+]1ccn(C)c1.N#CC(C#N)C#N,exclude,1,0,False,neutral_component_or_incorrect_ion_role
co2,non_test,2323,CCCC[n+]1ccn(C)c1,N#CC(C#N)C#N,CCCC[n+]1ccn(C)c1.N#CC(C#N)C#N,exclude,1,0,False,neutral_component_or_incorrect_ion_role
co2,non_test,2441,CCCC[n+]1ccn(C)c1,N#CC(C#N)C#N,CCCC[n+]1ccn(C)c1.N#CC(C#N)C#N,exclude,1,0,False,neutral_component_or_incorrect_ion_role
co2,non_test,2442,CCCC[n+]1ccn(C)c1,N#CC(C#N)C#N,CCCC[n+]1ccn(C)c1.N#CC(C#N)C#N,exclude,1,0,False,neutral_component_or_incorrect_ion_role
co2,non_test,2443,CCCC[n+]1ccn(C)c1,N#CC(C#N)C#N,CCCC[n+]1ccn(C)c1.N#CC(C#N)C#N,exclude,1,0,False,neutral_component_or_incorrect_ion_role
co2,non_test,2444,CCCC[n+]1ccn(C)c1,N#CC(C#N)C#N,CCCC[n+]1ccn(C)c1.N#CC(C#N)C#N,exclude,1,0,False,neutral_component_or_incorrect_ion_role
co2,non_test,2445,CCCC[n+]1ccn(C)c1,N#CC(C#N)C#N,CCCC[n+]1ccn(C)c1.N#CC(C#N)C#N,exclude,1,0,False,neutral_component_or_incorrect_ion_role
co2,non_test,2519,CCCC[n+]1ccn(C)c1,N#CC(C#N)C#N,CCCC[n+]1ccn(C)c1.N#CC(C#N)C#N,exclude,1,0,False,neutral_component_or_incorrect_ion_role
co2,non_test,2522,CCCC[n+]1ccn(C)c1,N#CC(C#N)C#N,CCCC[n+]1ccn(C)c1.N#CC(C#N)C#N,exclude,1,0,False,neutral_component_or_incorrect_ion_role
co2,non_test,2538,CCCC[n+]1ccn(C)c1,N#CC(C#N)C#N,CCCC[n+]1ccn(C)c1.N#CC(C#N)C#N,exclude,1,0,False,neutral_component_or_incorrect_ion_role
co2,non_test,2557,CCCC[n+]1ccn(C)c1,N#CC(C#N)C#N,CCCC[n+]1ccn(C)c1.N#CC(C#N)C#N,exclude,1,0,False,neutral_component_or_incorrect_ion_role
co2,non_test,2561,CCCC[n+]1ccn(C)c1,N#CC(C#N)C#N,CCCC[n+]1ccn(C)c1.N#CC(C#N)C#N,exclude,1,0,False,neutral_component_or_incorrect_ion_role
co2,non_test,2568,CCCC[n+]1ccn(C)c1,N#CC(C#N)C#N,CCCC[n+]1ccn(C)c1.N#CC(C#N)C#N,exclude,1,0,False,neutral_component_or_incorrect_ion_role
co2,non_test,2573,CCCC[n+]1ccn(C)c1,N#CC(C#N)C#N,CCCC[n+]1ccn(C)c1.N#CC(C#N)C#N,exclude,1,0,False,neutral_component_or_incorrect_ion_role
co2,non_test,2581,CCCC[n+]1ccn(C)c1,N#CC(C#N)C#N,CCCC[n+]1ccn(C)c1.N#CC(C#N)C#N,exclude,1,0,False,neutral_component_or_incorrect_ion_role
co2,non_test,2586,CCCC[n+]1ccn(C)c1,N#CC(C#N)C#N,CCCC[n+]1ccn(C)c1.N#CC(C#N)C#N,exclude,1,0,False,neutral_component_or_incorrect_ion_role
co2,non_test,2607,CCCC[n+]1ccn(C)c1,N#CC(C#N)C#N,CCCC[n+]1ccn(C)c1.N#CC(C#N)C#N,exclude,1,0,False,neutral_component_or_incorrect_ion_role
co2,non_test,2640,CCCC[n+]1ccn(C)c1,N#CC(C#N)C#N,CCCC[n+]1ccn(C)c1.N#CC(C#N)C#N,exclude,1,0,False,neutral_component_or_incorrect_ion_role
co2,non_test,2668,CCCC[n+]1ccn(C)c1,N#CC(C#N)C#N,CCCC[n+]1ccn(C)c1.N#CC(C#N)C#N,exclude,1,0,False,neutral_component_or_incorrect_ion_role
co2,non_test,2713,CCCC[n+]1ccn(C)c1,N#CC(C#N)C#N,CCCC[n+]1ccn(C)c1.N#CC(C#N)C#N,exclude,1,0,False,neutral_component_or_incorrect_ion_role
co2,non_test,2755,CCCC[n+]1ccn(C)c1,N#CC(C#N)C#N,CCCC[n+]1ccn(C)c1.N#CC(C#N)C#N,exclude,1,0,False,neutral_component_or_incorrect_ion_role
co2,non_test,2798,CCCC[n+]1ccn(C)c1,N#CC(C#N)C#N,CCCC[n+]1ccn(C)c1.N#CC(C#N)C#N,exclude,1,0,False,neutral_component_or_incorrect_ion_role
co2,non_test,2879,CCCC[n+]1ccn(C)c1,N#CC(C#N)C#N,CCCC[n+]1ccn(C)c1.N#CC(C#N)C#N,exclude,1,0,False,neutral_component_or_incorrect_ion_role
co2,non_test,3077,CCCC[n+]1ccn(C)c1,N#CC(C#N)C#N,CCCC[n+]1ccn(C)c1.N#CC(C#N)C#N,exclude,1,0,False,neutral_component_or_incorrect_ion_role
co2,non_test,3204,CCCC[n+]1ccn(C)c1,N#CC(C#N)C#N,CCCC[n+]1ccn(C)c1.N#CC(C#N)C#N,exclude,1,0,False,neutral_component_or_incorrect_ion_role
co2,non_test,3216,CCCC[n+]1ccn(C)c1,N#CC(C#N)C#N,CCCC[n+]1ccn(C)c1.N#CC(C#N)C#N,exclude,1,0,False,neutral_component_or_incorrect_ion_role
co2,non_test,3235,CCCC[n+]1ccn(C)c1,N#CC(C#N)C#N,CCCC[n+]1ccn(C)c1.N#CC(C#N)C#N,exclude,1,0,False,neutral_component_or_incorrect_ion_role
co2,non_test,3504,CCCC[n+]1ccn(C)c1,N#CC(C#N)C#N,CCCC[n+]1ccn(C)c1.N#CC(C#N)C#N,exclude,1,0,False,neutral_component_or_incorrect_ion_role
co2,non_test,3505,CCCC[n+]1ccn(C)c1,N#CC(C#N)C#N,CCCC[n+]1ccn(C)c1.N#CC(C#N)C#N,exclude,1,0,False,neutral_component_or_incorrect_ion_role
co2,non_test,3506,CCCC[n+]1ccn(C)c1,N#CC(C#N)C#N,CCCC[n+]1ccn(C)c1.N#CC(C#N)C#N,exclude,1,0,False,neutral_component_or_incorrect_ion_role
co2,non_test,3507,CCCC[n+]1ccn(C)c1,N#CC(C#N)C#N,CCCC[n+]1ccn(C)c1.N#CC(C#N)C#N,exclude,1,0,False,neutral_component_or_incorrect_ion_role
co2,non_test,3508,CCCC[n+]1ccn(C)c1,N#CC(C#N)C#N,CCCC[n+]1ccn(C)c1.N#CC(C#N)C#N,exclude,1,0,False,neutral_component_or_incorrect_ion_role
co2,non_test,3559,CCCC[n+]1ccn(C)c1,N#CC(C#N)C#N,CCCC[n+]1ccn(C)c1.N#CC(C#N)C#N,exclude,1,0,False,neutral_component_or_incorrect_ion_role
co2,non_test,3583,CCCC[n+]1ccn(C)c1,N#CC(C#N)C#N,CCCC[n+]1ccn(C)c1.N#CC(C#N)C#N,exclude,1,0,False,neutral_component_or_incorrect_ion_role
co2,non_test,3626,CCCC[n+]1ccn(C)c1,N#CC(C#N)C#N,CCCC[n+]1ccn(C)c1.N#CC(C#N)C#N,exclude,1,0,False,neutral_component_or_incorrect_ion_role
co2,non_test,3631,CCCC[n+]1ccn(C)c1,N#CC(C#N)C#N,CCCC[n+]1ccn(C)c1.N#CC(C#N)C#N,exclude,1,0,False,neutral_component_or_incorrect_ion_role
co2,non_test,3637,CCCC[n+]1ccn(C)c1,N#CC(C#N)C#N,CCCC[n+]1ccn(C)c1.N#CC(C#N)C#N,exclude,1,0,False,neutral_component_or_incorrect_ion_role
co2,non_test,3639,CCCC[n+]1ccn(C)c1,N#CC(C#N)C#N,CCCC[n+]1ccn(C)c1.N#CC(C#N)C#N,exclude,1,0,False,neutral_component_or_incorrect_ion_role
co2,non_test,3643,CCCC[n+]1ccn(C)c1,N#CC(C#N)C#N,CCCC[n+]1ccn(C)c1.N#CC(C#N)C#N,exclude,1,0,False,neutral_component_or_incorrect_ion_role
co2,non_test,3648,CCCC[n+]1ccn(C)c1,N#CC(C#N)C#N,CCCC[n+]1ccn(C)c1.N#CC(C#N)C#N,exclude,1,0,False,neutral_component_or_incorrect_ion_role
co2,non_test,3651,CCCC[n+]1ccn(C)c1,N#CC(C#N)C#N,CCCC[n+]1ccn(C)c1.N#CC(C#N)C#N,exclude,1,0,False,neutral_component_or_incorrect_ion_role
co2,non_test,3674,CCCC[n+]1ccn(C)c1,N#CC(C#N)C#N,CCCC[n+]1ccn(C)c1.N#CC(C#N)C#N,exclude,1,0,False,neutral_component_or_incorrect_ion_role
co2,non_test,3687,CCCC[n+]1ccn(C)c1,N#CC(C#N)C#N,CCCC[n+]1ccn(C)c1.N#CC(C#N)C#N,exclude,1,0,False,neutral_component_or_incorrect_ion_role
co2,non_test,3695,CCCC[n+]1ccn(C)c1,N#CC(C#N)C#N,CCCC[n+]1ccn(C)c1.N#CC(C#N)C#N,exclude,1,0,False,neutral_component_or_incorrect_ion_role
co2,non_test,3700,CCCC[n+]1ccn(C)c1,N#CC(C#N)C#N,CCCC[n+]1ccn(C)c1.N#CC(C#N)C#N,exclude,1,0,False,neutral_component_or_incorrect_ion_role
co2,non_test,3701,CCCC[n+]1ccn(C)c1,N#CC(C#N)C#N,CCCC[n+]1ccn(C)c1.N#CC(C#N)C#N,exclude,1,0,False,neutral_component_or_incorrect_ion_role
co2,non_test,3713,CCCC[n+]1ccn(C)c1,N#CC(C#N)C#N,CCCC[n+]1ccn(C)c1.N#CC(C#N)C#N,exclude,1,0,False,neutral_component_or_incorrect_ion_role
co2,non_test,3719,CCCC[n+]1ccn(C)c1,N#CC(C#N)C#N,CCCC[n+]1ccn(C)c1.N#CC(C#N)C#N,exclude,1,0,False,neutral_component_or_incorrect_ion_role
co2,non_test,3723,CCCC[n+]1ccn(C)c1,N#CC(C#N)C#N,CCCC[n+]1ccn(C)c1.N#CC(C#N)C#N,exclude,1,0,False,neutral_component_or_incorrect_ion_role
co2,non_test,3736,CCCC[n+]1ccn(C)c1,N#CC(C#N)C#N,CCCC[n+]1ccn(C)c1.N#CC(C#N)C#N,exclude,1,0,False,neutral_component_or_incorrect_ion_role
co2,non_test,3743,CCCC[n+]1ccn(C)c1,N#CC(C#N)C#N,CCCC[n+]1ccn(C)c1.N#CC(C#N)C#N,exclude,1,0,False,neutral_component_or_incorrect_ion_role
co2,non_test,3752,CCCC[n+]1ccn(C)c1,N#CC(C#N)C#N,CCCC[n+]1ccn(C)c1.N#CC(C#N)C#N,exclude,1,0,False,neutral_component_or_incorrect_ion_role
co2,non_test,3758,CCCC[n+]1ccn(C)c1,N#CC(C#N)C#N,CCCC[n+]1ccn(C)c1.N#CC(C#N)C#N,exclude,1,0,False,neutral_component_or_incorrect_ion_role
co2,non_test,3759,CCCC[n+]1ccn(C)c1,N#CC(C#N)C#N,CCCC[n+]1ccn(C)c1.N#CC(C#N)C#N,exclude,1,0,False,neutral_component_or_incorrect_ion_role
co2,non_test,3766,CCCC[n+]1ccn(C)c1,N#CC(C#N)C#N,CCCC[n+]1ccn(C)c1.N#CC(C#N)C#N,exclude,1,0,False,neutral_component_or_incorrect_ion_role
co2,non_test,3767,CCCC[n+]1ccn(C)c1,N#CC(C#N)C#N,CCCC[n+]1ccn(C)c1.N#CC(C#N)C#N,exclude,1,0,False,neutral_component_or_incorrect_ion_role
co2,non_test,3768,CCCC[n+]1ccn(C)c1,N#CC(C#N)C#N,CCCC[n+]1ccn(C)c1.N#CC(C#N)C#N,exclude,1,0,False,neutral_component_or_incorrect_ion_role
co2,non_test,3770,CCCC[n+]1ccn(C)c1,N#CC(C#N)C#N,CCCC[n+]1ccn(C)c1.N#CC(C#N)C#N,exclude,1,0,False,neutral_component_or_incorrect_ion_role
co2,non_test,3771,CCCC[n+]1ccn(C)c1,N#CC(C#N)C#N,CCCC[n+]1ccn(C)c1.N#CC(C#N)C#N,exclude,1,0,False,neutral_component_or_incorrect_ion_role
co2,non_test,3777,CCCC[n+]1ccn(C)c1,N#CC(C#N)C#N,CCCC[n+]1ccn(C)c1.N#CC(C#N)C#N,exclude,1,0,False,neutral_component_or_incorrect_ion_role
co2,non_test,3811,CCCC[n+]1ccn(C)c1,N#CC(C#N)C#N,CCCC[n+]1ccn(C)c1.N#CC(C#N)C#N,exclude,1,0,False,neutral_component_or_incorrect_ion_role
co2,non_test,3827,CCCC[n+]1ccn(C)c1,N#CC(C#N)C#N,CCCC[n+]1ccn(C)c1.N#CC(C#N)C#N,exclude,1,0,False,neutral_component_or_incorrect_ion_role
co2,non_test,3895,CCCC[n+]1ccn(C)c1,N#CC(C#N)C#N,CCCC[n+]1ccn(C)c1.N#CC(C#N)C#N,exclude,1,0,False,neutral_component_or_incorrect_ion_role
co2,non_test,3896,CCCC[n+]1ccn(C)c1,N#CC(C#N)C#N,CCCC[n+]1ccn(C)c1.N#CC(C#N)C#N,exclude,1,0,False,neutral_component_or_incorrect_ion_role
co2,non_test,3897,CCCC[n+]1ccn(C)c1,N#CC(C#N)C#N,CCCC[n+]1ccn(C)c1.N#CC(C#N)C#N,exclude,1,0,False,neutral_component_or_incorrect_ion_role
co2,non_test,3898,CCCC[n+]1ccn(C)c1,N#CC(C#N)C#N,CCCC[n+]1ccn(C)c1.N#CC(C#N)C#N,exclude,1,0,False,neutral_component_or_incorrect_ion_role
co2,non_test,3899,CCCC[n+]1ccn(C)c1,N#CC(C#N)C#N,CCCC[n+]1ccn(C)c1.N#CC(C#N)C#N,exclude,1,0,False,neutral_component_or_incorrect_ion_role
co2,non_test,3973,CCCC[n+]1ccn(C)c1,N#CC(C#N)C#N,CCCC[n+]1ccn(C)c1.N#CC(C#N)C#N,exclude,1,0,False,neutral_component_or_incorrect_ion_role
co2,non_test,3989,CCCC[n+]1ccn(C)c1,N#CC(C#N)C#N,CCCC[n+]1ccn(C)c1.N#CC(C#N)C#N,exclude,1,0,False,neutral_component_or_incorrect_ion_role
co2,non_test,4060,CCCC[n+]1ccn(C)c1,N#CC(C#N)C#N,CCCC[n+]1ccn(C)c1.N#CC(C#N)C#N,exclude,1,0,False,neutral_component_or_incorrect_ion_role
co2,non_test,4176,CCCC[n+]1ccn(C)c1,N#CC(C#N)C#N,CCCC[n+]1ccn(C)c1.N#CC(C#N)C#N,exclude,1,0,False,neutral_component_or_incorrect_ion_role
co2,non_test,4184,CCCC[n+]1ccn(C)c1,N#CC(C#N)C#N,CCCC[n+]1ccn(C)c1.N#CC(C#N)C#N,exclude,1,0,False,neutral_component_or_incorrect_ion_role
co2,non_test,4204,CCCC[n+]1ccn(C)c1,N#CC(C#N)C#N,CCCC[n+]1ccn(C)c1.N#CC(C#N)C#N,exclude,1,0,False,neutral_component_or_incorrect_ion_role
co2,non_test,4218,CCCC[n+]1ccn(C)c1,N#CC(C#N)C#N,CCCC[n+]1ccn(C)c1.N#CC(C#N)C#N,exclude,1,0,False,neutral_component_or_incorrect_ion_role
co2,non_test,4231,CCCC[n+]1ccn(C)c1,N#CC(C#N)C#N,CCCC[n+]1ccn(C)c1.N#CC(C#N)C#N,exclude,1,0,False,neutral_component_or_incorrect_ion_role
co2,non_test,4254,CCCC[n+]1ccn(C)c1,N#CC(C#N)C#N,CCCC[n+]1ccn(C)c1.N#CC(C#N)C#N,exclude,1,0,False,neutral_component_or_incorrect_ion_role
co2,non_test,4312,CCCC[n+]1ccn(C)c1,N#CC(C#N)C#N,CCCC[n+]1ccn(C)c1.N#CC(C#N)C#N,exclude,1,0,False,neutral_component_or_incorrect_ion_role
co2,non_test,4389,CCCC[n+]1ccn(C)c1,N#CC(C#N)C#N,CCCC[n+]1ccn(C)c1.N#CC(C#N)C#N,exclude,1,0,False,neutral_component_or_incorrect_ion_role
co2,non_test,4390,CCCC[n+]1ccn(C)c1,N#CC(C#N)C#N,CCCC[n+]1ccn(C)c1.N#CC(C#N)C#N,exclude,1,0,False,neutral_component_or_incorrect_ion_role
co2,non_test,4489,CCCC[n+]1ccn(C)c1,N#CC(C#N)C#N,CCCC[n+]1ccn(C)c1.N#CC(C#N)C#N,exclude,1,0,False,neutral_component_or_incorrect_ion_role
co2,non_test,4539,CCCC[n+]1ccn(C)c1,N#CC(C#N)C#N,CCCC[n+]1ccn(C)c1.N#CC(C#N)C#N,exclude,1,0,False,neutral_component_or_incorrect_ion_role
co2,non_test,4631,CCCC[n+]1ccn(C)c1,N#CC(C#N)C#N,CCCC[n+]1ccn(C)c1.N#CC(C#N)C#N,exclude,1,0,False,neutral_component_or_incorrect_ion_role
co2,non_test,4734,CCCC[n+]1ccn(C)c1,N#CC(C#N)C#N,CCCC[n+]1ccn(C)c1.N#CC(C#N)C#N,exclude,1,0,False,neutral_component_or_incorrect_ion_role
co2,non_test,4836,CCCC[n+]1ccn(C)c1,N#CC(C#N)C#N,CCCC[n+]1ccn(C)c1.N#CC(C#N)C#N,exclude,1,0,False,neutral_component_or_incorrect_ion_role
co2,non_test,4913,CCCC[n+]1ccn(C)c1,N#CC(C#N)C#N,CCCC[n+]1ccn(C)c1.N#CC(C#N)C#N,exclude,1,0,False,neutral_component_or_incorrect_ion_role
co2,non_test,5213,CCCC[n+]1ccn(C)c1,N#CC(C#N)C#N,CCCC[n+]1ccn(C)c1.N#CC(C#N)C#N,exclude,1,0,False,neutral_component_or_incorrect_ion_role
co2,non_test,5725,CCCC[n+]1ccn(C)c1,N#CC(C#N)C#N,CCCC[n+]1ccn(C)c1.N#CC(C#N)C#N,exclude,1,0,False,neutral_component_or_incorrect_ion_role
co2,non_test,5987,CCCC[n+]1ccn(C)c1,N#CC(C#N)C#N,CCCC[n+]1ccn(C)c1.N#CC(C#N)C#N,exclude,1,0,False,neutral_component_or_incorrect_ion_role
co2,non_test,5988,CCCC[n+]1ccn(C)c1,N#CC(C#N)C#N,CCCC[n+]1ccn(C)c1.N#CC(C#N)C#N,exclude,1,0,False,neutral_component_or_incorrect_ion_role
co2,non_test,5989,CCCC[n+]1ccn(C)c1,N#CC(C#N)C#N,CCCC[n+]1ccn(C)c1.N#CC(C#N)C#N,exclude,1,0,False,neutral_component_or_incorrect_ion_role
co2,non_test,5990,CCCC[n+]1ccn(C)c1,N#CC(C#N)C#N,CCCC[n+]1ccn(C)c1.N#CC(C#N)C#N,exclude,1,0,False,neutral_component_or_incorrect_ion_role
co2,non_test,5991,CCCC[n+]1ccn(C)c1,N#CC(C#N)C#N,CCCC[n+]1ccn(C)c1.N#CC(C#N)C#N,exclude,1,0,False,neutral_component_or_incorrect_ion_role
co2,non_test,6029,CCCC[n+]1ccn(C)c1,N#CC(C#N)C#N,CCCC[n+]1ccn(C)c1.N#CC(C#N)C#N,exclude,1,0,False,neutral_component_or_incorrect_ion_role
co2,non_test,6112,CCCC[n+]1ccn(C)c1,N#CC(C#N)C#N,CCCC[n+]1ccn(C)c1.N#CC(C#N)C#N,exclude,1,0,False,neutral_component_or_incorrect_ion_role
co2,non_test,6126,CCCC[n+]1ccn(C)c1,N#CC(C#N)C#N,CCCC[n+]1ccn(C)c1.N#CC(C#N)C#N,exclude,1,0,False,neutral_component_or_incorrect_ion_role
co2,non_test,6130,CCCC[n+]1ccn(C)c1,N#CC(C#N)C#N,CCCC[n+]1ccn(C)c1.N#CC(C#N)C#N,exclude,1,0,False,neutral_component_or_incorrect_ion_role
co2,non_test,6263,CCCC[n+]1ccn(C)c1,N#CC(C#N)C#N,CCCC[n+]1ccn(C)c1.N#CC(C#N)C#N,exclude,1,0,False,neutral_component_or_incorrect_ion_role
co2,non_test,6265,CCCC[n+]1ccn(C)c1,N#CC(C#N)C#N,CCCC[n+]1ccn(C)c1.N#CC(C#N)C#N,exclude,1,0,False,neutral_component_or_incorrect_ion_role
co2,non_test,6383,CCCC[n+]1ccn(C)c1,N#CC(C#N)C#N,CCCC[n+]1ccn(C)c1.N#CC(C#N)C#N,exclude,1,0,False,neutral_component_or_incorrect_ion_role
co2,non_test,6480,CCCC[n+]1ccn(C)c1,N#CC(C#N)C#N,CCCC[n+]1ccn(C)c1.N#CC(C#N)C#N,exclude,1,0,False,neutral_component_or_incorrect_ion_role
co2,non_test,6481,CCCC[n+]1ccn(C)c1,N#CC(C#N)C#N,CCCC[n+]1ccn(C)c1.N#CC(C#N)C#N,exclude,1,0,False,neutral_component_or_incorrect_ion_role
co2,non_test,6482,CCCC[n+]1ccn(C)c1,N#CC(C#N)C#N,CCCC[n+]1ccn(C)c1.N#CC(C#N)C#N,exclude,1,0,False,neutral_component_or_incorrect_ion_role
co2,non_test,6483,CCCC[n+]1ccn(C)c1,N#CC(C#N)C#N,CCCC[n+]1ccn(C)c1.N#CC(C#N)C#N,exclude,1,0,False,neutral_component_or_incorrect_ion_role
co2,non_test,6484,CCCC[n+]1ccn(C)c1,N#CC(C#N)C#N,CCCC[n+]1ccn(C)c1.N#CC(C#N)C#N,exclude,1,0,False,neutral_component_or_incorrect_ion_role
co2,non_test,6590,CCCC[n+]1ccn(C)c1,N#CC(C#N)C#N,CCCC[n+]1ccn(C)c1.N#CC(C#N)C#N,exclude,1,0,False,neutral_component_or_incorrect_ion_role
co2,non_test,6591,CCCC[n+]1ccn(C)c1,N#CC(C#N)C#N,CCCC[n+]1ccn(C)c1.N#CC(C#N)C#N,exclude,1,0,False,neutral_component_or_incorrect_ion_role
co2,non_test,6658,CCCC[n+]1ccn(C)c1,N#CC(C#N)C#N,CCCC[n+]1ccn(C)c1.N#CC(C#N)C#N,exclude,1,0,False,neutral_component_or_incorrect_ion_role
co2,non_test,6679,CCCC[n+]1ccn(C)c1,N#CC(C#N)C#N,CCCC[n+]1ccn(C)c1.N#CC(C#N)C#N,exclude,1,0,False,neutral_component_or_incorrect_ion_role
co2,non_test,6762,CCCC[n+]1ccn(C)c1,N#CC(C#N)C#N,CCCC[n+]1ccn(C)c1.N#CC(C#N)C#N,exclude,1,0,False,neutral_component_or_incorrect_ion_role
co2,non_test,6767,CCCC[n+]1ccn(C)c1,N#CC(C#N)C#N,CCCC[n+]1ccn(C)c1.N#CC(C#N)C#N,exclude,1,0,False,neutral_component_or_incorrect_ion_role
co2,non_test,6779,CCCC[n+]1ccn(C)c1,N#CC(C#N)C#N,CCCC[n+]1ccn(C)c1.N#CC(C#N)C#N,exclude,1,0,False,neutral_component_or_incorrect_ion_role
co2,non_test,6791,CCCC[n+]1ccn(C)c1,N#CC(C#N)C#N,CCCC[n+]1ccn(C)c1.N#CC(C#N)C#N,exclude,1,0,False,neutral_component_or_incorrect_ion_role
co2,non_test,6802,CCCC[n+]1ccn(C)c1,N#CC(C#N)C#N,CCCC[n+]1ccn(C)c1.N#CC(C#N)C#N,exclude,1,0,False,neutral_component_or_incorrect_ion_role
co2,non_test,6815,CCCC[n+]1ccn(C)c1,N#CC(C#N)C#N,CCCC[n+]1ccn(C)c1.N#CC(C#N)C#N,exclude,1,0,False,neutral_component_or_incorrect_ion_role
co2,non_test,6849,CCCC[n+]1ccn(C)c1,N#CC(C#N)C#N,CCCC[n+]1ccn(C)c1.N#CC(C#N)C#N,exclude,1,0,False,neutral_component_or_incorrect_ion_role
co2,non_test,6888,CCCC[n+]1ccn(C)c1,N#CC(C#N)C#N,CCCC[n+]1ccn(C)c1.N#CC(C#N)C#N,exclude,1,0,False,neutral_component_or_incorrect_ion_role
co2,non_test,6923,CCCC[n+]1ccn(C)c1,N#CC(C#N)C#N,CCCC[n+]1ccn(C)c1.N#CC(C#N)C#N,exclude,1,0,False,neutral_component_or_incorrect_ion_role
co2,non_test,6965,CCCC[n+]1ccn(C)c1,N#CC(C#N)C#N,CCCC[n+]1ccn(C)c1.N#CC(C#N)C#N,exclude,1,0,False,neutral_component_or_incorrect_ion_role
co2,non_test,6971,CCCC[n+]1ccn(C)c1,N#CC(C#N)C#N,CCCC[n+]1ccn(C)c1.N#CC(C#N)C#N,exclude,1,0,False,neutral_component_or_incorrect_ion_role
co2,non_test,7026,CCCC[n+]1ccn(C)c1,N#CC(C#N)C#N,CCCC[n+]1ccn(C)c1.N#CC(C#N)C#N,exclude,1,0,False,neutral_component_or_incorrect_ion_role
co2,non_test,7090,CCCC[n+]1ccn(C)c1,N#CC(C#N)C#N,CCCC[n+]1ccn(C)c1.N#CC(C#N)C#N,exclude,1,0,False,neutral_component_or_incorrect_ion_role
co2,non_test,7185,CCCC[n+]1ccn(C)c1,N#CC(C#N)C#N,CCCC[n+]1ccn(C)c1.N#CC(C#N)C#N,exclude,1,0,False,neutral_component_or_incorrect_ion_role
co2,non_test,7202,CCCC[n+]1ccn(C)c1,N#CC(C#N)C#N,CCCC[n+]1ccn(C)c1.N#CC(C#N)C#N,exclude,1,0,False,neutral_component_or_incorrect_ion_role
co2,non_test,7244,CCCC[n+]1ccn(C)c1,N#CC(C#N)C#N,CCCC[n+]1ccn(C)c1.N#CC(C#N)C#N,exclude,1,0,False,neutral_component_or_incorrect_ion_role
co2,non_test,7271,CCCC[n+]1ccn(C)c1,N#CC(C#N)C#N,CCCC[n+]1ccn(C)c1.N#CC(C#N)C#N,exclude,1,0,False,neutral_component_or_incorrect_ion_role
co2,non_test,7290,CCCC[n+]1ccn(C)c1,N#CC(C#N)C#N,CCCC[n+]1ccn(C)c1.N#CC(C#N)C#N,exclude,1,0,False,neutral_component_or_incorrect_ion_role
co2,non_test,7353,CCCC[n+]1ccn(C)c1,N#CC(C#N)C#N,CCCC[n+]1ccn(C)c1.N#CC(C#N)C#N,exclude,1,0,False,neutral_component_or_incorrect_ion_role
co2,non_test,7368,CCCC[n+]1ccn(C)c1,N#CC(C#N)C#N,CCCC[n+]1ccn(C)c1.N#CC(C#N)C#N,exclude,1,0,False,neutral_component_or_incorrect_ion_role
co2,non_test,7384,CCCC[n+]1ccn(C)c1,N#CC(C#N)C#N,CCCC[n+]1ccn(C)c1.N#CC(C#N)C#N,exclude,1,0,False,neutral_component_or_incorrect_ion_role
co2,non_test,7440,CCCC[n+]1ccn(C)c1,N#CC(C#N)C#N,CCCC[n+]1ccn(C)c1.N#CC(C#N)C#N,exclude,1,0,False,neutral_component_or_incorrect_ion_role
co2,non_test,7442,CCCC[n+]1ccn(C)c1,N#CC(C#N)C#N,CCCC[n+]1ccn(C)c1.N#CC(C#N)C#N,exclude,1,0,False,neutral_component_or_incorrect_ion_role
co2,non_test,7459,CCCC[n+]1ccn(C)c1,N#CC(C#N)C#N,CCCC[n+]1ccn(C)c1.N#CC(C#N)C#N,exclude,1,0,False,neutral_component_or_incorrect_ion_role
co2,non_test,7479,CCCC[n+]1ccn(C)c1,N#CC(C#N)C#N,CCCC[n+]1ccn(C)c1.N#CC(C#N)C#N,exclude,1,0,False,neutral_component_or_incorrect_ion_role
co2,non_test,7487,CCCC[n+]1ccn(C)c1,N#CC(C#N)C#N,CCCC[n+]1ccn(C)c1.N#CC(C#N)C#N,exclude,1,0,False,neutral_component_or_incorrect_ion_role
co2,non_test,7543,CCCC[n+]1ccn(C)c1,N#CC(C#N)C#N,CCCC[n+]1ccn(C)c1.N#CC(C#N)C#N,exclude,1,0,False,neutral_component_or_incorrect_ion_role
co2,non_test,7564,CCCC[n+]1ccn(C)c1,N#CC(C#N)C#N,CCCC[n+]1ccn(C)c1.N#CC(C#N)C#N,exclude,1,0,False,neutral_component_or_incorrect_ion_role
co2,non_test,7580,CCCC[n+]1ccn(C)c1,N#CC(C#N)C#N,CCCC[n+]1ccn(C)c1.N#CC(C#N)C#N,exclude,1,0,False,neutral_component_or_incorrect_ion_role
co2,non_test,7652,CCCC[n+]1ccn(C)c1,N#CC(C#N)C#N,CCCC[n+]1ccn(C)c1.N#CC(C#N)C#N,exclude,1,0,False,neutral_component_or_incorrect_ion_role
co2,non_test,7679,CCCC[n+]1ccn(C)c1,N#CC(C#N)C#N,CCCC[n+]1ccn(C)c1.N#CC(C#N)C#N,exclude,1,0,False,neutral_component_or_incorrect_ion_role
co2,non_test,7705,CCCC[n+]1ccn(C)c1,N#CC(C#N)C#N,CCCC[n+]1ccn(C)c1.N#CC(C#N)C#N,exclude,1,0,False,neutral_component_or_incorrect_ion_role
co2,non_test,7729,CCCC[n+]1ccn(C)c1,N#CC(C#N)C#N,CCCC[n+]1ccn(C)c1.N#CC(C#N)C#N,exclude,1,0,False,neutral_component_or_incorrect_ion_role
co2,non_test,7738,CCCC[n+]1ccn(C)c1,N#CC(C#N)C#N,CCCC[n+]1ccn(C)c1.N#CC(C#N)C#N,exclude,1,0,False,neutral_component_or_incorrect_ion_role
co2,non_test,7914,CCCC[n+]1ccn(C)c1,N#CC(C#N)C#N,CCCC[n+]1ccn(C)c1.N#CC(C#N)C#N,exclude,1,0,False,neutral_component_or_incorrect_ion_role
co2,non_test,8108,CCCC[n+]1ccn(C)c1,N#CC(C#N)C#N,CCCC[n+]1ccn(C)c1.N#CC(C#N)C#N,exclude,1,0,False,neutral_component_or_incorrect_ion_role
co2,non_test,8387,CCCC[n+]1ccn(C)c1,N#CC(C#N)C#N,CCCC[n+]1ccn(C)c1.N#CC(C#N)C#N,exclude,1,0,False,neutral_component_or_incorrect_ion_role
co2,non_test,8388,CCCC[n+]1ccn(C)c1,N#CC(C#N)C#N,CCCC[n+]1ccn(C)c1.N#CC(C#N)C#N,exclude,1,0,False,neutral_component_or_incorrect_ion_role
co2,non_test,8389,CCCC[n+]1ccn(C)c1,N#CC(C#N)C#N,CCCC[n+]1ccn(C)c1.N#CC(C#N)C#N,exclude,1,0,False,neutral_component_or_incorrect_ion_role
co2,non_test,8390,CCCC[n+]1ccn(C)c1,N#CC(C#N)C#N,CCCC[n+]1ccn(C)c1.N#CC(C#N)C#N,exclude,1,0,False,neutral_component_or_incorrect_ion_role
co2,non_test,8391,CCCC[n+]1ccn(C)c1,N#CC(C#N)C#N,CCCC[n+]1ccn(C)c1.N#CC(C#N)C#N,exclude,1,0,False,neutral_component_or_incorrect_ion_role
co2,non_test,8406,CCCC[n+]1ccn(C)c1,N#CC(C#N)C#N,CCCC[n+]1ccn(C)c1.N#CC(C#N)C#N,exclude,1,0,False,neutral_component_or_incorrect_ion_role
co2,non_test,8424,CCCC[n+]1ccn(C)c1,N#CC(C#N)C#N,CCCC[n+]1ccn(C)c1.N#CC(C#N)C#N,exclude,1,0,False,neutral_component_or_incorrect_ion_role
co2,non_test,8426,CCCC[n+]1ccn(C)c1,N#CC(C#N)C#N,CCCC[n+]1ccn(C)c1.N#CC(C#N)C#N,exclude,1,0,False,neutral_component_or_incorrect_ion_role
co2,non_test,8428,CCCC[n+]1ccn(C)c1,N#CC(C#N)C#N,CCCC[n+]1ccn(C)c1.N#CC(C#N)C#N,exclude,1,0,False,neutral_component_or_incorrect_ion_role
co2,non_test,8444,CCCC[n+]1ccn(C)c1,N#CC(C#N)C#N,CCCC[n+]1ccn(C)c1.N#CC(C#N)C#N,exclude,1,0,False,neutral_component_or_incorrect_ion_role
co2,non_test,8480,CCCC[n+]1ccn(C)c1,N#CC(C#N)C#N,CCCC[n+]1ccn(C)c1.N#CC(C#N)C#N,exclude,1,0,False,neutral_component_or_incorrect_ion_role
co2,non_test,8488,CCCC[n+]1ccn(C)c1,N#CC(C#N)C#N,CCCC[n+]1ccn(C)c1.N#CC(C#N)C#N,exclude,1,0,False,neutral_component_or_incorrect_ion_role
co2,non_test,8548,CCCC[n+]1ccn(C)c1,N#CC(C#N)C#N,CCCC[n+]1ccn(C)c1.N#CC(C#N)C#N,exclude,1,0,False,neutral_component_or_incorrect_ion_role
co2,non_test,8549,CCCC[n+]1ccn(C)c1,N#CC(C#N)C#N,CCCC[n+]1ccn(C)c1.N#CC(C#N)C#N,exclude,1,0,False,neutral_component_or_incorrect_ion_role
co2,non_test,8550,CCCC[n+]1ccn(C)c1,N#CC(C#N)C#N,CCCC[n+]1ccn(C)c1.N#CC(C#N)C#N,exclude,1,0,False,neutral_component_or_incorrect_ion_role
co2,non_test,8551,CCCC[n+]1ccn(C)c1,N#CC(C#N)C#N,CCCC[n+]1ccn(C)c1.N#CC(C#N)C#N,exclude,1,0,False,neutral_component_or_incorrect_ion_role
co2,non_test,8552,CCCC[n+]1ccn(C)c1,N#CC(C#N)C#N,CCCC[n+]1ccn(C)c1.N#CC(C#N)C#N,exclude,1,0,False,neutral_component_or_incorrect_ion_role
co2,non_test,8643,CCCC[n+]1ccn(C)c1,N#CC(C#N)C#N,CCCC[n+]1ccn(C)c1.N#CC(C#N)C#N,exclude,1,0,False,neutral_component_or_incorrect_ion_role
co2,non_test,8695,CCCC[n+]1ccn(C)c1,N#CC(C#N)C#N,CCCC[n+]1ccn(C)c1.N#CC(C#N)C#N,exclude,1,0,False,neutral_component_or_incorrect_ion_role
co2,non_test,8698,CCCC[n+]1ccn(C)c1,N#CC(C#N)C#N,CCCC[n+]1ccn(C)c1.N#CC(C#N)C#N,exclude,1,0,False,neutral_component_or_incorrect_ion_role
co2,non_test,8701,CCCC[n+]1ccn(C)c1,N#CC(C#N)C#N,CCCC[n+]1ccn(C)c1.N#CC(C#N)C#N,exclude,1,0,False,neutral_component_or_incorrect_ion_role
co2,non_test,8707,CCCC[n+]1ccn(C)c1,N#CC(C#N)C#N,CCCC[n+]1ccn(C)c1.N#CC(C#N)C#N,exclude,1,0,False,neutral_component_or_incorrect_ion_role
co2,non_test,8888,CCCC[n+]1ccn(C)c1,N#CC(C#N)C#N,CCCC[n+]1ccn(C)c1.N#CC(C#N)C#N,exclude,1,0,False,neutral_component_or_incorrect_ion_role
co2,non_test,8894,CCCC[n+]1ccn(C)c1,N#CC(C#N)C#N,CCCC[n+]1ccn(C)c1.N#CC(C#N)C#N,exclude,1,0,False,neutral_component_or_incorrect_ion_role
co2,non_test,8904,CCCC[n+]1ccn(C)c1,N#CC(C#N)C#N,CCCC[n+]1ccn(C)c1.N#CC(C#N)C#N,exclude,1,0,False,neutral_component_or_incorrect_ion_role
co2,non_test,8911,CCCC[n+]1ccn(C)c1,N#CC(C#N)C#N,CCCC[n+]1ccn(C)c1.N#CC(C#N)C#N,exclude,1,0,False,neutral_component_or_incorrect_ion_role
co2,non_test,8922,CCCC[n+]1ccn(C)c1,N#CC(C#N)C#N,CCCC[n+]1ccn(C)c1.N#CC(C#N)C#N,exclude,1,0,False,neutral_component_or_incorrect_ion_role
co2,non_test,8933,CCCC[n+]1ccn(C)c1,N#CC(C#N)C#N,CCCC[n+]1ccn(C)c1.N#CC(C#N)C#N,exclude,1,0,False,neutral_component_or_incorrect_ion_role
co2,non_test,8968,CCCC[n+]1ccn(C)c1,N#CC(C#N)C#N,CCCC[n+]1ccn(C)c1.N#CC(C#N)C#N,exclude,1,0,False,neutral_component_or_incorrect_ion_role
co2,non_test,9013,CCCC[n+]1ccn(C)c1,N#CC(C#N)C#N,CCCC[n+]1ccn(C)c1.N#CC(C#N)C#N,exclude,1,0,False,neutral_component_or_incorrect_ion_role
co2,non_test,9068,CCCC[n+]1ccn(C)c1,N#CC(C#N)C#N,CCCC[n+]1ccn(C)c1.N#CC(C#N)C#N,exclude,1,0,False,neutral_component_or_incorrect_ion_role
co2,non_test,9127,CCCC[n+]1ccn(C)c1,N#CC(C#N)C#N,CCCC[n+]1ccn(C)c1.N#CC(C#N)C#N,exclude,1,0,False,neutral_component_or_incorrect_ion_role
co2,non_test,9195,CCCC[n+]1ccn(C)c1,N#CC(C#N)C#N,CCCC[n+]1ccn(C)c1.N#CC(C#N)C#N,exclude,1,0,False,neutral_component_or_incorrect_ion_role
co2,non_test,9277,CCCC[n+]1ccn(C)c1,N#CC(C#N)C#N,CCCC[n+]1ccn(C)c1.N#CC(C#N)C#N,exclude,1,0,False,neutral_component_or_incorrect_ion_role
co2,non_test,9432,CCCC[n+]1ccn(C)c1,N#CC(C#N)C#N,CCCC[n+]1ccn(C)c1.N#CC(C#N)C#N,exclude,1,0,False,neutral_component_or_incorrect_ion_role
co2,non_test,9675,CCCC[n+]1ccn(C)c1,N#CC(C#N)C#N,CCCC[n+]1ccn(C)c1.N#CC(C#N)C#N,exclude,1,0,False,neutral_component_or_incorrect_ion_role
co2,non_test,9688,CCCC[n+]1ccn(C)c1,N#CC(C#N)C#N,CCCC[n+]1ccn(C)c1.N#CC(C#N)C#N,exclude,1,0,False,neutral_component_or_incorrect_ion_role
co2,non_test,9700,CCCC[n+]1ccn(C)c1,N#CC(C#N)C#N,CCCC[n+]1ccn(C)c1.N#CC(C#N)C#N,exclude,1,0,False,neutral_component_or_incorrect_ion_role
co2,non_test,10345,CCCC[n+]1ccn(C)c1,N#CC(C#N)C#N,CCCC[n+]1ccn(C)c1.N#CC(C#N)C#N,exclude,1,0,False,neutral_component_or_incorrect_ion_role
co2,non_test,10347,CCCC[n+]1ccn(C)c1,N#CC(C#N)C#N,CCCC[n+]1ccn(C)c1.N#CC(C#N)C#N,exclude,1,0,False,neutral_component_or_incorrect_ion_role
co2,non_test,10348,CCCC[n+]1ccn(C)c1,N#CC(C#N)C#N,CCCC[n+]1ccn(C)c1.N#CC(C#N)C#N,exclude,1,0,False,neutral_component_or_incorrect_ion_role
co2,non_test,10349,CCCC[n+]1ccn(C)c1,N#CC(C#N)C#N,CCCC[n+]1ccn(C)c1.N#CC(C#N)C#N,exclude,1,0,False,neutral_component_or_incorrect_ion_role
co2,non_test,10366,CCCC[n+]1ccn(C)c1,N#CC(C#N)C#N,CCCC[n+]1ccn(C)c1.N#CC(C#N)C#N,exclude,1,0,False,neutral_component_or_incorrect_ion_role
co2,non_test,10367,CCCC[n+]1ccn(C)c1,N#CC(C#N)C#N,CCCC[n+]1ccn(C)c1.N#CC(C#N)C#N,exclude,1,0,False,neutral_component_or_incorrect_ion_role
co2,non_test,10424,CCCC[n+]1ccn(C)c1,N#CC(C#N)C#N,CCCC[n+]1ccn(C)c1.N#CC(C#N)C#N,exclude,1,0,False,neutral_component_or_incorrect_ion_role
co2,non_test,10428,CCCC[n+]1ccn(C)c1,N#CC(C#N)C#N,CCCC[n+]1ccn(C)c1.N#CC(C#N)C#N,exclude,1,0,False,neutral_component_or_incorrect_ion_role
co2,non_test,10443,CCCC[n+]1ccn(C)c1,N#CC(C#N)C#N,CCCC[n+]1ccn(C)c1.N#CC(C#N)C#N,exclude,1,0,False,neutral_component_or_incorrect_ion_role
co2,non_test,10535,CCCC[n+]1ccn(C)c1,N#CC(C#N)C#N,CCCC[n+]1ccn(C)c1.N#CC(C#N)C#N,exclude,1,0,False,neutral_component_or_incorrect_ion_role
co2,non_test,10536,CCCC[n+]1ccn(C)c1,N#CC(C#N)C#N,CCCC[n+]1ccn(C)c1.N#CC(C#N)C#N,exclude,1,0,False,neutral_component_or_incorrect_ion_role
co2,non_test,10567,CCCC[n+]1ccn(C)c1,N#CC(C#N)C#N,CCCC[n+]1ccn(C)c1.N#CC(C#N)C#N,exclude,1,0,False,neutral_component_or_incorrect_ion_role
co2,non_test,10568,CCCC[n+]1ccn(C)c1,N#CC(C#N)C#N,CCCC[n+]1ccn(C)c1.N#CC(C#N)C#N,exclude,1,0,False,neutral_component_or_incorrect_ion_role
co2,non_test,10570,CCCC[n+]1ccn(C)c1,N#CC(C#N)C#N,CCCC[n+]1ccn(C)c1.N#CC(C#N)C#N,exclude,1,0,False,neutral_component_or_incorrect_ion_role
co2,non_test,10571,CCCC[n+]1ccn(C)c1,N#CC(C#N)C#N,CCCC[n+]1ccn(C)c1.N#CC(C#N)C#N,exclude,1,0,False,neutral_component_or_incorrect_ion_role
co2,non_test,10573,CCCC[n+]1ccn(C)c1,N#CC(C#N)C#N,CCCC[n+]1ccn(C)c1.N#CC(C#N)C#N,exclude,1,0,False,neutral_component_or_incorrect_ion_role
co2,non_test,10579,CCCC[n+]1ccn(C)c1,N#CC(C#N)C#N,CCCC[n+]1ccn(C)c1.N#CC(C#N)C#N,exclude,1,0,False,neutral_component_or_incorrect_ion_role
co2,non_test,10585,CCCC[n+]1ccn(C)c1,N#CC(C#N)C#N,CCCC[n+]1ccn(C)c1.N#CC(C#N)C#N,exclude,1,0,False,neutral_component_or_incorrect_ion_role
co2,non_test,10588,CCCC[n+]1ccn(C)c1,N#CC(C#N)C#N,CCCC[n+]1ccn(C)c1.N#CC(C#N)C#N,exclude,1,0,False,neutral_component_or_incorrect_ion_role
co2,non_test,10592,CCCC[n+]1ccn(C)c1,N#CC(C#N)C#N,CCCC[n+]1ccn(C)c1.N#CC(C#N)C#N,exclude,1,0,False,neutral_component_or_incorrect_ion_role
co2,non_test,10603,CCCC[n+]1ccn(C)c1,N#CC(C#N)C#N,CCCC[n+]1ccn(C)c1.N#CC(C#N)C#N,exclude,1,0,False,neutral_component_or_incorrect_ion_role
co2,non_test,10604,CCCC[n+]1ccn(C)c1,N#CC(C#N)C#N,CCCC[n+]1ccn(C)c1.N#CC(C#N)C#N,exclude,1,0,False,neutral_component_or_incorrect_ion_role
co2,non_test,10607,CCCC[n+]1ccn(C)c1,N#CC(C#N)C#N,CCCC[n+]1ccn(C)c1.N#CC(C#N)C#N,exclude,1,0,False,neutral_component_or_incorrect_ion_role
co2,non_test,10615,CCCC[n+]1ccn(C)c1,N#CC(C#N)C#N,CCCC[n+]1ccn(C)c1.N#CC(C#N)C#N,exclude,1,0,False,neutral_component_or_incorrect_ion_role
co2,non_test,10626,CCCC[n+]1ccn(C)c1,N#CC(C#N)C#N,CCCC[n+]1ccn(C)c1.N#CC(C#N)C#N,exclude,1,0,False,neutral_component_or_incorrect_ion_role
co2,non_test,10629,CCCC[n+]1ccn(C)c1,N#CC(C#N)C#N,CCCC[n+]1ccn(C)c1.N#CC(C#N)C#N,exclude,1,0,False,neutral_component_or_incorrect_ion_role
co2,non_test,10631,CCCC[n+]1ccn(C)c1,N#CC(C#N)C#N,CCCC[n+]1ccn(C)c1.N#CC(C#N)C#N,exclude,1,0,False,neutral_component_or_incorrect_ion_role
co2,non_test,10638,CCCC[n+]1ccn(C)c1,N#CC(C#N)C#N,CCCC[n+]1ccn(C)c1.N#CC(C#N)C#N,exclude,1,0,False,neutral_component_or_incorrect_ion_role
co2,non_test,10642,CCCC[n+]1ccn(C)c1,N#CC(C#N)C#N,CCCC[n+]1ccn(C)c1.N#CC(C#N)C#N,exclude,1,0,False,neutral_component_or_incorrect_ion_role
co2,non_test,10656,CCCC[n+]1ccn(C)c1,N#CC(C#N)C#N,CCCC[n+]1ccn(C)c1.N#CC(C#N)C#N,exclude,1,0,False,neutral_component_or_incorrect_ion_role
co2,non_test,10660,CCCC[n+]1ccn(C)c1,N#CC(C#N)C#N,CCCC[n+]1ccn(C)c1.N#CC(C#N)C#N,exclude,1,0,False,neutral_component_or_incorrect_ion_role
co2,non_test,10723,CCCC[n+]1ccn(C)c1,N#CC(C#N)C#N,CCCC[n+]1ccn(C)c1.N#CC(C#N)C#N,exclude,1,0,False,neutral_component_or_incorrect_ion_role
co2,non_test,10724,CCCC[n+]1ccn(C)c1,N#CC(C#N)C#N,CCCC[n+]1ccn(C)c1.N#CC(C#N)C#N,exclude,1,0,False,neutral_component_or_incorrect_ion_role
co2,non_test,10725,CCCC[n+]1ccn(C)c1,N#CC(C#N)C#N,CCCC[n+]1ccn(C)c1.N#CC(C#N)C#N,exclude,1,0,False,neutral_component_or_incorrect_ion_role
co2,non_test,10798,CCCC[n+]1ccn(C)c1,N#CC(C#N)C#N,CCCC[n+]1ccn(C)c1.N#CC(C#N)C#N,exclude,1,0,False,neutral_component_or_incorrect_ion_role
co2,non_test,10821,CCCC[n+]1ccn(C)c1,N#CC(C#N)C#N,CCCC[n+]1ccn(C)c1.N#CC(C#N)C#N,exclude,1,0,False,neutral_component_or_incorrect_ion_role
co2,non_test,10832,CCCC[n+]1ccn(C)c1,N#CC(C#N)C#N,CCCC[n+]1ccn(C)c1.N#CC(C#N)C#N,exclude,1,0,False,neutral_component_or_incorrect_ion_role
co2,non_test,10867,CCCC[n+]1ccn(C)c1,N#CC(C#N)C#N,CCCC[n+]1ccn(C)c1.N#CC(C#N)C#N,exclude,1,0,False,neutral_component_or_incorrect_ion_role
co2,non_test,10900,CCCC[n+]1ccn(C)c1,N#CC(C#N)C#N,CCCC[n+]1ccn(C)c1.N#CC(C#N)C#N,exclude,1,0,False,neutral_component_or_incorrect_ion_role
co2,non_test,10905,CCCC[n+]1ccn(C)c1,N#CC(C#N)C#N,CCCC[n+]1ccn(C)c1.N#CC(C#N)C#N,exclude,1,0,False,neutral_component_or_incorrect_ion_role
co2,non_test,10916,CCCC[n+]1ccn(C)c1,N#CC(C#N)C#N,CCCC[n+]1ccn(C)c1.N#CC(C#N)C#N,exclude,1,0,False,neutral_component_or_incorrect_ion_role
co2,non_test,10924,CCCC[n+]1ccn(C)c1,N#CC(C#N)C#N,CCCC[n+]1ccn(C)c1.N#CC(C#N)C#N,exclude,1,0,False,neutral_component_or_incorrect_ion_role
co2,non_test,10935,CCCC[n+]1ccn(C)c1,N#CC(C#N)C#N,CCCC[n+]1ccn(C)c1.N#CC(C#N)C#N,exclude,1,0,False,neutral_component_or_incorrect_ion_role
co2,non_test,10945,CCCC[n+]1ccn(C)c1,N#CC(C#N)C#N,CCCC[n+]1ccn(C)c1.N#CC(C#N)C#N,exclude,1,0,False,neutral_component_or_incorrect_ion_role
co2,non_test,10973,CCCC[n+]1ccn(C)c1,N#CC(C#N)C#N,CCCC[n+]1ccn(C)c1.N#CC(C#N)C#N,exclude,1,0,False,neutral_component_or_incorrect_ion_role
co2,non_test,11002,CCCC[n+]1ccn(C)c1,N#CC(C#N)C#N,CCCC[n+]1ccn(C)c1.N#CC(C#N)C#N,exclude,1,0,False,neutral_component_or_incorrect_ion_role
co2,non_test,11027,CCCC[n+]1ccn(C)c1,N#CC(C#N)C#N,CCCC[n+]1ccn(C)c1.N#CC(C#N)C#N,exclude,1,0,False,neutral_component_or_incorrect_ion_role
co2,non_test,11065,CCCC[n+]1ccn(C)c1,N#CC(C#N)C#N,CCCC[n+]1ccn(C)c1.N#CC(C#N)C#N,exclude,1,0,False,neutral_component_or_incorrect_ion_role
co2,non_test,11098,CCCC[n+]1ccn(C)c1,N#CC(C#N)C#N,CCCC[n+]1ccn(C)c1.N#CC(C#N)C#N,exclude,1,0,False,neutral_component_or_incorrect_ion_role
co2,non_test,11139,CCCC[n+]1ccn(C)c1,N#CC(C#N)C#N,CCCC[n+]1ccn(C)c1.N#CC(C#N)C#N,exclude,1,0,False,neutral_component_or_incorrect_ion_role
co2,non_test,11207,CCCC[n+]1ccn(C)c1,N#CC(C#N)C#N,CCCC[n+]1ccn(C)c1.N#CC(C#N)C#N,exclude,1,0,False,neutral_component_or_incorrect_ion_role
co2,non_test,11248,CCCC[n+]1ccn(C)c1,N#CC(C#N)C#N,CCCC[n+]1ccn(C)c1.N#CC(C#N)C#N,exclude,1,0,False,neutral_component_or_incorrect_ion_role
co2,non_test,11353,CCCC[n+]1ccn(C)c1,N#CC(C#N)C#N,CCCC[n+]1ccn(C)c1.N#CC(C#N)C#N,exclude,1,0,False,neutral_component_or_incorrect_ion_role
co2,non_test,11451,CCCC[n+]1ccn(C)c1,N#CC(C#N)C#N,CCCC[n+]1ccn(C)c1.N#CC(C#N)C#N,exclude,1,0,False,neutral_component_or_incorrect_ion_role
co2,non_test,11712,CCCC[n+]1ccn(C)c1,N#CC(C#N)C#N,CCCC[n+]1ccn(C)c1.N#CC(C#N)C#N,exclude,1,0,False,neutral_component_or_incorrect_ion_role
co2,non_test,11713,CCCC[n+]1ccn(C)c1,N#CC(C#N)C#N,CCCC[n+]1ccn(C)c1.N#CC(C#N)C#N,exclude,1,0,False,neutral_component_or_incorrect_ion_role
co2,non_test,11714,CCCC[n+]1ccn(C)c1,N#CC(C#N)C#N,CCCC[n+]1ccn(C)c1.N#CC(C#N)C#N,exclude,1,0,False,neutral_component_or_incorrect_ion_role
co2,non_test,11738,CCCC[n+]1ccn(C)c1,N#CC(C#N)C#N,CCCC[n+]1ccn(C)c1.N#CC(C#N)C#N,exclude,1,0,False,neutral_component_or_incorrect_ion_role
co2,non_test,11748,CCCC[n+]1ccn(C)c1,N#CC(C#N)C#N,CCCC[n+]1ccn(C)c1.N#CC(C#N)C#N,exclude,1,0,False,neutral_component_or_incorrect_ion_role
co2,non_test,11750,CCCC[n+]1ccn(C)c1,N#CC(C#N)C#N,CCCC[n+]1ccn(C)c1.N#CC(C#N)C#N,exclude,1,0,False,neutral_component_or_incorrect_ion_role
co2,non_test,11776,CCCC[n+]1ccn(C)c1,N#CC(C#N)C#N,CCCC[n+]1ccn(C)c1.N#CC(C#N)C#N,exclude,1,0,False,neutral_component_or_incorrect_ion_role
co2,non_test,11838,CCCC[n+]1ccn(C)c1,N#CC(C#N)C#N,CCCC[n+]1ccn(C)c1.N#CC(C#N)C#N,exclude,1,0,False,neutral_component_or_incorrect_ion_role
co2,non_test,11840,CCCC[n+]1ccn(C)c1,N#CC(C#N)C#N,CCCC[n+]1ccn(C)c1.N#CC(C#N)C#N,exclude,1,0,False,neutral_component_or_incorrect_ion_role
co2,non_test,11853,CCCC[n+]1ccn(C)c1,N#CC(C#N)C#N,CCCC[n+]1ccn(C)c1.N#CC(C#N)C#N,exclude,1,0,False,neutral_component_or_incorrect_ion_role
co2,non_test,11914,CCCC[n+]1ccn(C)c1,N#CC(C#N)C#N,CCCC[n+]1ccn(C)c1.N#CC(C#N)C#N,exclude,1,0,False,neutral_component_or_incorrect_ion_role
co2,non_test,11915,CCCC[n+]1ccn(C)c1,N#CC(C#N)C#N,CCCC[n+]1ccn(C)c1.N#CC(C#N)C#N,exclude,1,0,False,neutral_component_or_incorrect_ion_role
co2,non_test,11916,CCCC[n+]1ccn(C)c1,N#CC(C#N)C#N,CCCC[n+]1ccn(C)c1.N#CC(C#N)C#N,exclude,1,0,False,neutral_component_or_incorrect_ion_role
co2,non_test,11937,CCCC[n+]1ccn(C)c1,N#CC(C#N)C#N,CCCC[n+]1ccn(C)c1.N#CC(C#N)C#N,exclude,1,0,False,neutral_component_or_incorrect_ion_role
co2,non_test,11974,CCCC[n+]1ccn(C)c1,N#CC(C#N)C#N,CCCC[n+]1ccn(C)c1.N#CC(C#N)C#N,exclude,1,0,False,neutral_component_or_incorrect_ion_role
co2,non_test,11976,CCCC[n+]1ccn(C)c1,N#CC(C#N)C#N,CCCC[n+]1ccn(C)c1.N#CC(C#N)C#N,exclude,1,0,False,neutral_component_or_incorrect_ion_role
co2,non_test,12019,CCCC[n+]1ccn(C)c1,N#CC(C#N)C#N,CCCC[n+]1ccn(C)c1.N#CC(C#N)C#N,exclude,1,0,False,neutral_component_or_incorrect_ion_role
co2,non_test,12022,CCCC[n+]1ccn(C)c1,N#CC(C#N)C#N,CCCC[n+]1ccn(C)c1.N#CC(C#N)C#N,exclude,1,0,False,neutral_component_or_incorrect_ion_role
co2,non_test,12029,CCCC[n+]1ccn(C)c1,N#CC(C#N)C#N,CCCC[n+]1ccn(C)c1.N#CC(C#N)C#N,exclude,1,0,False,neutral_component_or_incorrect_ion_role
co2,non_test,12034,CCCC[n+]1ccn(C)c1,N#CC(C#N)C#N,CCCC[n+]1ccn(C)c1.N#CC(C#N)C#N,exclude,1,0,False,neutral_component_or_incorrect_ion_role
co2,non_test,12042,CCCC[n+]1ccn(C)c1,N#CC(C#N)C#N,CCCC[n+]1ccn(C)c1.N#CC(C#N)C#N,exclude,1,0,False,neutral_component_or_incorrect_ion_role
co2,non_test,12048,CCCC[n+]1ccn(C)c1,N#CC(C#N)C#N,CCCC[n+]1ccn(C)c1.N#CC(C#N)C#N,exclude,1,0,False,neutral_component_or_incorrect_ion_role
co2,non_test,12071,CCCC[n+]1ccn(C)c1,N#CC(C#N)C#N,CCCC[n+]1ccn(C)c1.N#CC(C#N)C#N,exclude,1,0,False,neutral_component_or_incorrect_ion_role
co2,non_test,12100,CCCC[n+]1ccn(C)c1,N#CC(C#N)C#N,CCCC[n+]1ccn(C)c1.N#CC(C#N)C#N,exclude,1,0,False,neutral_component_or_incorrect_ion_role
co2,non_test,12124,CCCC[n+]1ccn(C)c1,N#CC(C#N)C#N,CCCC[n+]1ccn(C)c1.N#CC(C#N)C#N,exclude,1,0,False,neutral_component_or_incorrect_ion_role
co2,non_test,12160,CCCC[n+]1ccn(C)c1,N#CC(C#N)C#N,CCCC[n+]1ccn(C)c1.N#CC(C#N)C#N,exclude,1,0,False,neutral_component_or_incorrect_ion_role
co2,non_test,12198,CCCC[n+]1ccn(C)c1,N#CC(C#N)C#N,CCCC[n+]1ccn(C)c1.N#CC(C#N)C#N,exclude,1,0,False,neutral_component_or_incorrect_ion_role
co2,non_test,12242,CCCC[n+]1ccn(C)c1,N#CC(C#N)C#N,CCCC[n+]1ccn(C)c1.N#CC(C#N)C#N,exclude,1,0,False,neutral_component_or_incorrect_ion_role
co2,non_test,12279,CCCC[n+]1ccn(C)c1,N#CC(C#N)C#N,CCCC[n+]1ccn(C)c1.N#CC(C#N)C#N,exclude,1,0,False,neutral_component_or_incorrect_ion_role
co2,non_test,12307,CCCC[n+]1ccn(C)c1,N#CC(C#N)C#N,CCCC[n+]1ccn(C)c1.N#CC(C#N)C#N,exclude,1,0,False,neutral_component_or_incorrect_ion_role
co2,non_test,12420,CCCC[n+]1ccn(C)c1,N#CC(C#N)C#N,CCCC[n+]1ccn(C)c1.N#CC(C#N)C#N,exclude,1,0,False,neutral_component_or_incorrect_ion_role
co2,non_test,12444,CCCC[n+]1ccn(C)c1,N#CC(C#N)C#N,CCCC[n+]1ccn(C)c1.N#CC(C#N)C#N,exclude,1,0,False,neutral_component_or_incorrect_ion_role
co2,non_test,12578,CCCC[n+]1ccn(C)c1,N#CC(C#N)C#N,CCCC[n+]1ccn(C)c1.N#CC(C#N)C#N,exclude,1,0,False,neutral_component_or_incorrect_ion_role
co2,non_test,12580,CCCC[n+]1ccn(C)c1,N#CC(C#N)C#N,CCCC[n+]1ccn(C)c1.N#CC(C#N)C#N,exclude,1,0,False,neutral_component_or_incorrect_ion_role
co2,non_test,12584,CCCC[n+]1ccn(C)c1,N#CC(C#N)C#N,CCCC[n+]1ccn(C)c1.N#CC(C#N)C#N,exclude,1,0,False,neutral_component_or_incorrect_ion_role
co2,non_test,12589,CCCC[n+]1ccn(C)c1,N#CC(C#N)C#N,CCCC[n+]1ccn(C)c1.N#CC(C#N)C#N,exclude,1,0,False,neutral_component_or_incorrect_ion_role
co2,non_test,12593,CCCC[n+]1ccn(C)c1,N#CC(C#N)C#N,CCCC[n+]1ccn(C)c1.N#CC(C#N)C#N,exclude,1,0,False,neutral_component_or_incorrect_ion_role
co2,non_test,12599,CCCC[n+]1ccn(C)c1,N#CC(C#N)C#N,CCCC[n+]1ccn(C)c1.N#CC(C#N)C#N,exclude,1,0,False,neutral_component_or_incorrect_ion_role
co2,non_test,12601,CCCC[n+]1ccn(C)c1,N#CC(C#N)C#N,CCCC[n+]1ccn(C)c1.N#CC(C#N)C#N,exclude,1,0,False,neutral_component_or_incorrect_ion_role
co2,non_test,12613,CCCC[n+]1ccn(C)c1,N#CC(C#N)C#N,CCCC[n+]1ccn(C)c1.N#CC(C#N)C#N,exclude,1,0,False,neutral_component_or_incorrect_ion_role
co2,non_test,12614,CCCC[n+]1ccn(C)c1,N#CC(C#N)C#N,CCCC[n+]1ccn(C)c1.N#CC(C#N)C#N,exclude,1,0,False,neutral_component_or_incorrect_ion_role
co2,non_test,12617,CCCC[n+]1ccn(C)c1,N#CC(C#N)C#N,CCCC[n+]1ccn(C)c1.N#CC(C#N)C#N,exclude,1,0,False,neutral_component_or_incorrect_ion_role
co2,non_test,12622,CCCC[n+]1ccn(C)c1,N#CC(C#N)C#N,CCCC[n+]1ccn(C)c1.N#CC(C#N)C#N,exclude,1,0,False,neutral_component_or_incorrect_ion_role
co2,non_test,12624,CCCC[n+]1ccn(C)c1,N#CC(C#N)C#N,CCCC[n+]1ccn(C)c1.N#CC(C#N)C#N,exclude,1,0,False,neutral_component_or_incorrect_ion_role
co2,non_test,12632,CCCC[n+]1ccn(C)c1,N#CC(C#N)C#N,CCCC[n+]1ccn(C)c1.N#CC(C#N)C#N,exclude,1,0,False,neutral_component_or_incorrect_ion_role
co2,non_test,12639,CCCC[n+]1ccn(C)c1,N#CC(C#N)C#N,CCCC[n+]1ccn(C)c1.N#CC(C#N)C#N,exclude,1,0,False,neutral_component_or_incorrect_ion_role
co2,non_test,12642,CCCC[n+]1ccn(C)c1,N#CC(C#N)C#N,CCCC[n+]1ccn(C)c1.N#CC(C#N)C#N,exclude,1,0,False,neutral_component_or_incorrect_ion_role
co2,non_test,12656,CCCC[n+]1ccn(C)c1,N#CC(C#N)C#N,CCCC[n+]1ccn(C)c1.N#CC(C#N)C#N,exclude,1,0,False,neutral_component_or_incorrect_ion_role
co2,non_test,12661,CCCC[n+]1ccn(C)c1,N#CC(C#N)C#N,CCCC[n+]1ccn(C)c1.N#CC(C#N)C#N,exclude,1,0,False,neutral_component_or_incorrect_ion_role
co2,non_test,12663,CCCC[n+]1ccn(C)c1,N#CC(C#N)C#N,CCCC[n+]1ccn(C)c1.N#CC(C#N)C#N,exclude,1,0,False,neutral_component_or_incorrect_ion_role
co2,non_test,12668,CCCC[n+]1ccn(C)c1,N#CC(C#N)C#N,CCCC[n+]1ccn(C)c1.N#CC(C#N)C#N,exclude,1,0,False,neutral_component_or_incorrect_ion_role
co2,non_test,12669,CCCC[n+]1ccn(C)c1,N#CC(C#N)C#N,CCCC[n+]1ccn(C)c1.N#CC(C#N)C#N,exclude,1,0,False,neutral_component_or_incorrect_ion_role
co2,non_test,12766,CCCC[n+]1ccn(C)c1,N#CC(C#N)C#N,CCCC[n+]1ccn(C)c1.N#CC(C#N)C#N,exclude,1,0,False,neutral_component_or_incorrect_ion_role
co2,non_test,12767,CCCC[n+]1ccn(C)c1,N#CC(C#N)C#N,CCCC[n+]1ccn(C)c1.N#CC(C#N)C#N,exclude,1,0,False,neutral_component_or_incorrect_ion_role
co2,non_test,12768,CCCC[n+]1ccn(C)c1,N#CC(C#N)C#N,CCCC[n+]1ccn(C)c1.N#CC(C#N)C#N,exclude,1,0,False,neutral_component_or_incorrect_ion_role
co2,non_test,12769,CCCC[n+]1ccn(C)c1,N#CC(C#N)C#N,CCCC[n+]1ccn(C)c1.N#CC(C#N)C#N,exclude,1,0,False,neutral_component_or_incorrect_ion_role
co2,non_test,12777,CCCC[n+]1ccn(C)c1,N#CC(C#N)C#N,CCCC[n+]1ccn(C)c1.N#CC(C#N)C#N,exclude,1,0,False,neutral_component_or_incorrect_ion_role
co2,non_test,12778,CCCC[n+]1ccn(C)c1,N#CC(C#N)C#N,CCCC[n+]1ccn(C)c1.N#CC(C#N)C#N,exclude,1,0,False,neutral_component_or_incorrect_ion_role
co2,non_test,12800,CCCC[n+]1ccn(C)c1,N#CC(C#N)C#N,CCCC[n+]1ccn(C)c1.N#CC(C#N)C#N,exclude,1,0,False,neutral_component_or_incorrect_ion_role
co2,non_test,12824,CCCC[n+]1ccn(C)c1,N#CC(C#N)C#N,CCCC[n+]1ccn(C)c1.N#CC(C#N)C#N,exclude,1,0,False,neutral_component_or_incorrect_ion_role
co2,non_test,12825,CCCC[n+]1ccn(C)c1,N#CC(C#N)C#N,CCCC[n+]1ccn(C)c1.N#CC(C#N)C#N,exclude,1,0,False,neutral_component_or_incorrect_ion_role
co2,non_test,12887,CCCC[n+]1ccn(C)c1,N#CC(C#N)C#N,CCCC[n+]1ccn(C)c1.N#CC(C#N)C#N,exclude,1,0,False,neutral_component_or_incorrect_ion_role
co2,non_test,12888,CCCC[n+]1ccn(C)c1,N#CC(C#N)C#N,CCCC[n+]1ccn(C)c1.N#CC(C#N)C#N,exclude,1,0,False,neutral_component_or_incorrect_ion_role
co2,non_test,12920,CCCC[n+]1ccn(C)c1,N#CC(C#N)C#N,CCCC[n+]1ccn(C)c1.N#CC(C#N)C#N,exclude,1,0,False,neutral_component_or_incorrect_ion_role
co2,non_test,12927,CCCC[n+]1ccn(C)c1,N#CC(C#N)C#N,CCCC[n+]1ccn(C)c1.N#CC(C#N)C#N,exclude,1,0,False,neutral_component_or_incorrect_ion_role
co2,non_test,12950,CCCC[n+]1ccn(C)c1,N#CC(C#N)C#N,CCCC[n+]1ccn(C)c1.N#CC(C#N)C#N,exclude,1,0,False,neutral_component_or_incorrect_ion_role
co2,non_test,12953,CCCC[n+]1ccn(C)c1,N#CC(C#N)C#N,CCCC[n+]1ccn(C)c1.N#CC(C#N)C#N,exclude,1,0,False,neutral_component_or_incorrect_ion_role
co2,non_test,12960,CCCC[n+]1ccn(C)c1,N#CC(C#N)C#N,CCCC[n+]1ccn(C)c1.N#CC(C#N)C#N,exclude,1,0,False,neutral_component_or_incorrect_ion_role
co2,non_test,12965,CCCC[n+]1ccn(C)c1,N#CC(C#N)C#N,CCCC[n+]1ccn(C)c1.N#CC(C#N)C#N,exclude,1,0,False,neutral_component_or_incorrect_ion_role
co2,non_test,12973,CCCC[n+]1ccn(C)c1,N#CC(C#N)C#N,CCCC[n+]1ccn(C)c1.N#CC(C#N)C#N,exclude,1,0,False,neutral_component_or_incorrect_ion_role
co2,non_test,12978,CCCC[n+]1ccn(C)c1,N#CC(C#N)C#N,CCCC[n+]1ccn(C)c1.N#CC(C#N)C#N,exclude,1,0,False,neutral_component_or_incorrect_ion_role
co2,non_test,12999,CCCC[n+]1ccn(C)c1,N#CC(C#N)C#N,CCCC[n+]1ccn(C)c1.N#CC(C#N)C#N,exclude,1,0,False,neutral_component_or_incorrect_ion_role
co2,non_test,13027,CCCC[n+]1ccn(C)c1,N#CC(C#N)C#N,CCCC[n+]1ccn(C)c1.N#CC(C#N)C#N,exclude,1,0,False,neutral_component_or_incorrect_ion_role
co2,non_test,13050,CCCC[n+]1ccn(C)c1,N#CC(C#N)C#N,CCCC[n+]1ccn(C)c1.N#CC(C#N)C#N,exclude,1,0,False,neutral_component_or_incorrect_ion_role
co2,non_test,13079,CCCC[n+]1ccn(C)c1,N#CC(C#N)C#N,CCCC[n+]1ccn(C)c1.N#CC(C#N)C#N,exclude,1,0,False,neutral_component_or_incorrect_ion_role
co2,non_test,13112,CCCC[n+]1ccn(C)c1,N#CC(C#N)C#N,CCCC[n+]1ccn(C)c1.N#CC(C#N)C#N,exclude,1,0,False,neutral_component_or_incorrect_ion_role
co2,non_test,13139,CCCC[n+]1ccn(C)c1,N#CC(C#N)C#N,CCCC[n+]1ccn(C)c1.N#CC(C#N)C#N,exclude,1,0,False,neutral_component_or_incorrect_ion_role
co2,non_test,13164,CCCC[n+]1ccn(C)c1,N#CC(C#N)C#N,CCCC[n+]1ccn(C)c1.N#CC(C#N)C#N,exclude,1,0,False,neutral_component_or_incorrect_ion_role
co2,non_test,13180,CCCC[n+]1ccn(C)c1,N#CC(C#N)C#N,CCCC[n+]1ccn(C)c1.N#CC(C#N)C#N,exclude,1,0,False,neutral_component_or_incorrect_ion_role
co2,non_test,13190,CCCC[n+]1ccn(C)c1,N#CC(C#N)C#N,CCCC[n+]1ccn(C)c1.N#CC(C#N)C#N,exclude,1,0,False,neutral_component_or_incorrect_ion_role
co2,non_test,13195,CCCC[n+]1ccn(C)c1,N#CC(C#N)C#N,CCCC[n+]1ccn(C)c1.N#CC(C#N)C#N,exclude,1,0,False,neutral_component_or_incorrect_ion_role
co2,non_test,13384,CCCC[n+]1ccn(C)c1,N#CC(C#N)C#N,CCCC[n+]1ccn(C)c1.N#CC(C#N)C#N,exclude,1,0,False,neutral_component_or_incorrect_ion_role
co2,non_test,13387,CCCC[n+]1ccn(C)c1,N#CC(C#N)C#N,CCCC[n+]1ccn(C)c1.N#CC(C#N)C#N,exclude,1,0,False,neutral_component_or_incorrect_ion_role
co2,non_test,13459,CCCC[n+]1ccn(C)c1,N#CC(C#N)C#N,CCCC[n+]1ccn(C)c1.N#CC(C#N)C#N,exclude,1,0,False,neutral_component_or_incorrect_ion_role
co2,non_test,13461,CCCC[n+]1ccn(C)c1,N#CC(C#N)C#N,CCCC[n+]1ccn(C)c1.N#CC(C#N)C#N,exclude,1,0,False,neutral_component_or_incorrect_ion_role
co2,non_test,13467,CCCC[n+]1ccn(C)c1,N#CC(C#N)C#N,CCCC[n+]1ccn(C)c1.N#CC(C#N)C#N,exclude,1,0,False,neutral_component_or_incorrect_ion_role
co2,non_test,13471,CCCC[n+]1ccn(C)c1,N#CC(C#N)C#N,CCCC[n+]1ccn(C)c1.N#CC(C#N)C#N,exclude,1,0,False,neutral_component_or_incorrect_ion_role
co2,non_test,13478,CCCC[n+]1ccn(C)c1,N#CC(C#N)C#N,CCCC[n+]1ccn(C)c1.N#CC(C#N)C#N,exclude,1,0,False,neutral_component_or_incorrect_ion_role
co2,non_test,13483,CCCC[n+]1ccn(C)c1,N#CC(C#N)C#N,CCCC[n+]1ccn(C)c1.N#CC(C#N)C#N,exclude,1,0,False,neutral_component_or_incorrect_ion_role
co2,non_test,13502,CCCC[n+]1ccn(C)c1,N#CC(C#N)C#N,CCCC[n+]1ccn(C)c1.N#CC(C#N)C#N,exclude,1,0,False,neutral_component_or_incorrect_ion_role
co2,non_test,13526,CCCC[n+]1ccn(C)c1,N#CC(C#N)C#N,CCCC[n+]1ccn(C)c1.N#CC(C#N)C#N,exclude,1,0,False,neutral_component_or_incorrect_ion_role
co2,non_test,13553,CCCC[n+]1ccn(C)c1,N#CC(C#N)C#N,CCCC[n+]1ccn(C)c1.N#CC(C#N)C#N,exclude,1,0,False,neutral_component_or_incorrect_ion_role
co2,non_test,13581,CCCC[n+]1ccn(C)c1,N#CC(C#N)C#N,CCCC[n+]1ccn(C)c1.N#CC(C#N)C#N,exclude,1,0,False,neutral_component_or_incorrect_ion_role
co2,non_test,13613,CCCC[n+]1ccn(C)c1,N#CC(C#N)C#N,CCCC[n+]1ccn(C)c1.N#CC(C#N)C#N,exclude,1,0,False,neutral_component_or_incorrect_ion_role
co2,non_test,13640,CCCC[n+]1ccn(C)c1,N#CC(C#N)C#N,CCCC[n+]1ccn(C)c1.N#CC(C#N)C#N,exclude,1,0,False,neutral_component_or_incorrect_ion_role
co2,non_test,13681,CCCC[n+]1ccn(C)c1,N#CC(C#N)C#N,CCCC[n+]1ccn(C)c1.N#CC(C#N)C#N,exclude,1,0,False,neutral_component_or_incorrect_ion_role
co2,non_test,731,CCCCCn1cc[n+](C)c1,O=S(=O)(NS(=O)(=O)C(F)(F)F)C(F)(F)F,CCCCCn1cc[n+](C)c1.O=S(=O)(NS(=O)(=O)C(F)(F)F)C(F)(F)F,exclude,1,0,False,neutral_component_or_incorrect_ion_role
co2,non_test,751,CCCCCn1cc[n+](C)c1,O=S(=O)(NS(=O)(=O)C(F)(F)F)C(F)(F)F,CCCCCn1cc[n+](C)c1.O=S(=O)(NS(=O)(=O)C(F)(F)F)C(F)(F)F,exclude,1,0,False,neutral_component_or_incorrect_ion_role
co2,non_test,752,CCCCCn1cc[n+](C)c1,O=S(=O)(NS(=O)(=O)C(F)(F)F)C(F)(F)F,CCCCCn1cc[n+](C)c1.O=S(=O)(NS(=O)(=O)C(F)(F)F)C(F)(F)F,exclude,1,0,False,neutral_component_or_incorrect_ion_role
co2,non_test,785,CCCCCn1cc[n+](C)c1,O=S(=O)(NS(=O)(=O)C(F)(F)F)C(F)(F)F,CCCCCn1cc[n+](C)c1.O=S(=O)(NS(=O)(=O)C(F)(F)F)C(F)(F)F,exclude,1,0,False,neutral_component_or_incorrect_ion_role
co2,non_test,789,CCCCCn1cc[n+](C)c1,O=S(=O)(NS(=O)(=O)C(F)(F)F)C(F)(F)F,CCCCCn1cc[n+](C)c1.O=S(=O)(NS(=O)(=O)C(F)(F)F)C(F)(F)F,exclude,1,0,False,neutral_component_or_incorrect_ion_role
co2,non_test,791,CCCCCn1cc[n+](C)c1,O=S(=O)(NS(=O)(=O)C(F)(F)F)C(F)(F)F,CCCCCn1cc[n+](C)c1.O=S(=O)(NS(=O)(=O)C(F)(F)F)C(F)(F)F,exclude,1,0,False,neutral_component_or_incorrect_ion_role
co2,non_test,792,CCCCCn1cc[n+](C)c1,O=S(=O)(NS(=O)(=O)C(F)(F)F)C(F)(F)F,CCCCCn1cc[n+](C)c1.O=S(=O)(NS(=O)(=O)C(F)(F)F)C(F)(F)F,exclude,1,0,False,neutral_component_or_incorrect_ion_role
co2,non_test,795,CCCCCn1cc[n+](C)c1,O=S(=O)(NS(=O)(=O)C(F)(F)F)C(F)(F)F,CCCCCn1cc[n+](C)c1.O=S(=O)(NS(=O)(=O)C(F)(F)F)C(F)(F)F,exclude,1,0,False,neutral_component_or_incorrect_ion_role
co2,non_test,796,CCCCCn1cc[n+](C)c1,O=S(=O)(NS(=O)(=O)C(F)(F)F)C(F)(F)F,CCCCCn1cc[n+](C)c1.O=S(=O)(NS(=O)(=O)C(F)(F)F)C(F)(F)F,exclude,1,0,False,neutral_component_or_incorrect_ion_role
co2,non_test,2341,CCCCCn1cc[n+](C)c1,O=S(=O)(NS(=O)(=O)C(F)(F)F)C(F)(F)F,CCCCCn1cc[n+](C)c1.O=S(=O)(NS(=O)(=O)C(F)(F)F)C(F)(F)F,exclude,1,0,False,neutral_component_or_incorrect_ion_role
co2,non_test,2349,CCCCCn1cc[n+](C)c1,O=S(=O)(NS(=O)(=O)C(F)(F)F)C(F)(F)F,CCCCCn1cc[n+](C)c1.O=S(=O)(NS(=O)(=O)C(F)(F)F)C(F)(F)F,exclude,1,0,False,neutral_component_or_incorrect_ion_role
co2,non_test,2350,CCCCCn1cc[n+](C)c1,O=S(=O)(NS(=O)(=O)C(F)(F)F)C(F)(F)F,CCCCCn1cc[n+](C)c1.O=S(=O)(NS(=O)(=O)C(F)(F)F)C(F)(F)F,exclude,1,0,False,neutral_component_or_incorrect_ion_role
co2,non_test,2352,CCCCCn1cc[n+](C)c1,O=S(=O)(NS(=O)(=O)C(F)(F)F)C(F)(F)F,CCCCCn1cc[n+](C)c1.O=S(=O)(NS(=O)(=O)C(F)(F)F)C(F)(F)F,exclude,1,0,False,neutral_component_or_incorrect_ion_role
co2,non_test,2360,CCCCCn1cc[n+](C)c1,O=S(=O)(NS(=O)(=O)C(F)(F)F)C(F)(F)F,CCCCCn1cc[n+](C)c1.O=S(=O)(NS(=O)(=O)C(F)(F)F)C(F)(F)F,exclude,1,0,False,neutral_component_or_incorrect_ion_role
co2,non_test,2370,CCCCCn1cc[n+](C)c1,O=S(=O)(NS(=O)(=O)C(F)(F)F)C(F)(F)F,CCCCCn1cc[n+](C)c1.O=S(=O)(NS(=O)(=O)C(F)(F)F)C(F)(F)F,exclude,1,0,False,neutral_component_or_incorrect_ion_role
co2,non_test,2371,CCCCCn1cc[n+](C)c1,O=S(=O)(NS(=O)(=O)C(F)(F)F)C(F)(F)F,CCCCCn1cc[n+](C)c1.O=S(=O)(NS(=O)(=O)C(F)(F)F)C(F)(F)F,exclude,1,0,False,neutral_component_or_incorrect_ion_role
co2,non_test,2374,CCCCCn1cc[n+](C)c1,O=S(=O)(NS(=O)(=O)C(F)(F)F)C(F)(F)F,CCCCCn1cc[n+](C)c1.O=S(=O)(NS(=O)(=O)C(F)(F)F)C(F)(F)F,exclude,1,0,False,neutral_component_or_incorrect_ion_role
co2,non_test,2382,CCCCCn1cc[n+](C)c1,O=S(=O)(NS(=O)(=O)C(F)(F)F)C(F)(F)F,CCCCCn1cc[n+](C)c1.O=S(=O)(NS(=O)(=O)C(F)(F)F)C(F)(F)F,exclude,1,0,False,neutral_component_or_incorrect_ion_role
co2,non_test,3259,CCCCCn1cc[n+](C)c1,O=S(=O)(NS(=O)(=O)C(F)(F)F)C(F)(F)F,CCCCCn1cc[n+](C)c1.O=S(=O)(NS(=O)(=O)C(F)(F)F)C(F)(F)F,exclude,1,0,False,neutral_component_or_incorrect_ion_role
co2,non_test,3262,CCCCCn1cc[n+](C)c1,O=S(=O)(NS(=O)(=O)C(F)(F)F)C(F)(F)F,CCCCCn1cc[n+](C)c1.O=S(=O)(NS(=O)(=O)C(F)(F)F)C(F)(F)F,exclude,1,0,False,neutral_component_or_incorrect_ion_role
co2,non_test,3266,CCCCCn1cc[n+](C)c1,O=S(=O)(NS(=O)(=O)C(F)(F)F)C(F)(F)F,CCCCCn1cc[n+](C)c1.O=S(=O)(NS(=O)(=O)C(F)(F)F)C(F)(F)F,exclude,1,0,False,neutral_component_or_incorrect_ion_role
co2,non_test,3287,CCCCCn1cc[n+](C)c1,O=S(=O)(NS(=O)(=O)C(F)(F)F)C(F)(F)F,CCCCCn1cc[n+](C)c1.O=S(=O)(NS(=O)(=O)C(F)(F)F)C(F)(F)F,exclude,1,0,False,neutral_component_or_incorrect_ion_role
co2,non_test,3288,CCCCCn1cc[n+](C)c1,O=S(=O)(NS(=O)(=O)C(F)(F)F)C(F)(F)F,CCCCCn1cc[n+](C)c1.O=S(=O)(NS(=O)(=O)C(F)(F)F)C(F)(F)F,exclude,1,0,False,neutral_component_or_incorrect_ion_role
co2,non_test,3289,CCCCCn1cc[n+](C)c1,O=S(=O)(NS(=O)(=O)C(F)(F)F)C(F)(F)F,CCCCCn1cc[n+](C)c1.O=S(=O)(NS(=O)(=O)C(F)(F)F)C(F)(F)F,exclude,1,0,False,neutral_component_or_incorrect_ion_role
co2,non_test,3291,CCCCCn1cc[n+](C)c1,O=S(=O)(NS(=O)(=O)C(F)(F)F)C(F)(F)F,CCCCCn1cc[n+](C)c1.O=S(=O)(NS(=O)(=O)C(F)(F)F)C(F)(F)F,exclude,1,0,False,neutral_component_or_incorrect_ion_role
co2,non_test,3311,CCCCCn1cc[n+](C)c1,O=S(=O)(NS(=O)(=O)C(F)(F)F)C(F)(F)F,CCCCCn1cc[n+](C)c1.O=S(=O)(NS(=O)(=O)C(F)(F)F)C(F)(F)F,exclude,1,0,False,neutral_component_or_incorrect_ion_role
co2,non_test,3327,CCCCCn1cc[n+](C)c1,O=S(=O)(NS(=O)(=O)C(F)(F)F)C(F)(F)F,CCCCCn1cc[n+](C)c1.O=S(=O)(NS(=O)(=O)C(F)(F)F)C(F)(F)F,exclude,1,0,False,neutral_component_or_incorrect_ion_role
co2,non_test,3962,CCCCCn1cc[n+](C)c1,O=S(=O)(NS(=O)(=O)C(F)(F)F)C(F)(F)F,CCCCCn1cc[n+](C)c1.O=S(=O)(NS(=O)(=O)C(F)(F)F)C(F)(F)F,exclude,1,0,False,neutral_component_or_incorrect_ion_role
co2,non_test,3964,CCCCCn1cc[n+](C)c1,O=S(=O)(NS(=O)(=O)C(F)(F)F)C(F)(F)F,CCCCCn1cc[n+](C)c1.O=S(=O)(NS(=O)(=O)C(F)(F)F)C(F)(F)F,exclude,1,0,False,neutral_component_or_incorrect_ion_role
co2,non_test,3978,CCCCCn1cc[n+](C)c1,O=S(=O)(NS(=O)(=O)C(F)(F)F)C(F)(F)F,CCCCCn1cc[n+](C)c1.O=S(=O)(NS(=O)(=O)C(F)(F)F)C(F)(F)F,exclude,1,0,False,neutral_component_or_incorrect_ion_role
co2,non_test,3979,CCCCCn1cc[n+](C)c1,O=S(=O)(NS(=O)(=O)C(F)(F)F)C(F)(F)F,CCCCCn1cc[n+](C)c1.O=S(=O)(NS(=O)(=O)C(F)(F)F)C(F)(F)F,exclude,1,0,False,neutral_component_or_incorrect_ion_role
co2,non_test,4815,CCCCCn1cc[n+](C)c1,O=S(=O)(NS(=O)(=O)C(F)(F)F)C(F)(F)F,CCCCCn1cc[n+](C)c1.O=S(=O)(NS(=O)(=O)C(F)(F)F)C(F)(F)F,exclude,1,0,False,neutral_component_or_incorrect_ion_role
co2,non_test,5221,CCCCCn1cc[n+](C)c1,O=S(=O)(NS(=O)(=O)C(F)(F)F)C(F)(F)F,CCCCCn1cc[n+](C)c1.O=S(=O)(NS(=O)(=O)C(F)(F)F)C(F)(F)F,exclude,1,0,False,neutral_component_or_incorrect_ion_role
co2,non_test,5471,CCCCCn1cc[n+](C)c1,O=S(=O)(NS(=O)(=O)C(F)(F)F)C(F)(F)F,CCCCCn1cc[n+](C)c1.O=S(=O)(NS(=O)(=O)C(F)(F)F)C(F)(F)F,exclude,1,0,False,neutral_component_or_incorrect_ion_role
co2,non_test,5740,CCCCCn1cc[n+](C)c1,O=S(=O)(NS(=O)(=O)C(F)(F)F)C(F)(F)F,CCCCCn1cc[n+](C)c1.O=S(=O)(NS(=O)(=O)C(F)(F)F)C(F)(F)F,exclude,1,0,False,neutral_component_or_incorrect_ion_role
co2,non_test,5774,CCCCCn1cc[n+](C)c1,O=S(=O)(NS(=O)(=O)C(F)(F)F)C(F)(F)F,CCCCCn1cc[n+](C)c1.O=S(=O)(NS(=O)(=O)C(F)(F)F)C(F)(F)F,exclude,1,0,False,neutral_component_or_incorrect_ion_role
co2,non_test,6506,CCCCCn1cc[n+](C)c1,O=S(=O)(NS(=O)(=O)C(F)(F)F)C(F)(F)F,CCCCCn1cc[n+](C)c1.O=S(=O)(NS(=O)(=O)C(F)(F)F)C(F)(F)F,exclude,1,0,False,neutral_component_or_incorrect_ion_role
co2,non_test,6515,CCCCCn1cc[n+](C)c1,O=S(=O)(NS(=O)(=O)C(F)(F)F)C(F)(F)F,CCCCCn1cc[n+](C)c1.O=S(=O)(NS(=O)(=O)C(F)(F)F)C(F)(F)F,exclude,1,0,False,neutral_component_or_incorrect_ion_role
co2,non_test,6522,CCCCCn1cc[n+](C)c1,O=S(=O)(NS(=O)(=O)C(F)(F)F)C(F)(F)F,CCCCCn1cc[n+](C)c1.O=S(=O)(NS(=O)(=O)C(F)(F)F)C(F)(F)F,exclude,1,0,False,neutral_component_or_incorrect_ion_role
co2,non_test,6534,CCCCCn1cc[n+](C)c1,O=S(=O)(NS(=O)(=O)C(F)(F)F)C(F)(F)F,CCCCCn1cc[n+](C)c1.O=S(=O)(NS(=O)(=O)C(F)(F)F)C(F)(F)F,exclude,1,0,False,neutral_component_or_incorrect_ion_role
co2,non_test,6567,CCCCCn1cc[n+](C)c1,O=S(=O)(NS(=O)(=O)C(F)(F)F)C(F)(F)F,CCCCCn1cc[n+](C)c1.O=S(=O)(NS(=O)(=O)C(F)(F)F)C(F)(F)F,exclude,1,0,False,neutral_component_or_incorrect_ion_role
co2,non_test,6605,CCCCCn1cc[n+](C)c1,O=S(=O)(NS(=O)(=O)C(F)(F)F)C(F)(F)F,CCCCCn1cc[n+](C)c1.O=S(=O)(NS(=O)(=O)C(F)(F)F)C(F)(F)F,exclude,1,0,False,neutral_component_or_incorrect_ion_role
co2,non_test,7912,CCCCCn1cc[n+](C)c1,O=S(=O)(NS(=O)(=O)C(F)(F)F)C(F)(F)F,CCCCCn1cc[n+](C)c1.O=S(=O)(NS(=O)(=O)C(F)(F)F)C(F)(F)F,exclude,1,0,False,neutral_component_or_incorrect_ion_role
co2,non_test,8179,CCCCCn1cc[n+](C)c1,O=S(=O)(NS(=O)(=O)C(F)(F)F)C(F)(F)F,CCCCCn1cc[n+](C)c1.O=S(=O)(NS(=O)(=O)C(F)(F)F)C(F)(F)F,exclude,1,0,False,neutral_component_or_incorrect_ion_role
co2,non_test,8185,CCCCCn1cc[n+](C)c1,O=S(=O)(NS(=O)(=O)C(F)(F)F)C(F)(F)F,CCCCCn1cc[n+](C)c1.O=S(=O)(NS(=O)(=O)C(F)(F)F)C(F)(F)F,exclude,1,0,False,neutral_component_or_incorrect_ion_role
co2,non_test,8556,CCCCCn1cc[n+](C)c1,O=S(=O)(NS(=O)(=O)C(F)(F)F)C(F)(F)F,CCCCCn1cc[n+](C)c1.O=S(=O)(NS(=O)(=O)C(F)(F)F)C(F)(F)F,exclude,1,0,False,neutral_component_or_incorrect_ion_role
co2,non_test,8560,CCCCCn1cc[n+](C)c1,O=S(=O)(NS(=O)(=O)C(F)(F)F)C(F)(F)F,CCCCCn1cc[n+](C)c1.O=S(=O)(NS(=O)(=O)C(F)(F)F)C(F)(F)F,exclude,1,0,False,neutral_component_or_incorrect_ion_role
co2,non_test,8616,CCCCCn1cc[n+](C)c1,O=S(=O)(NS(=O)(=O)C(F)(F)F)C(F)(F)F,CCCCCn1cc[n+](C)c1.O=S(=O)(NS(=O)(=O)C(F)(F)F)C(F)(F)F,exclude,1,0,False,neutral_component_or_incorrect_ion_role
co2,non_test,8691,CCCCCn1cc[n+](C)c1,O=S(=O)(NS(=O)(=O)C(F)(F)F)C(F)(F)F,CCCCCn1cc[n+](C)c1.O=S(=O)(NS(=O)(=O)C(F)(F)F)C(F)(F)F,exclude,1,0,False,neutral_component_or_incorrect_ion_role
co2,non_test,8692,CCCCCn1cc[n+](C)c1,O=S(=O)(NS(=O)(=O)C(F)(F)F)C(F)(F)F,CCCCCn1cc[n+](C)c1.O=S(=O)(NS(=O)(=O)C(F)(F)F)C(F)(F)F,exclude,1,0,False,neutral_component_or_incorrect_ion_role
co2,non_test,8774,CCCCCn1cc[n+](C)c1,O=S(=O)(NS(=O)(=O)C(F)(F)F)C(F)(F)F,CCCCCn1cc[n+](C)c1.O=S(=O)(NS(=O)(=O)C(F)(F)F)C(F)(F)F,exclude,1,0,False,neutral_component_or_incorrect_ion_role
co2,non_test,9944,CCCCCn1cc[n+](C)c1,O=S(=O)(NS(=O)(=O)C(F)(F)F)C(F)(F)F,CCCCCn1cc[n+](C)c1.O=S(=O)(NS(=O)(=O)C(F)(F)F)C(F)(F)F,exclude,1,0,False,neutral_component_or_incorrect_ion_role
co2,non_test,9967,CCCCCn1cc[n+](C)c1,O=S(=O)(NS(=O)(=O)C(F)(F)F)C(F)(F)F,CCCCCn1cc[n+](C)c1.O=S(=O)(NS(=O)(=O)C(F)(F)F)C(F)(F)F,exclude,1,0,False,neutral_component_or_incorrect_ion_role
co2,non_test,10168,CCCCCn1cc[n+](C)c1,O=S(=O)(NS(=O)(=O)C(F)(F)F)C(F)(F)F,CCCCCn1cc[n+](C)c1.O=S(=O)(NS(=O)(=O)C(F)(F)F)C(F)(F)F,exclude,1,0,False,neutral_component_or_incorrect_ion_role
co2,non_test,10732,CCCCCn1cc[n+](C)c1,O=S(=O)(NS(=O)(=O)C(F)(F)F)C(F)(F)F,CCCCCn1cc[n+](C)c1.O=S(=O)(NS(=O)(=O)C(F)(F)F)C(F)(F)F,exclude,1,0,False,neutral_component_or_incorrect_ion_role
co2,non_test,10741,CCCCCn1cc[n+](C)c1,O=S(=O)(NS(=O)(=O)C(F)(F)F)C(F)(F)F,CCCCCn1cc[n+](C)c1.O=S(=O)(NS(=O)(=O)C(F)(F)F)C(F)(F)F,exclude,1,0,False,neutral_component_or_incorrect_ion_role
co2,non_test,10812,CCCCCn1cc[n+](C)c1,O=S(=O)(NS(=O)(=O)C(F)(F)F)C(F)(F)F,CCCCCn1cc[n+](C)c1.O=S(=O)(NS(=O)(=O)C(F)(F)F)C(F)(F)F,exclude,1,0,False,neutral_component_or_incorrect_ion_role
co2,non_test,10820,CCCCCn1cc[n+](C)c1,O=S(=O)(NS(=O)(=O)C(F)(F)F)C(F)(F)F,CCCCCn1cc[n+](C)c1.O=S(=O)(NS(=O)(=O)C(F)(F)F)C(F)(F)F,exclude,1,0,False,neutral_component_or_incorrect_ion_role
co2,non_test,10827,CCCCCn1cc[n+](C)c1,O=S(=O)(NS(=O)(=O)C(F)(F)F)C(F)(F)F,CCCCCn1cc[n+](C)c1.O=S(=O)(NS(=O)(=O)C(F)(F)F)C(F)(F)F,exclude,1,0,False,neutral_component_or_incorrect_ion_role
co2,non_test,10834,CCCCCn1cc[n+](C)c1,O=S(=O)(NS(=O)(=O)C(F)(F)F)C(F)(F)F,CCCCCn1cc[n+](C)c1.O=S(=O)(NS(=O)(=O)C(F)(F)F)C(F)(F)F,exclude,1,0,False,neutral_component_or_incorrect_ion_role
co2,non_test,10863,CCCCCn1cc[n+](C)c1,O=S(=O)(NS(=O)(=O)C(F)(F)F)C(F)(F)F,CCCCCn1cc[n+](C)c1.O=S(=O)(NS(=O)(=O)C(F)(F)F)C(F)(F)F,exclude,1,0,False,neutral_component_or_incorrect_ion_role
co2,non_test,11359,CCCCCn1cc[n+](C)c1,O=S(=O)(NS(=O)(=O)C(F)(F)F)C(F)(F)F,CCCCCn1cc[n+](C)c1.O=S(=O)(NS(=O)(=O)C(F)(F)F)C(F)(F)F,exclude,1,0,False,neutral_component_or_incorrect_ion_role
co2,non_test,11499,CCCCCn1cc[n+](C)c1,O=S(=O)(NS(=O)(=O)C(F)(F)F)C(F)(F)F,CCCCCn1cc[n+](C)c1.O=S(=O)(NS(=O)(=O)C(F)(F)F)C(F)(F)F,exclude,1,0,False,neutral_component_or_incorrect_ion_role
co2,non_test,11922,CCCCCn1cc[n+](C)c1,O=S(=O)(NS(=O)(=O)C(F)(F)F)C(F)(F)F,CCCCCn1cc[n+](C)c1.O=S(=O)(NS(=O)(=O)C(F)(F)F)C(F)(F)F,exclude,1,0,False,neutral_component_or_incorrect_ion_role
co2,non_test,11931,CCCCCn1cc[n+](C)c1,O=S(=O)(NS(=O)(=O)C(F)(F)F)C(F)(F)F,CCCCCn1cc[n+](C)c1.O=S(=O)(NS(=O)(=O)C(F)(F)F)C(F)(F)F,exclude,1,0,False,neutral_component_or_incorrect_ion_role
co2,non_test,11934,CCCCCn1cc[n+](C)c1,O=S(=O)(NS(=O)(=O)C(F)(F)F)C(F)(F)F,CCCCCn1cc[n+](C)c1.O=S(=O)(NS(=O)(=O)C(F)(F)F)C(F)(F)F,exclude,1,0,False,neutral_component_or_incorrect_ion_role
co2,non_test,11962,CCCCCn1cc[n+](C)c1,O=S(=O)(NS(=O)(=O)C(F)(F)F)C(F)(F)F,CCCCCn1cc[n+](C)c1.O=S(=O)(NS(=O)(=O)C(F)(F)F)C(F)(F)F,exclude,1,0,False,neutral_component_or_incorrect_ion_role
co2,non_test,11993,CCCCCn1cc[n+](C)c1,O=S(=O)(NS(=O)(=O)C(F)(F)F)C(F)(F)F,CCCCCn1cc[n+](C)c1.O=S(=O)(NS(=O)(=O)C(F)(F)F)C(F)(F)F,exclude,1,0,False,neutral_component_or_incorrect_ion_role
co2,non_test,12446,CCCCCn1cc[n+](C)c1,O=S(=O)(NS(=O)(=O)C(F)(F)F)C(F)(F)F,CCCCCn1cc[n+](C)c1.O=S(=O)(NS(=O)(=O)C(F)(F)F)C(F)(F)F,exclude,1,0,False,neutral_component_or_incorrect_ion_role
co2,non_test,12675,CCCCCn1cc[n+](C)c1,O=S(=O)(NS(=O)(=O)C(F)(F)F)C(F)(F)F,CCCCCn1cc[n+](C)c1.O=S(=O)(NS(=O)(=O)C(F)(F)F)C(F)(F)F,exclude,1,0,False,neutral_component_or_incorrect_ion_role
co2,non_test,12691,CCCCCn1cc[n+](C)c1,O=S(=O)(NS(=O)(=O)C(F)(F)F)C(F)(F)F,CCCCCn1cc[n+](C)c1.O=S(=O)(NS(=O)(=O)C(F)(F)F)C(F)(F)F,exclude,1,0,False,neutral_component_or_incorrect_ion_role
co2,non_test,12722,CCCCCn1cc[n+](C)c1,O=S(=O)(NS(=O)(=O)C(F)(F)F)C(F)(F)F,CCCCCn1cc[n+](C)c1.O=S(=O)(NS(=O)(=O)C(F)(F)F)C(F)(F)F,exclude,1,0,False,neutral_component_or_incorrect_ion_role
co2,non_test,12895,CCCCCn1cc[n+](C)c1,O=S(=O)(NS(=O)(=O)C(F)(F)F)C(F)(F)F,CCCCCn1cc[n+](C)c1.O=S(=O)(NS(=O)(=O)C(F)(F)F)C(F)(F)F,exclude,1,0,False,neutral_component_or_incorrect_ion_role
co2,non_test,12904,CCCCCn1cc[n+](C)c1,O=S(=O)(NS(=O)(=O)C(F)(F)F)C(F)(F)F,CCCCCn1cc[n+](C)c1.O=S(=O)(NS(=O)(=O)C(F)(F)F)C(F)(F)F,exclude,1,0,False,neutral_component_or_incorrect_ion_role
co2,non_test,12906,CCCCCn1cc[n+](C)c1,O=S(=O)(NS(=O)(=O)C(F)(F)F)C(F)(F)F,CCCCCn1cc[n+](C)c1.O=S(=O)(NS(=O)(=O)C(F)(F)F)C(F)(F)F,exclude,1,0,False,neutral_component_or_incorrect_ion_role
co2,non_test,12917,CCCCCn1cc[n+](C)c1,O=S(=O)(NS(=O)(=O)C(F)(F)F)C(F)(F)F,CCCCCn1cc[n+](C)c1.O=S(=O)(NS(=O)(=O)C(F)(F)F)C(F)(F)F,exclude,1,0,False,neutral_component_or_incorrect_ion_role
co2,non_test,12918,CCCCCn1cc[n+](C)c1,O=S(=O)(NS(=O)(=O)C(F)(F)F)C(F)(F)F,CCCCCn1cc[n+](C)c1.O=S(=O)(NS(=O)(=O)C(F)(F)F)C(F)(F)F,exclude,1,0,False,neutral_component_or_incorrect_ion_role
co2,non_test,12923,CCCCCn1cc[n+](C)c1,O=S(=O)(NS(=O)(=O)C(F)(F)F)C(F)(F)F,CCCCCn1cc[n+](C)c1.O=S(=O)(NS(=O)(=O)C(F)(F)F)C(F)(F)F,exclude,1,0,False,neutral_component_or_incorrect_ion_role
co2,non_test,12925,CCCCCn1cc[n+](C)c1,O=S(=O)(NS(=O)(=O)C(F)(F)F)C(F)(F)F,CCCCCn1cc[n+](C)c1.O=S(=O)(NS(=O)(=O)C(F)(F)F)C(F)(F)F,exclude,1,0,False,neutral_component_or_incorrect_ion_role
co2,non_test,13317,CCCCCn1cc[n+](C)c1,O=S(=O)(NS(=O)(=O)C(F)(F)F)C(F)(F)F,CCCCCn1cc[n+](C)c1.O=S(=O)(NS(=O)(=O)C(F)(F)F)C(F)(F)F,exclude,1,0,False,neutral_component_or_incorrect_ion_role
co2,non_test,13320,CCCCCn1cc[n+](C)c1,O=S(=O)(NS(=O)(=O)C(F)(F)F)C(F)(F)F,CCCCCn1cc[n+](C)c1.O=S(=O)(NS(=O)(=O)C(F)(F)F)C(F)(F)F,exclude,1,0,False,neutral_component_or_incorrect_ion_role
co2,non_test,4574,CCN(CC)c1c(N(CC)CC)c1=[N+](CC)CC,O=S(=O)(NS(=O)(=O)C(F)(F)F)C(F)(F)F,CCN(CC)c1c(N(CC)CC)c1=[N+](CC)CC.O=S(=O)(NS(=O)(=O)C(F)(F)F)C(F)(F)F,exclude,1,0,False,neutral_component_or_incorrect_ion_role
co2,non_test,4619,CCN(CC)c1c(N(CC)CC)c1=[N+](CC)CC,O=S(=O)(NS(=O)(=O)C(F)(F)F)C(F)(F)F,CCN(CC)c1c(N(CC)CC)c1=[N+](CC)CC.O=S(=O)(NS(=O)(=O)C(F)(F)F)C(F)(F)F,exclude,1,0,False,neutral_component_or_incorrect_ion_role
co2,non_test,4667,CCN(CC)c1c(N(CC)CC)c1=[N+](CC)CC,O=S(=O)(NS(=O)(=O)C(F)(F)F)C(F)(F)F,CCN(CC)c1c(N(CC)CC)c1=[N+](CC)CC.O=S(=O)(NS(=O)(=O)C(F)(F)F)C(F)(F)F,exclude,1,0,False,neutral_component_or_incorrect_ion_role
co2,non_test,4724,CCN(CC)c1c(N(CC)CC)c1=[N+](CC)CC,O=S(=O)(NS(=O)(=O)C(F)(F)F)C(F)(F)F,CCN(CC)c1c(N(CC)CC)c1=[N+](CC)CC.O=S(=O)(NS(=O)(=O)C(F)(F)F)C(F)(F)F,exclude,1,0,False,neutral_component_or_incorrect_ion_role
co2,non_test,4784,CCN(CC)c1c(N(CC)CC)c1=[N+](CC)CC,O=S(=O)(NS(=O)(=O)C(F)(F)F)C(F)(F)F,CCN(CC)c1c(N(CC)CC)c1=[N+](CC)CC.O=S(=O)(NS(=O)(=O)C(F)(F)F)C(F)(F)F,exclude,1,0,False,neutral_component_or_incorrect_ion_role
co2,non_test,4811,CCN(CC)c1c(N(CC)CC)c1=[N+](CC)CC,O=S(=O)(NS(=O)(=O)C(F)(F)F)C(F)(F)F,CCN(CC)c1c(N(CC)CC)c1=[N+](CC)CC.O=S(=O)(NS(=O)(=O)C(F)(F)F)C(F)(F)F,exclude,1,0,False,neutral_component_or_incorrect_ion_role
co2,non_test,4843,CCN(CC)c1c(N(CC)CC)c1=[N+](CC)CC,O=S(=O)(NS(=O)(=O)C(F)(F)F)C(F)(F)F,CCN(CC)c1c(N(CC)CC)c1=[N+](CC)CC.O=S(=O)(NS(=O)(=O)C(F)(F)F)C(F)(F)F,exclude,1,0,False,neutral_component_or_incorrect_ion_role
co2,non_test,4908,CCN(CC)c1c(N(CC)CC)c1=[N+](CC)CC,O=S(=O)(NS(=O)(=O)C(F)(F)F)C(F)(F)F,CCN(CC)c1c(N(CC)CC)c1=[N+](CC)CC.O=S(=O)(NS(=O)(=O)C(F)(F)F)C(F)(F)F,exclude,1,0,False,neutral_component_or_incorrect_ion_role
co2,non_test,5006,CCN(CC)c1c(N(CC)CC)c1=[N+](CC)CC,O=S(=O)(NS(=O)(=O)C(F)(F)F)C(F)(F)F,CCN(CC)c1c(N(CC)CC)c1=[N+](CC)CC.O=S(=O)(NS(=O)(=O)C(F)(F)F)C(F)(F)F,exclude,1,0,False,neutral_component_or_incorrect_ion_role
co2,non_test,5077,CCN(CC)c1c(N(CC)CC)c1=[N+](CC)CC,O=S(=O)(NS(=O)(=O)C(F)(F)F)C(F)(F)F,CCN(CC)c1c(N(CC)CC)c1=[N+](CC)CC.O=S(=O)(NS(=O)(=O)C(F)(F)F)C(F)(F)F,exclude,1,0,False,neutral_component_or_incorrect_ion_role
co2,non_test,5114,CCN(CC)c1c(N(CC)CC)c1=[N+](CC)CC,O=S(=O)(NS(=O)(=O)C(F)(F)F)C(F)(F)F,CCN(CC)c1c(N(CC)CC)c1=[N+](CC)CC.O=S(=O)(NS(=O)(=O)C(F)(F)F)C(F)(F)F,exclude,1,0,False,neutral_component_or_incorrect_ion_role
co2,non_test,5137,CCN(CC)c1c(N(CC)CC)c1=[N+](CC)CC,O=S(=O)(NS(=O)(=O)C(F)(F)F)C(F)(F)F,CCN(CC)c1c(N(CC)CC)c1=[N+](CC)CC.O=S(=O)(NS(=O)(=O)C(F)(F)F)C(F)(F)F,exclude,1,0,False,neutral_component_or_incorrect_ion_role
co2,non_test,5170,CCN(CC)c1c(N(CC)CC)c1=[N+](CC)CC,O=S(=O)(NS(=O)(=O)C(F)(F)F)C(F)(F)F,CCN(CC)c1c(N(CC)CC)c1=[N+](CC)CC.O=S(=O)(NS(=O)(=O)C(F)(F)F)C(F)(F)F,exclude,1,0,False,neutral_component_or_incorrect_ion_role
co2,non_test,7032,CCN(CC)c1c(N(CC)CC)c1=[N+](CC)CC,O=S(=O)(NS(=O)(=O)C(F)(F)F)C(F)(F)F,CCN(CC)c1c(N(CC)CC)c1=[N+](CC)CC.O=S(=O)(NS(=O)(=O)C(F)(F)F)C(F)(F)F,exclude,1,0,False,neutral_component_or_incorrect_ion_role
co2,non_test,7058,CCN(CC)c1c(N(CC)CC)c1=[N+](CC)CC,O=S(=O)(NS(=O)(=O)C(F)(F)F)C(F)(F)F,CCN(CC)c1c(N(CC)CC)c1=[N+](CC)CC.O=S(=O)(NS(=O)(=O)C(F)(F)F)C(F)(F)F,exclude,1,0,False,neutral_component_or_incorrect_ion_role
co2,non_test,7091,CCN(CC)c1c(N(CC)CC)c1=[N+](CC)CC,O=S(=O)(NS(=O)(=O)C(F)(F)F)C(F)(F)F,CCN(CC)c1c(N(CC)CC)c1=[N+](CC)CC.O=S(=O)(NS(=O)(=O)C(F)(F)F)C(F)(F)F,exclude,1,0,False,neutral_component_or_incorrect_ion_role
co2,non_test,7125,CCN(CC)c1c(N(CC)CC)c1=[N+](CC)CC,O=S(=O)(NS(=O)(=O)C(F)(F)F)C(F)(F)F,CCN(CC)c1c(N(CC)CC)c1=[N+](CC)CC.O=S(=O)(NS(=O)(=O)C(F)(F)F)C(F)(F)F,exclude,1,0,False,neutral_component_or_incorrect_ion_role
co2,non_test,7162,CCN(CC)c1c(N(CC)CC)c1=[N+](CC)CC,O=S(=O)(NS(=O)(=O)C(F)(F)F)C(F)(F)F,CCN(CC)c1c(N(CC)CC)c1=[N+](CC)CC.O=S(=O)(NS(=O)(=O)C(F)(F)F)C(F)(F)F,exclude,1,0,False,neutral_component_or_incorrect_ion_role
co2,non_test,7192,CCN(CC)c1c(N(CC)CC)c1=[N+](CC)CC,O=S(=O)(NS(=O)(=O)C(F)(F)F)C(F)(F)F,CCN(CC)c1c(N(CC)CC)c1=[N+](CC)CC.O=S(=O)(NS(=O)(=O)C(F)(F)F)C(F)(F)F,exclude,1,0,False,neutral_component_or_incorrect_ion_role
co2,non_test,7221,CCN(CC)c1c(N(CC)CC)c1=[N+](CC)CC,O=S(=O)(NS(=O)(=O)C(F)(F)F)C(F)(F)F,CCN(CC)c1c(N(CC)CC)c1=[N+](CC)CC.O=S(=O)(NS(=O)(=O)C(F)(F)F)C(F)(F)F,exclude,1,0,False,neutral_component_or_incorrect_ion_role
co2,non_test,7280,CCN(CC)c1c(N(CC)CC)c1=[N+](CC)CC,O=S(=O)(NS(=O)(=O)C(F)(F)F)C(F)(F)F,CCN(CC)c1c(N(CC)CC)c1=[N+](CC)CC.O=S(=O)(NS(=O)(=O)C(F)(F)F)C(F)(F)F,exclude,1,0,False,neutral_component_or_incorrect_ion_role
co2,non_test,7447,CCN(CC)c1c(N(CC)CC)c1=[N+](CC)CC,O=S(=O)(NS(=O)(=O)C(F)(F)F)C(F)(F)F,CCN(CC)c1c(N(CC)CC)c1=[N+](CC)CC.O=S(=O)(NS(=O)(=O)C(F)(F)F)C(F)(F)F,exclude,1,0,False,neutral_component_or_incorrect_ion_role
co2,non_test,7597,CCN(CC)c1c(N(CC)CC)c1=[N+](CC)CC,O=S(=O)(NS(=O)(=O)C(F)(F)F)C(F)(F)F,CCN(CC)c1c(N(CC)CC)c1=[N+](CC)CC.O=S(=O)(NS(=O)(=O)C(F)(F)F)C(F)(F)F,exclude,1,0,False,neutral_component_or_incorrect_ion_role
co2,non_test,7692,CCN(CC)c1c(N(CC)CC)c1=[N+](CC)CC,O=S(=O)(NS(=O)(=O)C(F)(F)F)C(F)(F)F,CCN(CC)c1c(N(CC)CC)c1=[N+](CC)CC.O=S(=O)(NS(=O)(=O)C(F)(F)F)C(F)(F)F,exclude,1,0,False,neutral_component_or_incorrect_ion_role
co2,non_test,7744,CCN(CC)c1c(N(CC)CC)c1=[N+](CC)CC,O=S(=O)(NS(=O)(=O)C(F)(F)F)C(F)(F)F,CCN(CC)c1c(N(CC)CC)c1=[N+](CC)CC.O=S(=O)(NS(=O)(=O)C(F)(F)F)C(F)(F)F,exclude,1,0,False,neutral_component_or_incorrect_ion_role
co2,non_test,7817,CCN(CC)c1c(N(CC)CC)c1=[N+](CC)CC,O=S(=O)(NS(=O)(=O)C(F)(F)F)C(F)(F)F,CCN(CC)c1c(N(CC)CC)c1=[N+](CC)CC.O=S(=O)(NS(=O)(=O)C(F)(F)F)C(F)(F)F,exclude,1,0,False,neutral_component_or_incorrect_ion_role
co2,non_test,9248,CCN(CC)c1c(N(CC)CC)c1=[N+](CC)CC,O=S(=O)(NS(=O)(=O)C(F)(F)F)C(F)(F)F,CCN(CC)c1c(N(CC)CC)c1=[N+](CC)CC.O=S(=O)(NS(=O)(=O)C(F)(F)F)C(F)(F)F,exclude,1,0,False,neutral_component_or_incorrect_ion_role
co2,non_test,9282,CCN(CC)c1c(N(CC)CC)c1=[N+](CC)CC,O=S(=O)(NS(=O)(=O)C(F)(F)F)C(F)(F)F,CCN(CC)c1c(N(CC)CC)c1=[N+](CC)CC.O=S(=O)(NS(=O)(=O)C(F)(F)F)C(F)(F)F,exclude,1,0,False,neutral_component_or_incorrect_ion_role
co2,non_test,9316,CCN(CC)c1c(N(CC)CC)c1=[N+](CC)CC,O=S(=O)(NS(=O)(=O)C(F)(F)F)C(F)(F)F,CCN(CC)c1c(N(CC)CC)c1=[N+](CC)CC.O=S(=O)(NS(=O)(=O)C(F)(F)F)C(F)(F)F,exclude,1,0,False,neutral_component_or_incorrect_ion_role
co2,non_test,9353,CCN(CC)c1c(N(CC)CC)c1=[N+](CC)CC,O=S(=O)(NS(=O)(=O)C(F)(F)F)C(F)(F)F,CCN(CC)c1c(N(CC)CC)c1=[N+](CC)CC.O=S(=O)(NS(=O)(=O)C(F)(F)F)C(F)(F)F,exclude,1,0,False,neutral_component_or_incorrect_ion_role
co2,non_test,9391,CCN(CC)c1c(N(CC)CC)c1=[N+](CC)CC,O=S(=O)(NS(=O)(=O)C(F)(F)F)C(F)(F)F,CCN(CC)c1c(N(CC)CC)c1=[N+](CC)CC.O=S(=O)(NS(=O)(=O)C(F)(F)F)C(F)(F)F,exclude,1,0,False,neutral_component_or_incorrect_ion_role
co2,non_test,9416,CCN(CC)c1c(N(CC)CC)c1=[N+](CC)CC,O=S(=O)(NS(=O)(=O)C(F)(F)F)C(F)(F)F,CCN(CC)c1c(N(CC)CC)c1=[N+](CC)CC.O=S(=O)(NS(=O)(=O)C(F)(F)F)C(F)(F)F,exclude,1,0,False,neutral_component_or_incorrect_ion_role
co2,non_test,9440,CCN(CC)c1c(N(CC)CC)c1=[N+](CC)CC,O=S(=O)(NS(=O)(=O)C(F)(F)F)C(F)(F)F,CCN(CC)c1c(N(CC)CC)c1=[N+](CC)CC.O=S(=O)(NS(=O)(=O)C(F)(F)F)C(F)(F)F,exclude,1,0,False,neutral_component_or_incorrect_ion_role
co2,non_test,9486,CCN(CC)c1c(N(CC)CC)c1=[N+](CC)CC,O=S(=O)(NS(=O)(=O)C(F)(F)F)C(F)(F)F,CCN(CC)c1c(N(CC)CC)c1=[N+](CC)CC.O=S(=O)(NS(=O)(=O)C(F)(F)F)C(F)(F)F,exclude,1,0,False,neutral_component_or_incorrect_ion_role
co2,non_test,9563,CCN(CC)c1c(N(CC)CC)c1=[N+](CC)CC,O=S(=O)(NS(=O)(=O)C(F)(F)F)C(F)(F)F,CCN(CC)c1c(N(CC)CC)c1=[N+](CC)CC.O=S(=O)(NS(=O)(=O)C(F)(F)F)C(F)(F)F,exclude,1,0,False,neutral_component_or_incorrect_ion_role
co2,non_test,9613,CCN(CC)c1c(N(CC)CC)c1=[N+](CC)CC,O=S(=O)(NS(=O)(=O)C(F)(F)F)C(F)(F)F,CCN(CC)c1c(N(CC)CC)c1=[N+](CC)CC.O=S(=O)(NS(=O)(=O)C(F)(F)F)C(F)(F)F,exclude,1,0,False,neutral_component_or_incorrect_ion_role
co2,non_test,9648,CCN(CC)c1c(N(CC)CC)c1=[N+](CC)CC,O=S(=O)(NS(=O)(=O)C(F)(F)F)C(F)(F)F,CCN(CC)c1c(N(CC)CC)c1=[N+](CC)CC.O=S(=O)(NS(=O)(=O)C(F)(F)F)C(F)(F)F,exclude,1,0,False,neutral_component_or_incorrect_ion_role
co2,non_test,9661,CCN(CC)c1c(N(CC)CC)c1=[N+](CC)CC,O=S(=O)(NS(=O)(=O)C(F)(F)F)C(F)(F)F,CCN(CC)c1c(N(CC)CC)c1=[N+](CC)CC.O=S(=O)(NS(=O)(=O)C(F)(F)F)C(F)(F)F,exclude,1,0,False,neutral_component_or_incorrect_ion_role
co2,non_test,9667,CCN(CC)c1c(N(CC)CC)c1=[N+](CC)CC,O=S(=O)(NS(=O)(=O)C(F)(F)F)C(F)(F)F,CCN(CC)c1c(N(CC)CC)c1=[N+](CC)CC.O=S(=O)(NS(=O)(=O)C(F)(F)F)C(F)(F)F,exclude,1,0,False,neutral_component_or_incorrect_ion_role
co2,non_test,3109,CCCC[N+](CC)(CC)CC,O=S(=O)(NS(=O)(=O)C(F)(F)F)C(F)(F)F,CCCC[N+](CC)(CC)CC.O=S(=O)(NS(=O)(=O)C(F)(F)F)C(F)(F)F,exclude,1,0,False,neutral_component_or_incorrect_ion_role
co2,non_test,3121,CCCC[N+](CC)(CC)CC,O=S(=O)(NS(=O)(=O)C(F)(F)F)C(F)(F)F,CCCC[N+](CC)(CC)CC.O=S(=O)(NS(=O)(=O)C(F)(F)F)C(F)(F)F,exclude,1,0,False,neutral_component_or_incorrect_ion_role
co2,non_test,3140,CCCC[N+](CC)(CC)CC,O=S(=O)(NS(=O)(=O)C(F)(F)F)C(F)(F)F,CCCC[N+](CC)(CC)CC.O=S(=O)(NS(=O)(=O)C(F)(F)F)C(F)(F)F,exclude,1,0,False,neutral_component_or_incorrect_ion_role
co2,non_test,3154,CCCC[N+](CC)(CC)CC,O=S(=O)(NS(=O)(=O)C(F)(F)F)C(F)(F)F,CCCC[N+](CC)(CC)CC.O=S(=O)(NS(=O)(=O)C(F)(F)F)C(F)(F)F,exclude,1,0,False,neutral_component_or_incorrect_ion_role
co2,non_test,3161,CCCC[N+](CC)(CC)CC,O=S(=O)(NS(=O)(=O)C(F)(F)F)C(F)(F)F,CCCC[N+](CC)(CC)CC.O=S(=O)(NS(=O)(=O)C(F)(F)F)C(F)(F)F,exclude,1,0,False,neutral_component_or_incorrect_ion_role
co2,non_test,3169,CCCC[N+](CC)(CC)CC,O=S(=O)(NS(=O)(=O)C(F)(F)F)C(F)(F)F,CCCC[N+](CC)(CC)CC.O=S(=O)(NS(=O)(=O)C(F)(F)F)C(F)(F)F,exclude,1,0,False,neutral_component_or_incorrect_ion_role
co2,non_test,3175,CCCC[N+](CC)(CC)CC,O=S(=O)(NS(=O)(=O)C(F)(F)F)C(F)(F)F,CCCC[N+](CC)(CC)CC.O=S(=O)(NS(=O)(=O)C(F)(F)F)C(F)(F)F,exclude,1,0,False,neutral_component_or_incorrect_ion_role
co2,non_test,3184,CCCC[N+](CC)(CC)CC,O=S(=O)(NS(=O)(=O)C(F)(F)F)C(F)(F)F,CCCC[N+](CC)(CC)CC.O=S(=O)(NS(=O)(=O)C(F)(F)F)C(F)(F)F,exclude,1,0,False,neutral_component_or_incorrect_ion_role
co2,non_test,5294,CCCC[N+](CC)(CC)CC,O=S(=O)(NS(=O)(=O)C(F)(F)F)C(F)(F)F,CCCC[N+](CC)(CC)CC.O=S(=O)(NS(=O)(=O)C(F)(F)F)C(F)(F)F,exclude,1,0,False,neutral_component_or_incorrect_ion_role
co2,non_test,5302,CCCC[N+](CC)(CC)CC,O=S(=O)(NS(=O)(=O)C(F)(F)F)C(F)(F)F,CCCC[N+](CC)(CC)CC.O=S(=O)(NS(=O)(=O)C(F)(F)F)C(F)(F)F,exclude,1,0,False,neutral_component_or_incorrect_ion_role
co2,non_test,5319,CCCC[N+](CC)(CC)CC,O=S(=O)(NS(=O)(=O)C(F)(F)F)C(F)(F)F,CCCC[N+](CC)(CC)CC.O=S(=O)(NS(=O)(=O)C(F)(F)F)C(F)(F)F,exclude,1,0,False,neutral_component_or_incorrect_ion_role
co2,non_test,5348,CCCC[N+](CC)(CC)CC,O=S(=O)(NS(=O)(=O)C(F)(F)F)C(F)(F)F,CCCC[N+](CC)(CC)CC.O=S(=O)(NS(=O)(=O)C(F)(F)F)C(F)(F)F,exclude,1,0,False,neutral_component_or_incorrect_ion_role
co2,non_test,5371,CCCC[N+](CC)(CC)CC,O=S(=O)(NS(=O)(=O)C(F)(F)F)C(F)(F)F,CCCC[N+](CC)(CC)CC.O=S(=O)(NS(=O)(=O)C(F)(F)F)C(F)(F)F,exclude,1,0,False,neutral_component_or_incorrect_ion_role
co2,non_test,5382,CCCC[N+](CC)(CC)CC,O=S(=O)(NS(=O)(=O)C(F)(F)F)C(F)(F)F,CCCC[N+](CC)(CC)CC.O=S(=O)(NS(=O)(=O)C(F)(F)F)C(F)(F)F,exclude,1,0,False,neutral_component_or_incorrect_ion_role
co2,non_test,5395,CCCC[N+](CC)(CC)CC,O=S(=O)(NS(=O)(=O)C(F)(F)F)C(F)(F)F,CCCC[N+](CC)(CC)CC.O=S(=O)(NS(=O)(=O)C(F)(F)F)C(F)(F)F,exclude,1,0,False,neutral_component_or_incorrect_ion_role
co2,non_test,5414,CCCC[N+](CC)(CC)CC,O=S(=O)(NS(=O)(=O)C(F)(F)F)C(F)(F)F,CCCC[N+](CC)(CC)CC.O=S(=O)(NS(=O)(=O)C(F)(F)F)C(F)(F)F,exclude,1,0,False,neutral_component_or_incorrect_ion_role
co2,non_test,5434,CCCC[N+](CC)(CC)CC,O=S(=O)(NS(=O)(=O)C(F)(F)F)C(F)(F)F,CCCC[N+](CC)(CC)CC.O=S(=O)(NS(=O)(=O)C(F)(F)F)C(F)(F)F,exclude,1,0,False,neutral_component_or_incorrect_ion_role
co2,non_test,7970,CCCC[N+](CC)(CC)CC,O=S(=O)(NS(=O)(=O)C(F)(F)F)C(F)(F)F,CCCC[N+](CC)(CC)CC.O=S(=O)(NS(=O)(=O)C(F)(F)F)C(F)(F)F,exclude,1,0,False,neutral_component_or_incorrect_ion_role
co2,non_test,7974,CCCC[N+](CC)(CC)CC,O=S(=O)(NS(=O)(=O)C(F)(F)F)C(F)(F)F,CCCC[N+](CC)(CC)CC.O=S(=O)(NS(=O)(=O)C(F)(F)F)C(F)(F)F,exclude,1,0,False,neutral_component_or_incorrect_ion_role
co2,non_test,7986,CCCC[N+](CC)(CC)CC,O=S(=O)(NS(=O)(=O)C(F)(F)F)C(F)(F)F,CCCC[N+](CC)(CC)CC.O=S(=O)(NS(=O)(=O)C(F)(F)F)C(F)(F)F,exclude,1,0,False,neutral_component_or_incorrect_ion_role
co2,non_test,8009,CCCC[N+](CC)(CC)CC,O=S(=O)(NS(=O)(=O)C(F)(F)F)C(F)(F)F,CCCC[N+](CC)(CC)CC.O=S(=O)(NS(=O)(=O)C(F)(F)F)C(F)(F)F,exclude,1,0,False,neutral_component_or_incorrect_ion_role
co2,non_test,8025,CCCC[N+](CC)(CC)CC,O=S(=O)(NS(=O)(=O)C(F)(F)F)C(F)(F)F,CCCC[N+](CC)(CC)CC.O=S(=O)(NS(=O)(=O)C(F)(F)F)C(F)(F)F,exclude,1,0,False,neutral_component_or_incorrect_ion_role
co2,non_test,8033,CCCC[N+](CC)(CC)CC,O=S(=O)(NS(=O)(=O)C(F)(F)F)C(F)(F)F,CCCC[N+](CC)(CC)CC.O=S(=O)(NS(=O)(=O)C(F)(F)F)C(F)(F)F,exclude,1,0,False,neutral_component_or_incorrect_ion_role
co2,non_test,8042,CCCC[N+](CC)(CC)CC,O=S(=O)(NS(=O)(=O)C(F)(F)F)C(F)(F)F,CCCC[N+](CC)(CC)CC.O=S(=O)(NS(=O)(=O)C(F)(F)F)C(F)(F)F,exclude,1,0,False,neutral_component_or_incorrect_ion_role
co2,non_test,8049,CCCC[N+](CC)(CC)CC,O=S(=O)(NS(=O)(=O)C(F)(F)F)C(F)(F)F,CCCC[N+](CC)(CC)CC.O=S(=O)(NS(=O)(=O)C(F)(F)F)C(F)(F)F,exclude,1,0,False,neutral_component_or_incorrect_ion_role
co2,non_test,8060,CCCC[N+](CC)(CC)CC,O=S(=O)(NS(=O)(=O)C(F)(F)F)C(F)(F)F,CCCC[N+](CC)(CC)CC.O=S(=O)(NS(=O)(=O)C(F)(F)F)C(F)(F)F,exclude,1,0,False,neutral_component_or_incorrect_ion_role
co2,non_test,9717,CCCC[N+](CC)(CC)CC,O=S(=O)(NS(=O)(=O)C(F)(F)F)C(F)(F)F,CCCC[N+](CC)(CC)CC.O=S(=O)(NS(=O)(=O)C(F)(F)F)C(F)(F)F,exclude,1,0,False,neutral_component_or_incorrect_ion_role
co2,non_test,9728,CCCC[N+](CC)(CC)CC,O=S(=O)(NS(=O)(=O)C(F)(F)F)C(F)(F)F,CCCC[N+](CC)(CC)CC.O=S(=O)(NS(=O)(=O)C(F)(F)F)C(F)(F)F,exclude,1,0,False,neutral_component_or_incorrect_ion_role
co2,non_test,9753,CCCC[N+](CC)(CC)CC,O=S(=O)(NS(=O)(=O)C(F)(F)F)C(F)(F)F,CCCC[N+](CC)(CC)CC.O=S(=O)(NS(=O)(=O)C(F)(F)F)C(F)(F)F,exclude,1,0,False,neutral_component_or_incorrect_ion_role
co2,non_test,9791,CCCC[N+](CC)(CC)CC,O=S(=O)(NS(=O)(=O)C(F)(F)F)C(F)(F)F,CCCC[N+](CC)(CC)CC.O=S(=O)(NS(=O)(=O)C(F)(F)F)C(F)(F)F,exclude,1,0,False,neutral_component_or_incorrect_ion_role
co2,non_test,9806,CCCC[N+](CC)(CC)CC,O=S(=O)(NS(=O)(=O)C(F)(F)F)C(F)(F)F,CCCC[N+](CC)(CC)CC.O=S(=O)(NS(=O)(=O)C(F)(F)F)C(F)(F)F,exclude,1,0,False,neutral_component_or_incorrect_ion_role
co2,non_test,9816,CCCC[N+](CC)(CC)CC,O=S(=O)(NS(=O)(=O)C(F)(F)F)C(F)(F)F,CCCC[N+](CC)(CC)CC.O=S(=O)(NS(=O)(=O)C(F)(F)F)C(F)(F)F,exclude,1,0,False,neutral_component_or_incorrect_ion_role
co2,non_test,9823,CCCC[N+](CC)(CC)CC,O=S(=O)(NS(=O)(=O)C(F)(F)F)C(F)(F)F,CCCC[N+](CC)(CC)CC.O=S(=O)(NS(=O)(=O)C(F)(F)F)C(F)(F)F,exclude,1,0,False,neutral_component_or_incorrect_ion_role
co2,non_test,9840,CCCC[N+](CC)(CC)CC,O=S(=O)(NS(=O)(=O)C(F)(F)F)C(F)(F)F,CCCC[N+](CC)(CC)CC.O=S(=O)(NS(=O)(=O)C(F)(F)F)C(F)(F)F,exclude,1,0,False,neutral_component_or_incorrect_ion_role
co2,non_test,9851,CCCC[N+](CC)(CC)CC,O=S(=O)(NS(=O)(=O)C(F)(F)F)C(F)(F)F,CCCC[N+](CC)(CC)CC.O=S(=O)(NS(=O)(=O)C(F)(F)F)C(F)(F)F,exclude,1,0,False,neutral_component_or_incorrect_ion_role
co2,non_test,11372,CCCC[N+](CC)(CC)CC,O=S(=O)(NS(=O)(=O)C(F)(F)F)C(F)(F)F,CCCC[N+](CC)(CC)CC.O=S(=O)(NS(=O)(=O)C(F)(F)F)C(F)(F)F,exclude,1,0,False,neutral_component_or_incorrect_ion_role
co2,non_test,11374,CCCC[N+](CC)(CC)CC,O=S(=O)(NS(=O)(=O)C(F)(F)F)C(F)(F)F,CCCC[N+](CC)(CC)CC.O=S(=O)(NS(=O)(=O)C(F)(F)F)C(F)(F)F,exclude,1,0,False,neutral_component_or_incorrect_ion_role
co2,non_test,11382,CCCC[N+](CC)(CC)CC,O=S(=O)(NS(=O)(=O)C(F)(F)F)C(F)(F)F,CCCC[N+](CC)(CC)CC.O=S(=O)(NS(=O)(=O)C(F)(F)F)C(F)(F)F,exclude,1,0,False,neutral_component_or_incorrect_ion_role
co2,non_test,11399,CCCC[N+](CC)(CC)CC,O=S(=O)(NS(=O)(=O)C(F)(F)F)C(F)(F)F,CCCC[N+](CC)(CC)CC.O=S(=O)(NS(=O)(=O)C(F)(F)F)C(F)(F)F,exclude,1,0,False,neutral_component_or_incorrect_ion_role
co2,non_test,11409,CCCC[N+](CC)(CC)CC,O=S(=O)(NS(=O)(=O)C(F)(F)F)C(F)(F)F,CCCC[N+](CC)(CC)CC.O=S(=O)(NS(=O)(=O)C(F)(F)F)C(F)(F)F,exclude,1,0,False,neutral_component_or_incorrect_ion_role
co2,non_test,11417,CCCC[N+](CC)(CC)CC,O=S(=O)(NS(=O)(=O)C(F)(F)F)C(F)(F)F,CCCC[N+](CC)(CC)CC.O=S(=O)(NS(=O)(=O)C(F)(F)F)C(F)(F)F,exclude,1,0,False,neutral_component_or_incorrect_ion_role
co2,non_test,11421,CCCC[N+](CC)(CC)CC,O=S(=O)(NS(=O)(=O)C(F)(F)F)C(F)(F)F,CCCC[N+](CC)(CC)CC.O=S(=O)(NS(=O)(=O)C(F)(F)F)C(F)(F)F,exclude,1,0,False,neutral_component_or_incorrect_ion_role
co2,non_test,11428,CCCC[N+](CC)(CC)CC,O=S(=O)(NS(=O)(=O)C(F)(F)F)C(F)(F)F,CCCC[N+](CC)(CC)CC.O=S(=O)(NS(=O)(=O)C(F)(F)F)C(F)(F)F,exclude,1,0,False,neutral_component_or_incorrect_ion_role
co2,non_test,11434,CCCC[N+](CC)(CC)CC,O=S(=O)(NS(=O)(=O)C(F)(F)F)C(F)(F)F,CCCC[N+](CC)(CC)CC.O=S(=O)(NS(=O)(=O)C(F)(F)F)C(F)(F)F,exclude,1,0,False,neutral_component_or_incorrect_ion_role
co2,non_test,12456,CCCC[N+](CC)(CC)CC,O=S(=O)(NS(=O)(=O)C(F)(F)F)C(F)(F)F,CCCC[N+](CC)(CC)CC.O=S(=O)(NS(=O)(=O)C(F)(F)F)C(F)(F)F,exclude,1,0,False,neutral_component_or_incorrect_ion_role
co2,non_test,12458,CCCC[N+](CC)(CC)CC,O=S(=O)(NS(=O)(=O)C(F)(F)F)C(F)(F)F,CCCC[N+](CC)(CC)CC.O=S(=O)(NS(=O)(=O)C(F)(F)F)C(F)(F)F,exclude,1,0,False,neutral_component_or_incorrect_ion_role
co2,non_test,12465,CCCC[N+](CC)(CC)CC,O=S(=O)(NS(=O)(=O)C(F)(F)F)C(F)(F)F,CCCC[N+](CC)(CC)CC.O=S(=O)(NS(=O)(=O)C(F)(F)F)C(F)(F)F,exclude,1,0,False,neutral_component_or_incorrect_ion_role
co2,non_test,12482,CCCC[N+](CC)(CC)CC,O=S(=O)(NS(=O)(=O)C(F)(F)F)C(F)(F)F,CCCC[N+](CC)(CC)CC.O=S(=O)(NS(=O)(=O)C(F)(F)F)C(F)(F)F,exclude,1,0,False,neutral_component_or_incorrect_ion_role
co2,non_test,12492,CCCC[N+](CC)(CC)CC,O=S(=O)(NS(=O)(=O)C(F)(F)F)C(F)(F)F,CCCC[N+](CC)(CC)CC.O=S(=O)(NS(=O)(=O)C(F)(F)F)C(F)(F)F,exclude,1,0,False,neutral_component_or_incorrect_ion_role
co2,non_test,12500,CCCC[N+](CC)(CC)CC,O=S(=O)(NS(=O)(=O)C(F)(F)F)C(F)(F)F,CCCC[N+](CC)(CC)CC.O=S(=O)(NS(=O)(=O)C(F)(F)F)C(F)(F)F,exclude,1,0,False,neutral_component_or_incorrect_ion_role
co2,non_test,12505,CCCC[N+](CC)(CC)CC,O=S(=O)(NS(=O)(=O)C(F)(F)F)C(F)(F)F,CCCC[N+](CC)(CC)CC.O=S(=O)(NS(=O)(=O)C(F)(F)F)C(F)(F)F,exclude,1,0,False,neutral_component_or_incorrect_ion_role
co2,non_test,12516,CCCC[N+](CC)(CC)CC,O=S(=O)(NS(=O)(=O)C(F)(F)F)C(F)(F)F,CCCC[N+](CC)(CC)CC.O=S(=O)(NS(=O)(=O)C(F)(F)F)C(F)(F)F,exclude,1,0,False,neutral_component_or_incorrect_ion_role
co2,non_test,12521,CCCC[N+](CC)(CC)CC,O=S(=O)(NS(=O)(=O)C(F)(F)F)C(F)(F)F,CCCC[N+](CC)(CC)CC.O=S(=O)(NS(=O)(=O)C(F)(F)F)C(F)(F)F,exclude,1,0,False,neutral_component_or_incorrect_ion_role
co2,non_test,13217,CCCC[N+](CC)(CC)CC,O=S(=O)(NS(=O)(=O)C(F)(F)F)C(F)(F)F,CCCC[N+](CC)(CC)CC.O=S(=O)(NS(=O)(=O)C(F)(F)F)C(F)(F)F,exclude,1,0,False,neutral_component_or_incorrect_ion_role
co2,non_test,13219,CCCC[N+](CC)(CC)CC,O=S(=O)(NS(=O)(=O)C(F)(F)F)C(F)(F)F,CCCC[N+](CC)(CC)CC.O=S(=O)(NS(=O)(=O)C(F)(F)F)C(F)(F)F,exclude,1,0,False,neutral_component_or_incorrect_ion_role
co2,non_test,13225,CCCC[N+](CC)(CC)CC,O=S(=O)(NS(=O)(=O)C(F)(F)F)C(F)(F)F,CCCC[N+](CC)(CC)CC.O=S(=O)(NS(=O)(=O)C(F)(F)F)C(F)(F)F,exclude,1,0,False,neutral_component_or_incorrect_ion_role
co2,non_test,13243,CCCC[N+](CC)(CC)CC,O=S(=O)(NS(=O)(=O)C(F)(F)F)C(F)(F)F,CCCC[N+](CC)(CC)CC.O=S(=O)(NS(=O)(=O)C(F)(F)F)C(F)(F)F,exclude,1,0,False,neutral_component_or_incorrect_ion_role
co2,non_test,13251,CCCC[N+](CC)(CC)CC,O=S(=O)(NS(=O)(=O)C(F)(F)F)C(F)(F)F,CCCC[N+](CC)(CC)CC.O=S(=O)(NS(=O)(=O)C(F)(F)F)C(F)(F)F,exclude,1,0,False,neutral_component_or_incorrect_ion_role
co2,non_test,13258,CCCC[N+](CC)(CC)CC,O=S(=O)(NS(=O)(=O)C(F)(F)F)C(F)(F)F,CCCC[N+](CC)(CC)CC.O=S(=O)(NS(=O)(=O)C(F)(F)F)C(F)(F)F,exclude,1,0,False,neutral_component_or_incorrect_ion_role
co2,non_test,13262,CCCC[N+](CC)(CC)CC,O=S(=O)(NS(=O)(=O)C(F)(F)F)C(F)(F)F,CCCC[N+](CC)(CC)CC.O=S(=O)(NS(=O)(=O)C(F)(F)F)C(F)(F)F,exclude,1,0,False,neutral_component_or_incorrect_ion_role
co2,non_test,13268,CCCC[N+](CC)(CC)CC,O=S(=O)(NS(=O)(=O)C(F)(F)F)C(F)(F)F,CCCC[N+](CC)(CC)CC.O=S(=O)(NS(=O)(=O)C(F)(F)F)C(F)(F)F,exclude,1,0,False,neutral_component_or_incorrect_ion_role
co2,non_test,13272,CCCC[N+](CC)(CC)CC,O=S(=O)(NS(=O)(=O)C(F)(F)F)C(F)(F)F,CCCC[N+](CC)(CC)CC.O=S(=O)(NS(=O)(=O)C(F)(F)F)C(F)(F)F,exclude,1,0,False,neutral_component_or_incorrect_ion_role
co2,non_test,13717,CCCC[N+](CC)(CC)CC,O=S(=O)(NS(=O)(=O)C(F)(F)F)C(F)(F)F,CCCC[N+](CC)(CC)CC.O=S(=O)(NS(=O)(=O)C(F)(F)F)C(F)(F)F,exclude,1,0,False,neutral_component_or_incorrect_ion_role
co2,non_test,13719,CCCC[N+](CC)(CC)CC,O=S(=O)(NS(=O)(=O)C(F)(F)F)C(F)(F)F,CCCC[N+](CC)(CC)CC.O=S(=O)(NS(=O)(=O)C(F)(F)F)C(F)(F)F,exclude,1,0,False,neutral_component_or_incorrect_ion_role
co2,non_test,13726,CCCC[N+](CC)(CC)CC,O=S(=O)(NS(=O)(=O)C(F)(F)F)C(F)(F)F,CCCC[N+](CC)(CC)CC.O=S(=O)(NS(=O)(=O)C(F)(F)F)C(F)(F)F,exclude,1,0,False,neutral_component_or_incorrect_ion_role
co2,non_test,13745,CCCC[N+](CC)(CC)CC,O=S(=O)(NS(=O)(=O)C(F)(F)F)C(F)(F)F,CCCC[N+](CC)(CC)CC.O=S(=O)(NS(=O)(=O)C(F)(F)F)C(F)(F)F,exclude,1,0,False,neutral_component_or_incorrect_ion_role
co2,non_test,13757,CCCC[N+](CC)(CC)CC,O=S(=O)(NS(=O)(=O)C(F)(F)F)C(F)(F)F,CCCC[N+](CC)(CC)CC.O=S(=O)(NS(=O)(=O)C(F)(F)F)C(F)(F)F,exclude,1,0,False,neutral_component_or_incorrect_ion_role
co2,non_test,13764,CCCC[N+](CC)(CC)CC,O=S(=O)(NS(=O)(=O)C(F)(F)F)C(F)(F)F,CCCC[N+](CC)(CC)CC.O=S(=O)(NS(=O)(=O)C(F)(F)F)C(F)(F)F,exclude,1,0,False,neutral_component_or_incorrect_ion_role
co2,non_test,13770,CCCC[N+](CC)(CC)CC,O=S(=O)(NS(=O)(=O)C(F)(F)F)C(F)(F)F,CCCC[N+](CC)(CC)CC.O=S(=O)(NS(=O)(=O)C(F)(F)F)C(F)(F)F,exclude,1,0,False,neutral_component_or_incorrect_ion_role
co2,non_test,13779,CCCC[N+](CC)(CC)CC,O=S(=O)(NS(=O)(=O)C(F)(F)F)C(F)(F)F,CCCC[N+](CC)(CC)CC.O=S(=O)(NS(=O)(=O)C(F)(F)F)C(F)(F)F,exclude,1,0,False,neutral_component_or_incorrect_ion_role
co2,non_test,13784,CCCC[N+](CC)(CC)CC,O=S(=O)(NS(=O)(=O)C(F)(F)F)C(F)(F)F,CCCC[N+](CC)(CC)CC.O=S(=O)(NS(=O)(=O)C(F)(F)F)C(F)(F)F,exclude,1,0,False,neutral_component_or_incorrect_ion_role
co2,non_test,1390,CCC[N+]1(C)CCCCC1,O=S(=O)(F)NS(=O)(=O)F,CCC[N+]1(C)CCCCC1.O=S(=O)(F)NS(=O)(=O)F,exclude,1,0,False,neutral_component_or_incorrect_ion_role
co2,non_test,1413,CCC[N+]1(C)CCCCC1,O=S(=O)(F)NS(=O)(=O)F,CCC[N+]1(C)CCCCC1.O=S(=O)(F)NS(=O)(=O)F,exclude,1,0,False,neutral_component_or_incorrect_ion_role
co2,non_test,1435,CCC[N+]1(C)CCCCC1,O=S(=O)(F)NS(=O)(=O)F,CCC[N+]1(C)CCCCC1.O=S(=O)(F)NS(=O)(=O)F,exclude,1,0,False,neutral_component_or_incorrect_ion_role
co2,non_test,1474,CCC[N+]1(C)CCCCC1,O=S(=O)(F)NS(=O)(=O)F,CCC[N+]1(C)CCCCC1.O=S(=O)(F)NS(=O)(=O)F,exclude,1,0,False,neutral_component_or_incorrect_ion_role
co2,non_test,1513,CCC[N+]1(C)CCCCC1,O=S(=O)(F)NS(=O)(=O)F,CCC[N+]1(C)CCCCC1.O=S(=O)(F)NS(=O)(=O)F,exclude,1,0,False,neutral_component_or_incorrect_ion_role
co2,non_test,1582,CCC[N+]1(C)CCCCC1,O=S(=O)(F)NS(=O)(=O)F,CCC[N+]1(C)CCCCC1.O=S(=O)(F)NS(=O)(=O)F,exclude,1,0,False,neutral_component_or_incorrect_ion_role
co2,non_test,1654,CCC[N+]1(C)CCCCC1,O=S(=O)(F)NS(=O)(=O)F,CCC[N+]1(C)CCCCC1.O=S(=O)(F)NS(=O)(=O)F,exclude,1,0,False,neutral_component_or_incorrect_ion_role
co2,non_test,1724,CCC[N+]1(C)CCCCC1,O=S(=O)(F)NS(=O)(=O)F,CCC[N+]1(C)CCCCC1.O=S(=O)(F)NS(=O)(=O)F,exclude,1,0,False,neutral_component_or_incorrect_ion_role
co2,non_test,1760,CCC[N+]1(C)CCCCC1,O=S(=O)(F)NS(=O)(=O)F,CCC[N+]1(C)CCCCC1.O=S(=O)(F)NS(=O)(=O)F,exclude,1,0,False,neutral_component_or_incorrect_ion_role
co2,non_test,1803,CCC[N+]1(C)CCCCC1,O=S(=O)(F)NS(=O)(=O)F,CCC[N+]1(C)CCCCC1.O=S(=O)(F)NS(=O)(=O)F,exclude,1,0,False,neutral_component_or_incorrect_ion_role
co2,non_test,1827,CCC[N+]1(C)CCCCC1,O=S(=O)(F)NS(=O)(=O)F,CCC[N+]1(C)CCCCC1.O=S(=O)(F)NS(=O)(=O)F,exclude,1,0,False,neutral_component_or_incorrect_ion_role
co2,non_test,1876,CCC[N+]1(C)CCCCC1,O=S(=O)(F)NS(=O)(=O)F,CCC[N+]1(C)CCCCC1.O=S(=O)(F)NS(=O)(=O)F,exclude,1,0,False,neutral_component_or_incorrect_ion_role
co2,non_test,4716,CCC[N+]1(C)CCCCC1,O=S(=O)(F)NS(=O)(=O)F,CCC[N+]1(C)CCCCC1.O=S(=O)(F)NS(=O)(=O)F,exclude,1,0,False,neutral_component_or_incorrect_ion_role
co2,non_test,4751,CCC[N+]1(C)CCCCC1,O=S(=O)(F)NS(=O)(=O)F,CCC[N+]1(C)CCCCC1.O=S(=O)(F)NS(=O)(=O)F,exclude,1,0,False,neutral_component_or_incorrect_ion_role
co2,non_test,4801,CCC[N+]1(C)CCCCC1,O=S(=O)(F)NS(=O)(=O)F,CCC[N+]1(C)CCCCC1.O=S(=O)(F)NS(=O)(=O)F,exclude,1,0,False,neutral_component_or_incorrect_ion_role
co2,non_test,4864,CCC[N+]1(C)CCCCC1,O=S(=O)(F)NS(=O)(=O)F,CCC[N+]1(C)CCCCC1.O=S(=O)(F)NS(=O)(=O)F,exclude,1,0,False,neutral_component_or_incorrect_ion_role
co2,non_test,4906,CCC[N+]1(C)CCCCC1,O=S(=O)(F)NS(=O)(=O)F,CCC[N+]1(C)CCCCC1.O=S(=O)(F)NS(=O)(=O)F,exclude,1,0,False,neutral_component_or_incorrect_ion_role
co2,non_test,4972,CCC[N+]1(C)CCCCC1,O=S(=O)(F)NS(=O)(=O)F,CCC[N+]1(C)CCCCC1.O=S(=O)(F)NS(=O)(=O)F,exclude,1,0,False,neutral_component_or_incorrect_ion_role
co2,non_test,5018,CCC[N+]1(C)CCCCC1,O=S(=O)(F)NS(=O)(=O)F,CCC[N+]1(C)CCCCC1.O=S(=O)(F)NS(=O)(=O)F,exclude,1,0,False,neutral_component_or_incorrect_ion_role
co2,non_test,5069,CCC[N+]1(C)CCCCC1,O=S(=O)(F)NS(=O)(=O)F,CCC[N+]1(C)CCCCC1.O=S(=O)(F)NS(=O)(=O)F,exclude,1,0,False,neutral_component_or_incorrect_ion_role
co2,non_test,5102,CCC[N+]1(C)CCCCC1,O=S(=O)(F)NS(=O)(=O)F,CCC[N+]1(C)CCCCC1.O=S(=O)(F)NS(=O)(=O)F,exclude,1,0,False,neutral_component_or_incorrect_ion_role
co2,non_test,5127,CCC[N+]1(C)CCCCC1,O=S(=O)(F)NS(=O)(=O)F,CCC[N+]1(C)CCCCC1.O=S(=O)(F)NS(=O)(=O)F,exclude,1,0,False,neutral_component_or_incorrect_ion_role
co2,non_test,5148,CCC[N+]1(C)CCCCC1,O=S(=O)(F)NS(=O)(=O)F,CCC[N+]1(C)CCCCC1.O=S(=O)(F)NS(=O)(=O)F,exclude,1,0,False,neutral_component_or_incorrect_ion_role
co2,non_test,5176,CCC[N+]1(C)CCCCC1,O=S(=O)(F)NS(=O)(=O)F,CCC[N+]1(C)CCCCC1.O=S(=O)(F)NS(=O)(=O)F,exclude,1,0,False,neutral_component_or_incorrect_ion_role
co2,non_test,11191,CCC[N+]1(C)CCCCC1,O=S(=O)(F)NS(=O)(=O)F,CCC[N+]1(C)CCCCC1.O=S(=O)(F)NS(=O)(=O)F,exclude,1,0,False,neutral_component_or_incorrect_ion_role
co2,non_test,11203,CCC[N+]1(C)CCCCC1,O=S(=O)(F)NS(=O)(=O)F,CCC[N+]1(C)CCCCC1.O=S(=O)(F)NS(=O)(=O)F,exclude,1,0,False,neutral_component_or_incorrect_ion_role
co2,non_test,11215,CCC[N+]1(C)CCCCC1,O=S(=O)(F)NS(=O)(=O)F,CCC[N+]1(C)CCCCC1.O=S(=O)(F)NS(=O)(=O)F,exclude,1,0,False,neutral_component_or_incorrect_ion_role
co2,non_test,11232,CCC[N+]1(C)CCCCC1,O=S(=O)(F)NS(=O)(=O)F,CCC[N+]1(C)CCCCC1.O=S(=O)(F)NS(=O)(=O)F,exclude,1,0,False,neutral_component_or_incorrect_ion_role
co2,non_test,11250,CCC[N+]1(C)CCCCC1,O=S(=O)(F)NS(=O)(=O)F,CCC[N+]1(C)CCCCC1.O=S(=O)(F)NS(=O)(=O)F,exclude,1,0,False,neutral_component_or_incorrect_ion_role
co2,non_test,11269,CCC[N+]1(C)CCCCC1,O=S(=O)(F)NS(=O)(=O)F,CCC[N+]1(C)CCCCC1.O=S(=O)(F)NS(=O)(=O)F,exclude,1,0,False,neutral_component_or_incorrect_ion_role
co2,non_test,11285,CCC[N+]1(C)CCCCC1,O=S(=O)(F)NS(=O)(=O)F,CCC[N+]1(C)CCCCC1.O=S(=O)(F)NS(=O)(=O)F,exclude,1,0,False,neutral_component_or_incorrect_ion_role
co2,non_test,11299,CCC[N+]1(C)CCCCC1,O=S(=O)(F)NS(=O)(=O)F,CCC[N+]1(C)CCCCC1.O=S(=O)(F)NS(=O)(=O)F,exclude,1,0,False,neutral_component_or_incorrect_ion_role
co2,non_test,11315,CCC[N+]1(C)CCCCC1,O=S(=O)(F)NS(=O)(=O)F,CCC[N+]1(C)CCCCC1.O=S(=O)(F)NS(=O)(=O)F,exclude,1,0,False,neutral_component_or_incorrect_ion_role
co2,non_test,11327,CCC[N+]1(C)CCCCC1,O=S(=O)(F)NS(=O)(=O)F,CCC[N+]1(C)CCCCC1.O=S(=O)(F)NS(=O)(=O)F,exclude,1,0,False,neutral_component_or_incorrect_ion_role
co2,non_test,11338,CCC[N+]1(C)CCCCC1,O=S(=O)(F)NS(=O)(=O)F,CCC[N+]1(C)CCCCC1.O=S(=O)(F)NS(=O)(=O)F,exclude,1,0,False,neutral_component_or_incorrect_ion_role
co2,non_test,11346,CCC[N+]1(C)CCCCC1,O=S(=O)(F)NS(=O)(=O)F,CCC[N+]1(C)CCCCC1.O=S(=O)(F)NS(=O)(=O)F,exclude,1,0,False,neutral_component_or_incorrect_ion_role
co2,non_test,2512,CCCC[N+]1(C)CCCCC1,O=S(=O)(NS(=O)(=O)C(F)(F)F)C(F)(F)F,CCCC[N+]1(C)CCCCC1.O=S(=O)(NS(=O)(=O)C(F)(F)F)C(F)(F)F,exclude,1,0,False,neutral_component_or_incorrect_ion_role
co2,non_test,2514,CCCC[N+]1(C)CCCCC1,O=S(=O)(NS(=O)(=O)C(F)(F)F)C(F)(F)F,CCCC[N+]1(C)CCCCC1.O=S(=O)(NS(=O)(=O)C(F)(F)F)C(F)(F)F,exclude,1,0,False,neutral_component_or_incorrect_ion_role
co2,non_test,3058,CCCC[N+]1(C)CCCCC1,O=S(=O)(NS(=O)(=O)C(F)(F)F)C(F)(F)F,CCCC[N+]1(C)CCCCC1.O=S(=O)(NS(=O)(=O)C(F)(F)F)C(F)(F)F,exclude,1,0,False,neutral_component_or_incorrect_ion_role
co2,non_test,3218,CCCC[N+]1(C)CCCCC1,O=S(=O)(NS(=O)(=O)C(F)(F)F)C(F)(F)F,CCCC[N+]1(C)CCCCC1.O=S(=O)(NS(=O)(=O)C(F)(F)F)C(F)(F)F,exclude,1,0,False,neutral_component_or_incorrect_ion_role
co2,non_test,3293,CCCC[N+]1(C)CCCCC1,O=S(=O)(NS(=O)(=O)C(F)(F)F)C(F)(F)F,CCCC[N+]1(C)CCCCC1.O=S(=O)(NS(=O)(=O)C(F)(F)F)C(F)(F)F,exclude,1,0,False,neutral_component_or_incorrect_ion_role
co2,non_test,4019,CCCC[N+]1(C)CCCCC1,O=S(=O)(NS(=O)(=O)C(F)(F)F)C(F)(F)F,CCCC[N+]1(C)CCCCC1.O=S(=O)(NS(=O)(=O)C(F)(F)F)C(F)(F)F,exclude,1,0,False,neutral_component_or_incorrect_ion_role
co2,non_test,4026,CCCC[N+]1(C)CCCCC1,O=S(=O)(NS(=O)(=O)C(F)(F)F)C(F)(F)F,CCCC[N+]1(C)CCCCC1.O=S(=O)(NS(=O)(=O)C(F)(F)F)C(F)(F)F,exclude,1,0,False,neutral_component_or_incorrect_ion_role
co2,non_test,5203,CCCC[N+]1(C)CCCCC1,O=S(=O)(NS(=O)(=O)C(F)(F)F)C(F)(F)F,CCCC[N+]1(C)CCCCC1.O=S(=O)(NS(=O)(=O)C(F)(F)F)C(F)(F)F,exclude,1,0,False,neutral_component_or_incorrect_ion_role
co2,non_test,5530,CCCC[N+]1(C)CCCCC1,O=S(=O)(NS(=O)(=O)C(F)(F)F)C(F)(F)F,CCCC[N+]1(C)CCCCC1.O=S(=O)(NS(=O)(=O)C(F)(F)F)C(F)(F)F,exclude,1,0,False,neutral_component_or_incorrect_ion_role
co2,non_test,5690,CCCC[N+]1(C)CCCCC1,O=S(=O)(NS(=O)(=O)C(F)(F)F)C(F)(F)F,CCCC[N+]1(C)CCCCC1.O=S(=O)(NS(=O)(=O)C(F)(F)F)C(F)(F)F,exclude,1,0,False,neutral_component_or_incorrect_ion_role
co2,non_test,6612,CCCC[N+]1(C)CCCCC1,O=S(=O)(NS(=O)(=O)C(F)(F)F)C(F)(F)F,CCCC[N+]1(C)CCCCC1.O=S(=O)(NS(=O)(=O)C(F)(F)F)C(F)(F)F,exclude,1,0,False,neutral_component_or_incorrect_ion_role
co2,non_test,6618,CCCC[N+]1(C)CCCCC1,O=S(=O)(NS(=O)(=O)C(F)(F)F)C(F)(F)F,CCCC[N+]1(C)CCCCC1.O=S(=O)(NS(=O)(=O)C(F)(F)F)C(F)(F)F,exclude,1,0,False,neutral_component_or_incorrect_ion_role
co2,non_test,8106,CCCC[N+]1(C)CCCCC1,O=S(=O)(NS(=O)(=O)C(F)(F)F)C(F)(F)F,CCCC[N+]1(C)CCCCC1.O=S(=O)(NS(=O)(=O)C(F)(F)F)C(F)(F)F,exclude,1,0,False,neutral_component_or_incorrect_ion_role
co2,non_test,8165,CCCC[N+]1(C)CCCCC1,O=S(=O)(NS(=O)(=O)C(F)(F)F)C(F)(F)F,CCCC[N+]1(C)CCCCC1.O=S(=O)(NS(=O)(=O)C(F)(F)F)C(F)(F)F,exclude,1,0,False,neutral_component_or_incorrect_ion_role
co2,non_test,8188,CCCC[N+]1(C)CCCCC1,O=S(=O)(NS(=O)(=O)C(F)(F)F)C(F)(F)F,CCCC[N+]1(C)CCCCC1.O=S(=O)(NS(=O)(=O)C(F)(F)F)C(F)(F)F,exclude,1,0,False,neutral_component_or_incorrect_ion_role
co2,non_test,8726,CCCC[N+]1(C)CCCCC1,O=S(=O)(NS(=O)(=O)C(F)(F)F)C(F)(F)F,CCCC[N+]1(C)CCCCC1.O=S(=O)(NS(=O)(=O)C(F)(F)F)C(F)(F)F,exclude,1,0,False,neutral_component_or_incorrect_ion_role
co2,non_test,9882,CCCC[N+]1(C)CCCCC1,O=S(=O)(NS(=O)(=O)C(F)(F)F)C(F)(F)F,CCCC[N+]1(C)CCCCC1.O=S(=O)(NS(=O)(=O)C(F)(F)F)C(F)(F)F,exclude,1,0,False,neutral_component_or_incorrect_ion_role
co2,non_test,9952,CCCC[N+]1(C)CCCCC1,O=S(=O)(NS(=O)(=O)C(F)(F)F)C(F)(F)F,CCCC[N+]1(C)CCCCC1.O=S(=O)(NS(=O)(=O)C(F)(F)F)C(F)(F)F,exclude,1,0,False,neutral_component_or_incorrect_ion_role
co2,non_test,10140,CCCC[N+]1(C)CCCCC1,O=S(=O)(NS(=O)(=O)C(F)(F)F)C(F)(F)F,CCCC[N+]1(C)CCCCC1.O=S(=O)(NS(=O)(=O)C(F)(F)F)C(F)(F)F,exclude,1,0,False,neutral_component_or_incorrect_ion_role
co2,non_test,10159,CCCC[N+]1(C)CCCCC1,O=S(=O)(NS(=O)(=O)C(F)(F)F)C(F)(F)F,CCCC[N+]1(C)CCCCC1.O=S(=O)(NS(=O)(=O)C(F)(F)F)C(F)(F)F,exclude,1,0,False,neutral_component_or_incorrect_ion_role
co2,non_test,11352,CCCC[N+]1(C)CCCCC1,O=S(=O)(NS(=O)(=O)C(F)(F)F)C(F)(F)F,CCCC[N+]1(C)CCCCC1.O=S(=O)(NS(=O)(=O)C(F)(F)F)C(F)(F)F,exclude,1,0,False,neutral_component_or_incorrect_ion_role
co2,non_test,11444,CCCC[N+]1(C)CCCCC1,O=S(=O)(NS(=O)(=O)C(F)(F)F)C(F)(F)F,CCCC[N+]1(C)CCCCC1.O=S(=O)(NS(=O)(=O)C(F)(F)F)C(F)(F)F,exclude,1,0,False,neutral_component_or_incorrect_ion_role
co2,non_test,11457,CCCC[N+]1(C)CCCCC1,O=S(=O)(NS(=O)(=O)C(F)(F)F)C(F)(F)F,CCCC[N+]1(C)CCCCC1.O=S(=O)(NS(=O)(=O)C(F)(F)F)C(F)(F)F,exclude,1,0,False,neutral_component_or_incorrect_ion_role
co2,non_test,11521,CCCC[N+]1(C)CCCCC1,O=S(=O)(NS(=O)(=O)C(F)(F)F)C(F)(F)F,CCCC[N+]1(C)CCCCC1.O=S(=O)(NS(=O)(=O)C(F)(F)F)C(F)(F)F,exclude,1,0,False,neutral_component_or_incorrect_ion_role
co2,non_test,11533,CCCC[N+]1(C)CCCCC1,O=S(=O)(NS(=O)(=O)C(F)(F)F)C(F)(F)F,CCCC[N+]1(C)CCCCC1.O=S(=O)(NS(=O)(=O)C(F)(F)F)C(F)(F)F,exclude,1,0,False,neutral_component_or_incorrect_ion_role
co2,non_test,12567,CCCC[N+]1(C)CCCCC1,O=S(=O)(NS(=O)(=O)C(F)(F)F)C(F)(F)F,CCCC[N+]1(C)CCCCC1.O=S(=O)(NS(=O)(=O)C(F)(F)F)C(F)(F)F,exclude,1,0,False,neutral_component_or_incorrect_ion_role
co2,non_test,12676,CCCC[N+]1(C)CCCCC1,O=S(=O)(NS(=O)(=O)C(F)(F)F)C(F)(F)F,CCCC[N+]1(C)CCCCC1.O=S(=O)(NS(=O)(=O)C(F)(F)F)C(F)(F)F,exclude,1,0,False,neutral_component_or_incorrect_ion_role
co2,non_test,12723,CCCC[N+]1(C)CCCCC1,O=S(=O)(NS(=O)(=O)C(F)(F)F)C(F)(F)F,CCCC[N+]1(C)CCCCC1.O=S(=O)(NS(=O)(=O)C(F)(F)F)C(F)(F)F,exclude,1,0,False,neutral_component_or_incorrect_ion_role
co2,non_test,12727,CCCC[N+]1(C)CCCCC1,O=S(=O)(NS(=O)(=O)C(F)(F)F)C(F)(F)F,CCCC[N+]1(C)CCCCC1.O=S(=O)(NS(=O)(=O)C(F)(F)F)C(F)(F)F,exclude,1,0,False,neutral_component_or_incorrect_ion_role
co2,non_test,13311,CCCC[N+]1(C)CCCCC1,O=S(=O)(NS(=O)(=O)C(F)(F)F)C(F)(F)F,CCCC[N+]1(C)CCCCC1.O=S(=O)(NS(=O)(=O)C(F)(F)F)C(F)(F)F,exclude,1,0,False,neutral_component_or_incorrect_ion_role
co2,non_test,13332,CCCC[N+]1(C)CCCCC1,O=S(=O)(NS(=O)(=O)C(F)(F)F)C(F)(F)F,CCCC[N+]1(C)CCCCC1.O=S(=O)(NS(=O)(=O)C(F)(F)F)C(F)(F)F,exclude,1,0,False,neutral_component_or_incorrect_ion_role
co2,non_test,13358,CCCC[N+]1(C)CCCCC1,O=S(=O)(NS(=O)(=O)C(F)(F)F)C(F)(F)F,CCCC[N+]1(C)CCCCC1.O=S(=O)(NS(=O)(=O)C(F)(F)F)C(F)(F)F,exclude,1,0,False,neutral_component_or_incorrect_ion_role
co2,non_test,13372,CCCC[N+]1(C)CCCCC1,O=S(=O)(NS(=O)(=O)C(F)(F)F)C(F)(F)F,CCCC[N+]1(C)CCCCC1.O=S(=O)(NS(=O)(=O)C(F)(F)F)C(F)(F)F,exclude,1,0,False,neutral_component_or_incorrect_ion_role
co2,non_test,10081,CCCC[N+]1C=CC=C(C(=O)[O-])C1,O=S(=O)([N-]S(=O)(=O)C(F)(F)F)C(F)(F)F,CCCC[N+]1C=CC=C(C(=O)[O-])C1.O=S(=O)([N-]S(=O)(=O)C(F)(F)F)C(F)(F)F,exclude,0,-1,False,neutral_component_or_incorrect_ion_role
co2,non_test,516,CCCC[N+](C)(C)C,O=S(=O)(NS(=O)(=O)C(F)(F)F)C(F)(F)F,CCCC[N+](C)(C)C.O=S(=O)(NS(=O)(=O)C(F)(F)F)C(F)(F)F,exclude,1,0,False,neutral_component_or_incorrect_ion_role
co2,non_test,2455,CCCC[N+](C)(C)C,O=S(=O)(NS(=O)(=O)C(F)(F)F)C(F)(F)F,CCCC[N+](C)(C)C.O=S(=O)(NS(=O)(=O)C(F)(F)F)C(F)(F)F,exclude,1,0,False,neutral_component_or_incorrect_ion_role
co2,non_test,2458,CCCC[N+](C)(C)C,O=S(=O)(NS(=O)(=O)C(F)(F)F)C(F)(F)F,CCCC[N+](C)(C)C.O=S(=O)(NS(=O)(=O)C(F)(F)F)C(F)(F)F,exclude,1,0,False,neutral_component_or_incorrect_ion_role
co2,non_test,2459,CCCC[N+](C)(C)C,O=S(=O)(NS(=O)(=O)C(F)(F)F)C(F)(F)F,CCCC[N+](C)(C)C.O=S(=O)(NS(=O)(=O)C(F)(F)F)C(F)(F)F,exclude,1,0,False,neutral_component_or_incorrect_ion_role
co2,non_test,2464,CCCC[N+](C)(C)C,O=S(=O)(NS(=O)(=O)C(F)(F)F)C(F)(F)F,CCCC[N+](C)(C)C.O=S(=O)(NS(=O)(=O)C(F)(F)F)C(F)(F)F,exclude,1,0,False,neutral_component_or_incorrect_ion_role
co2,non_test,2465,CCCC[N+](C)(C)C,O=S(=O)(NS(=O)(=O)C(F)(F)F)C(F)(F)F,CCCC[N+](C)(C)C.O=S(=O)(NS(=O)(=O)C(F)(F)F)C(F)(F)F,exclude,1,0,False,neutral_component_or_incorrect_ion_role
co2,non_test,2471,CCCC[N+](C)(C)C,O=S(=O)(NS(=O)(=O)C(F)(F)F)C(F)(F)F,CCCC[N+](C)(C)C.O=S(=O)(NS(=O)(=O)C(F)(F)F)C(F)(F)F,exclude,1,0,False,neutral_component_or_incorrect_ion_role
co2,non_test,2482,CCCC[N+](C)(C)C,O=S(=O)(NS(=O)(=O)C(F)(F)F)C(F)(F)F,CCCC[N+](C)(C)C.O=S(=O)(NS(=O)(=O)C(F)(F)F)C(F)(F)F,exclude,1,0,False,neutral_component_or_incorrect_ion_role
co2,non_test,2484,CCCC[N+](C)(C)C,O=S(=O)(NS(=O)(=O)C(F)(F)F)C(F)(F)F,CCCC[N+](C)(C)C.O=S(=O)(NS(=O)(=O)C(F)(F)F)C(F)(F)F,exclude,1,0,False,neutral_component_or_incorrect_ion_role
co2,non_test,2486,CCCC[N+](C)(C)C,O=S(=O)(NS(=O)(=O)C(F)(F)F)C(F)(F)F,CCCC[N+](C)(C)C.O=S(=O)(NS(=O)(=O)C(F)(F)F)C(F)(F)F,exclude,1,0,False,neutral_component_or_incorrect_ion_role
co2,non_test,2528,CCCC[N+](C)(C)C,O=S(=O)(NS(=O)(=O)C(F)(F)F)C(F)(F)F,CCCC[N+](C)(C)C.O=S(=O)(NS(=O)(=O)C(F)(F)F)C(F)(F)F,exclude,1,0,False,neutral_component_or_incorrect_ion_role
co2,non_test,3116,CCCC[N+](C)(C)C,O=S(=O)(NS(=O)(=O)C(F)(F)F)C(F)(F)F,CCCC[N+](C)(C)C.O=S(=O)(NS(=O)(=O)C(F)(F)F)C(F)(F)F,exclude,1,0,False,neutral_component_or_incorrect_ion_role
co2,non_test,3194,CCCC[N+](C)(C)C,O=S(=O)(NS(=O)(=O)C(F)(F)F)C(F)(F)F,CCCC[N+](C)(C)C.O=S(=O)(NS(=O)(=O)C(F)(F)F)C(F)(F)F,exclude,1,0,False,neutral_component_or_incorrect_ion_role
co2,non_test,3466,CCCC[N+](C)(C)C,O=S(=O)(NS(=O)(=O)C(F)(F)F)C(F)(F)F,CCCC[N+](C)(C)C.O=S(=O)(NS(=O)(=O)C(F)(F)F)C(F)(F)F,exclude,1,0,False,neutral_component_or_incorrect_ion_role
co2,non_test,3882,CCCC[N+](C)(C)C,O=S(=O)(NS(=O)(=O)C(F)(F)F)C(F)(F)F,CCCC[N+](C)(C)C.O=S(=O)(NS(=O)(=O)C(F)(F)F)C(F)(F)F,exclude,1,0,False,neutral_component_or_incorrect_ion_role
co2,non_test,3901,CCCC[N+](C)(C)C,O=S(=O)(NS(=O)(=O)C(F)(F)F)C(F)(F)F,CCCC[N+](C)(C)C.O=S(=O)(NS(=O)(=O)C(F)(F)F)C(F)(F)F,exclude,1,0,False,neutral_component_or_incorrect_ion_role
co2,non_test,3941,CCCC[N+](C)(C)C,O=S(=O)(NS(=O)(=O)C(F)(F)F)C(F)(F)F,CCCC[N+](C)(C)C.O=S(=O)(NS(=O)(=O)C(F)(F)F)C(F)(F)F,exclude,1,0,False,neutral_component_or_incorrect_ion_role
co2,non_test,3944,CCCC[N+](C)(C)C,O=S(=O)(NS(=O)(=O)C(F)(F)F)C(F)(F)F,CCCC[N+](C)(C)C.O=S(=O)(NS(=O)(=O)C(F)(F)F)C(F)(F)F,exclude,1,0,False,neutral_component_or_incorrect_ion_role
co2,non_test,4040,CCCC[N+](C)(C)C,O=S(=O)(NS(=O)(=O)C(F)(F)F)C(F)(F)F,CCCC[N+](C)(C)C.O=S(=O)(NS(=O)(=O)C(F)(F)F)C(F)(F)F,exclude,1,0,False,neutral_component_or_incorrect_ion_role
co2,non_test,4045,CCCC[N+](C)(C)C,O=S(=O)(NS(=O)(=O)C(F)(F)F)C(F)(F)F,CCCC[N+](C)(C)C.O=S(=O)(NS(=O)(=O)C(F)(F)F)C(F)(F)F,exclude,1,0,False,neutral_component_or_incorrect_ion_role
co2,non_test,5231,CCCC[N+](C)(C)C,O=S(=O)(NS(=O)(=O)C(F)(F)F)C(F)(F)F,CCCC[N+](C)(C)C.O=S(=O)(NS(=O)(=O)C(F)(F)F)C(F)(F)F,exclude,1,0,False,neutral_component_or_incorrect_ion_role
co2,non_test,5233,CCCC[N+](C)(C)C,O=S(=O)(NS(=O)(=O)C(F)(F)F)C(F)(F)F,CCCC[N+](C)(C)C.O=S(=O)(NS(=O)(=O)C(F)(F)F)C(F)(F)F,exclude,1,0,False,neutral_component_or_incorrect_ion_role
co2,non_test,5249,CCCC[N+](C)(C)C,O=S(=O)(NS(=O)(=O)C(F)(F)F)C(F)(F)F,CCCC[N+](C)(C)C.O=S(=O)(NS(=O)(=O)C(F)(F)F)C(F)(F)F,exclude,1,0,False,neutral_component_or_incorrect_ion_role
co2,non_test,5261,CCCC[N+](C)(C)C,O=S(=O)(NS(=O)(=O)C(F)(F)F)C(F)(F)F,CCCC[N+](C)(C)C.O=S(=O)(NS(=O)(=O)C(F)(F)F)C(F)(F)F,exclude,1,0,False,neutral_component_or_incorrect_ion_role
co2,non_test,5268,CCCC[N+](C)(C)C,O=S(=O)(NS(=O)(=O)C(F)(F)F)C(F)(F)F,CCCC[N+](C)(C)C.O=S(=O)(NS(=O)(=O)C(F)(F)F)C(F)(F)F,exclude,1,0,False,neutral_component_or_incorrect_ion_role
co2,non_test,5726,CCCC[N+](C)(C)C,O=S(=O)(NS(=O)(=O)C(F)(F)F)C(F)(F)F,CCCC[N+](C)(C)C.O=S(=O)(NS(=O)(=O)C(F)(F)F)C(F)(F)F,exclude,1,0,False,neutral_component_or_incorrect_ion_role
co2,non_test,5727,CCCC[N+](C)(C)C,O=S(=O)(NS(=O)(=O)C(F)(F)F)C(F)(F)F,CCCC[N+](C)(C)C.O=S(=O)(NS(=O)(=O)C(F)(F)F)C(F)(F)F,exclude,1,0,False,neutral_component_or_incorrect_ion_role
co2,non_test,5753,CCCC[N+](C)(C)C,O=S(=O)(NS(=O)(=O)C(F)(F)F)C(F)(F)F,CCCC[N+](C)(C)C.O=S(=O)(NS(=O)(=O)C(F)(F)F)C(F)(F)F,exclude,1,0,False,neutral_component_or_incorrect_ion_role
co2,non_test,5788,CCCC[N+](C)(C)C,O=S(=O)(NS(=O)(=O)C(F)(F)F)C(F)(F)F,CCCC[N+](C)(C)C.O=S(=O)(NS(=O)(=O)C(F)(F)F)C(F)(F)F,exclude,1,0,False,neutral_component_or_incorrect_ion_role
co2,non_test,5790,CCCC[N+](C)(C)C,O=S(=O)(NS(=O)(=O)C(F)(F)F)C(F)(F)F,CCCC[N+](C)(C)C.O=S(=O)(NS(=O)(=O)C(F)(F)F)C(F)(F)F,exclude,1,0,False,neutral_component_or_incorrect_ion_role
co2,non_test,5967,CCCC[N+](C)(C)C,O=S(=O)(NS(=O)(=O)C(F)(F)F)C(F)(F)F,CCCC[N+](C)(C)C.O=S(=O)(NS(=O)(=O)C(F)(F)F)C(F)(F)F,exclude,1,0,False,neutral_component_or_incorrect_ion_role
co2,non_test,6489,CCCC[N+](C)(C)C,O=S(=O)(NS(=O)(=O)C(F)(F)F)C(F)(F)F,CCCC[N+](C)(C)C.O=S(=O)(NS(=O)(=O)C(F)(F)F)C(F)(F)F,exclude,1,0,False,neutral_component_or_incorrect_ion_role
co2,non_test,6493,CCCC[N+](C)(C)C,O=S(=O)(NS(=O)(=O)C(F)(F)F)C(F)(F)F,CCCC[N+](C)(C)C.O=S(=O)(NS(=O)(=O)C(F)(F)F)C(F)(F)F,exclude,1,0,False,neutral_component_or_incorrect_ion_role
co2,non_test,6499,CCCC[N+](C)(C)C,O=S(=O)(NS(=O)(=O)C(F)(F)F)C(F)(F)F,CCCC[N+](C)(C)C.O=S(=O)(NS(=O)(=O)C(F)(F)F)C(F)(F)F,exclude,1,0,False,neutral_component_or_incorrect_ion_role
co2,non_test,6501,CCCC[N+](C)(C)C,O=S(=O)(NS(=O)(=O)C(F)(F)F)C(F)(F)F,CCCC[N+](C)(C)C.O=S(=O)(NS(=O)(=O)C(F)(F)F)C(F)(F)F,exclude,1,0,False,neutral_component_or_incorrect_ion_role
co2,non_test,6513,CCCC[N+](C)(C)C,O=S(=O)(NS(=O)(=O)C(F)(F)F)C(F)(F)F,CCCC[N+](C)(C)C.O=S(=O)(NS(=O)(=O)C(F)(F)F)C(F)(F)F,exclude,1,0,False,neutral_component_or_incorrect_ion_role
co2,non_test,6524,CCCC[N+](C)(C)C,O=S(=O)(NS(=O)(=O)C(F)(F)F)C(F)(F)F,CCCC[N+](C)(C)C.O=S(=O)(NS(=O)(=O)C(F)(F)F)C(F)(F)F,exclude,1,0,False,neutral_component_or_incorrect_ion_role
co2,non_test,6525,CCCC[N+](C)(C)C,O=S(=O)(NS(=O)(=O)C(F)(F)F)C(F)(F)F,CCCC[N+](C)(C)C.O=S(=O)(NS(=O)(=O)C(F)(F)F)C(F)(F)F,exclude,1,0,False,neutral_component_or_incorrect_ion_role
co2,non_test,6543,CCCC[N+](C)(C)C,O=S(=O)(NS(=O)(=O)C(F)(F)F)C(F)(F)F,CCCC[N+](C)(C)C.O=S(=O)(NS(=O)(=O)C(F)(F)F)C(F)(F)F,exclude,1,0,False,neutral_component_or_incorrect_ion_role
co2,non_test,6574,CCCC[N+](C)(C)C,O=S(=O)(NS(=O)(=O)C(F)(F)F)C(F)(F)F,CCCC[N+](C)(C)C.O=S(=O)(NS(=O)(=O)C(F)(F)F)C(F)(F)F,exclude,1,0,False,neutral_component_or_incorrect_ion_role
co2,non_test,6638,CCCC[N+](C)(C)C,O=S(=O)(NS(=O)(=O)C(F)(F)F)C(F)(F)F,CCCC[N+](C)(C)C.O=S(=O)(NS(=O)(=O)C(F)(F)F)C(F)(F)F,exclude,1,0,False,neutral_component_or_incorrect_ion_role
co2,non_test,7926,CCCC[N+](C)(C)C,O=S(=O)(NS(=O)(=O)C(F)(F)F)C(F)(F)F,CCCC[N+](C)(C)C.O=S(=O)(NS(=O)(=O)C(F)(F)F)C(F)(F)F,exclude,1,0,False,neutral_component_or_incorrect_ion_role
co2,non_test,7931,CCCC[N+](C)(C)C,O=S(=O)(NS(=O)(=O)C(F)(F)F)C(F)(F)F,CCCC[N+](C)(C)C.O=S(=O)(NS(=O)(=O)C(F)(F)F)C(F)(F)F,exclude,1,0,False,neutral_component_or_incorrect_ion_role
co2,non_test,7944,CCCC[N+](C)(C)C,O=S(=O)(NS(=O)(=O)C(F)(F)F)C(F)(F)F,CCCC[N+](C)(C)C.O=S(=O)(NS(=O)(=O)C(F)(F)F)C(F)(F)F,exclude,1,0,False,neutral_component_or_incorrect_ion_role
co2,non_test,7952,CCCC[N+](C)(C)C,O=S(=O)(NS(=O)(=O)C(F)(F)F)C(F)(F)F,CCCC[N+](C)(C)C.O=S(=O)(NS(=O)(=O)C(F)(F)F)C(F)(F)F,exclude,1,0,False,neutral_component_or_incorrect_ion_role
co2,non_test,7985,CCCC[N+](C)(C)C,O=S(=O)(NS(=O)(=O)C(F)(F)F)C(F)(F)F,CCCC[N+](C)(C)C.O=S(=O)(NS(=O)(=O)C(F)(F)F)C(F)(F)F,exclude,1,0,False,neutral_component_or_incorrect_ion_role
co2,non_test,8198,CCCC[N+](C)(C)C,O=S(=O)(NS(=O)(=O)C(F)(F)F)C(F)(F)F,CCCC[N+](C)(C)C.O=S(=O)(NS(=O)(=O)C(F)(F)F)C(F)(F)F,exclude,1,0,False,neutral_component_or_incorrect_ion_role
co2,non_test,8264,CCCC[N+](C)(C)C,O=S(=O)(NS(=O)(=O)C(F)(F)F)C(F)(F)F,CCCC[N+](C)(C)C.O=S(=O)(NS(=O)(=O)C(F)(F)F)C(F)(F)F,exclude,1,0,False,neutral_component_or_incorrect_ion_role
co2,non_test,8528,CCCC[N+](C)(C)C,O=S(=O)(NS(=O)(=O)C(F)(F)F)C(F)(F)F,CCCC[N+](C)(C)C.O=S(=O)(NS(=O)(=O)C(F)(F)F)C(F)(F)F,exclude,1,0,False,neutral_component_or_incorrect_ion_role
co2,non_test,8546,CCCC[N+](C)(C)C,O=S(=O)(NS(=O)(=O)C(F)(F)F)C(F)(F)F,CCCC[N+](C)(C)C.O=S(=O)(NS(=O)(=O)C(F)(F)F)C(F)(F)F,exclude,1,0,False,neutral_component_or_incorrect_ion_role
co2,non_test,8553,CCCC[N+](C)(C)C,O=S(=O)(NS(=O)(=O)C(F)(F)F)C(F)(F)F,CCCC[N+](C)(C)C.O=S(=O)(NS(=O)(=O)C(F)(F)F)C(F)(F)F,exclude,1,0,False,neutral_component_or_incorrect_ion_role
co2,non_test,8558,CCCC[N+](C)(C)C,O=S(=O)(NS(=O)(=O)C(F)(F)F)C(F)(F)F,CCCC[N+](C)(C)C.O=S(=O)(NS(=O)(=O)C(F)(F)F)C(F)(F)F,exclude,1,0,False,neutral_component_or_incorrect_ion_role
co2,non_test,8568,CCCC[N+](C)(C)C,O=S(=O)(NS(=O)(=O)C(F)(F)F)C(F)(F)F,CCCC[N+](C)(C)C.O=S(=O)(NS(=O)(=O)C(F)(F)F)C(F)(F)F,exclude,1,0,False,neutral_component_or_incorrect_ion_role
co2,non_test,8576,CCCC[N+](C)(C)C,O=S(=O)(NS(=O)(=O)C(F)(F)F)C(F)(F)F,CCCC[N+](C)(C)C.O=S(=O)(NS(=O)(=O)C(F)(F)F)C(F)(F)F,exclude,1,0,False,neutral_component_or_incorrect_ion_role
co2,non_test,8579,CCCC[N+](C)(C)C,O=S(=O)(NS(=O)(=O)C(F)(F)F)C(F)(F)F,CCCC[N+](C)(C)C.O=S(=O)(NS(=O)(=O)C(F)(F)F)C(F)(F)F,exclude,1,0,False,neutral_component_or_incorrect_ion_role
co2,non_test,8580,CCCC[N+](C)(C)C,O=S(=O)(NS(=O)(=O)C(F)(F)F)C(F)(F)F,CCCC[N+](C)(C)C.O=S(=O)(NS(=O)(=O)C(F)(F)F)C(F)(F)F,exclude,1,0,False,neutral_component_or_incorrect_ion_role
co2,non_test,8628,CCCC[N+](C)(C)C,O=S(=O)(NS(=O)(=O)C(F)(F)F)C(F)(F)F,CCCC[N+](C)(C)C.O=S(=O)(NS(=O)(=O)C(F)(F)F)C(F)(F)F,exclude,1,0,False,neutral_component_or_incorrect_ion_role
co2,non_test,8629,CCCC[N+](C)(C)C,O=S(=O)(NS(=O)(=O)C(F)(F)F)C(F)(F)F,CCCC[N+](C)(C)C.O=S(=O)(NS(=O)(=O)C(F)(F)F)C(F)(F)F,exclude,1,0,False,neutral_component_or_incorrect_ion_role
co2,non_test,8630,CCCC[N+](C)(C)C,O=S(=O)(NS(=O)(=O)C(F)(F)F)C(F)(F)F,CCCC[N+](C)(C)C.O=S(=O)(NS(=O)(=O)C(F)(F)F)C(F)(F)F,exclude,1,0,False,neutral_component_or_incorrect_ion_role
co2,non_test,8730,CCCC[N+](C)(C)C,O=S(=O)(NS(=O)(=O)C(F)(F)F)C(F)(F)F,CCCC[N+](C)(C)C.O=S(=O)(NS(=O)(=O)C(F)(F)F)C(F)(F)F,exclude,1,0,False,neutral_component_or_incorrect_ion_role
co2,non_test,9901,CCCC[N+](C)(C)C,O=S(=O)(NS(=O)(=O)C(F)(F)F)C(F)(F)F,CCCC[N+](C)(C)C.O=S(=O)(NS(=O)(=O)C(F)(F)F)C(F)(F)F,exclude,1,0,False,neutral_component_or_incorrect_ion_role
co2,non_test,9904,CCCC[N+](C)(C)C,O=S(=O)(NS(=O)(=O)C(F)(F)F)C(F)(F)F,CCCC[N+](C)(C)C.O=S(=O)(NS(=O)(=O)C(F)(F)F)C(F)(F)F,exclude,1,0,False,neutral_component_or_incorrect_ion_role
co2,non_test,9906,CCCC[N+](C)(C)C,O=S(=O)(NS(=O)(=O)C(F)(F)F)C(F)(F)F,CCCC[N+](C)(C)C.O=S(=O)(NS(=O)(=O)C(F)(F)F)C(F)(F)F,exclude,1,0,False,neutral_component_or_incorrect_ion_role
co2,non_test,9908,CCCC[N+](C)(C)C,O=S(=O)(NS(=O)(=O)C(F)(F)F)C(F)(F)F,CCCC[N+](C)(C)C.O=S(=O)(NS(=O)(=O)C(F)(F)F)C(F)(F)F,exclude,1,0,False,neutral_component_or_incorrect_ion_role
co2,non_test,9913,CCCC[N+](C)(C)C,O=S(=O)(NS(=O)(=O)C(F)(F)F)C(F)(F)F,CCCC[N+](C)(C)C.O=S(=O)(NS(=O)(=O)C(F)(F)F)C(F)(F)F,exclude,1,0,False,neutral_component_or_incorrect_ion_role
co2,non_test,9917,CCCC[N+](C)(C)C,O=S(=O)(NS(=O)(=O)C(F)(F)F)C(F)(F)F,CCCC[N+](C)(C)C.O=S(=O)(NS(=O)(=O)C(F)(F)F)C(F)(F)F,exclude,1,0,False,neutral_component_or_incorrect_ion_role
co2,non_test,9921,CCCC[N+](C)(C)C,O=S(=O)(NS(=O)(=O)C(F)(F)F)C(F)(F)F,CCCC[N+](C)(C)C.O=S(=O)(NS(=O)(=O)C(F)(F)F)C(F)(F)F,exclude,1,0,False,neutral_component_or_incorrect_ion_role
co2,non_test,10206,CCCC[N+](C)(C)C,O=S(=O)(NS(=O)(=O)C(F)(F)F)C(F)(F)F,CCCC[N+](C)(C)C.O=S(=O)(NS(=O)(=O)C(F)(F)F)C(F)(F)F,exclude,1,0,False,neutral_component_or_incorrect_ion_role
co2,non_test,10712,CCCC[N+](C)(C)C,O=S(=O)(NS(=O)(=O)C(F)(F)F)C(F)(F)F,CCCC[N+](C)(C)C.O=S(=O)(NS(=O)(=O)C(F)(F)F)C(F)(F)F,exclude,1,0,False,neutral_component_or_incorrect_ion_role
co2,non_test,10717,CCCC[N+](C)(C)C,O=S(=O)(NS(=O)(=O)C(F)(F)F)C(F)(F)F,CCCC[N+](C)(C)C.O=S(=O)(NS(=O)(=O)C(F)(F)F)C(F)(F)F,exclude,1,0,False,neutral_component_or_incorrect_ion_role
co2,non_test,10734,CCCC[N+](C)(C)C,O=S(=O)(NS(=O)(=O)C(F)(F)F)C(F)(F)F,CCCC[N+](C)(C)C.O=S(=O)(NS(=O)(=O)C(F)(F)F)C(F)(F)F,exclude,1,0,False,neutral_component_or_incorrect_ion_role
co2,non_test,10735,CCCC[N+](C)(C)C,O=S(=O)(NS(=O)(=O)C(F)(F)F)C(F)(F)F,CCCC[N+](C)(C)C.O=S(=O)(NS(=O)(=O)C(F)(F)F)C(F)(F)F,exclude,1,0,False,neutral_component_or_incorrect_ion_role
co2,non_test,10737,CCCC[N+](C)(C)C,O=S(=O)(NS(=O)(=O)C(F)(F)F)C(F)(F)F,CCCC[N+](C)(C)C.O=S(=O)(NS(=O)(=O)C(F)(F)F)C(F)(F)F,exclude,1,0,False,neutral_component_or_incorrect_ion_role
co2,non_test,10750,CCCC[N+](C)(C)C,O=S(=O)(NS(=O)(=O)C(F)(F)F)C(F)(F)F,CCCC[N+](C)(C)C.O=S(=O)(NS(=O)(=O)C(F)(F)F)C(F)(F)F,exclude,1,0,False,neutral_component_or_incorrect_ion_role
co2,non_test,10770,CCCC[N+](C)(C)C,O=S(=O)(NS(=O)(=O)C(F)(F)F)C(F)(F)F,CCCC[N+](C)(C)C.O=S(=O)(NS(=O)(=O)C(F)(F)F)C(F)(F)F,exclude,1,0,False,neutral_component_or_incorrect_ion_role
co2,non_test,10775,CCCC[N+](C)(C)C,O=S(=O)(NS(=O)(=O)C(F)(F)F)C(F)(F)F,CCCC[N+](C)(C)C.O=S(=O)(NS(=O)(=O)C(F)(F)F)C(F)(F)F,exclude,1,0,False,neutral_component_or_incorrect_ion_role
co2,non_test,10776,CCCC[N+](C)(C)C,O=S(=O)(NS(=O)(=O)C(F)(F)F)C(F)(F)F,CCCC[N+](C)(C)C.O=S(=O)(NS(=O)(=O)C(F)(F)F)C(F)(F)F,exclude,1,0,False,neutral_component_or_incorrect_ion_role
co2,non_test,10777,CCCC[N+](C)(C)C,O=S(=O)(NS(=O)(=O)C(F)(F)F)C(F)(F)F,CCCC[N+](C)(C)C.O=S(=O)(NS(=O)(=O)C(F)(F)F)C(F)(F)F,exclude,1,0,False,neutral_component_or_incorrect_ion_role
co2,non_test,10790,CCCC[N+](C)(C)C,O=S(=O)(NS(=O)(=O)C(F)(F)F)C(F)(F)F,CCCC[N+](C)(C)C.O=S(=O)(NS(=O)(=O)C(F)(F)F)C(F)(F)F,exclude,1,0,False,neutral_component_or_incorrect_ion_role
co2,non_test,10791,CCCC[N+](C)(C)C,O=S(=O)(NS(=O)(=O)C(F)(F)F)C(F)(F)F,CCCC[N+](C)(C)C.O=S(=O)(NS(=O)(=O)C(F)(F)F)C(F)(F)F,exclude,1,0,False,neutral_component_or_incorrect_ion_role
co2,non_test,11490,CCCC[N+](C)(C)C,O=S(=O)(NS(=O)(=O)C(F)(F)F)C(F)(F)F,CCCC[N+](C)(C)C.O=S(=O)(NS(=O)(=O)C(F)(F)F)C(F)(F)F,exclude,1,0,False,neutral_component_or_incorrect_ion_role
co2,non_test,2761,CC[N+](C)(C)CCCOC,O=S(=O)(NS(=O)(=O)C(F)(F)F)C(F)(F)F,CC[N+](C)(C)CCCOC.O=S(=O)(NS(=O)(=O)C(F)(F)F)C(F)(F)F,exclude,1,0,False,neutral_component_or_incorrect_ion_role
co2,non_test,2772,CC[N+](C)(C)CCCOC,O=S(=O)(NS(=O)(=O)C(F)(F)F)C(F)(F)F,CC[N+](C)(C)CCCOC.O=S(=O)(NS(=O)(=O)C(F)(F)F)C(F)(F)F,exclude,1,0,False,neutral_component_or_incorrect_ion_role
co2,non_test,2790,CC[N+](C)(C)CCCOC,O=S(=O)(NS(=O)(=O)C(F)(F)F)C(F)(F)F,CC[N+](C)(C)CCCOC.O=S(=O)(NS(=O)(=O)C(F)(F)F)C(F)(F)F,exclude,1,0,False,neutral_component_or_incorrect_ion_role
co2,non_test,2818,CC[N+](C)(C)CCCOC,O=S(=O)(NS(=O)(=O)C(F)(F)F)C(F)(F)F,CC[N+](C)(C)CCCOC.O=S(=O)(NS(=O)(=O)C(F)(F)F)C(F)(F)F,exclude,1,0,False,neutral_component_or_incorrect_ion_role
co2,non_test,2842,CC[N+](C)(C)CCCOC,O=S(=O)(NS(=O)(=O)C(F)(F)F)C(F)(F)F,CC[N+](C)(C)CCCOC.O=S(=O)(NS(=O)(=O)C(F)(F)F)C(F)(F)F,exclude,1,0,False,neutral_component_or_incorrect_ion_role
co2,non_test,2881,CC[N+](C)(C)CCCOC,O=S(=O)(NS(=O)(=O)C(F)(F)F)C(F)(F)F,CC[N+](C)(C)CCCOC.O=S(=O)(NS(=O)(=O)C(F)(F)F)C(F)(F)F,exclude,1,0,False,neutral_component_or_incorrect_ion_role
co2,non_test,2915,CC[N+](C)(C)CCCOC,O=S(=O)(NS(=O)(=O)C(F)(F)F)C(F)(F)F,CC[N+](C)(C)CCCOC.O=S(=O)(NS(=O)(=O)C(F)(F)F)C(F)(F)F,exclude,1,0,False,neutral_component_or_incorrect_ion_role
co2,non_test,2960,CC[N+](C)(C)CCCOC,O=S(=O)(NS(=O)(=O)C(F)(F)F)C(F)(F)F,CC[N+](C)(C)CCCOC.O=S(=O)(NS(=O)(=O)C(F)(F)F)C(F)(F)F,exclude,1,0,False,neutral_component_or_incorrect_ion_role
co2,non_test,2983,CC[N+](C)(C)CCCOC,O=S(=O)(NS(=O)(=O)C(F)(F)F)C(F)(F)F,CC[N+](C)(C)CCCOC.O=S(=O)(NS(=O)(=O)C(F)(F)F)C(F)(F)F,exclude,1,0,False,neutral_component_or_incorrect_ion_role
co2,non_test,2999,CC[N+](C)(C)CCCOC,O=S(=O)(NS(=O)(=O)C(F)(F)F)C(F)(F)F,CC[N+](C)(C)CCCOC.O=S(=O)(NS(=O)(=O)C(F)(F)F)C(F)(F)F,exclude,1,0,False,neutral_component_or_incorrect_ion_role
co2,non_test,3019,CC[N+](C)(C)CCCOC,O=S(=O)(NS(=O)(=O)C(F)(F)F)C(F)(F)F,CC[N+](C)(C)CCCOC.O=S(=O)(NS(=O)(=O)C(F)(F)F)C(F)(F)F,exclude,1,0,False,neutral_component_or_incorrect_ion_role
co2,non_test,7108,CC[N+](C)(C)CCCOC,O=S(=O)(NS(=O)(=O)C(F)(F)F)C(F)(F)F,CC[N+](C)(C)CCCOC.O=S(=O)(NS(=O)(=O)C(F)(F)F)C(F)(F)F,exclude,1,0,False,neutral_component_or_incorrect_ion_role
co2,non_test,7124,CC[N+](C)(C)CCCOC,O=S(=O)(NS(=O)(=O)C(F)(F)F)C(F)(F)F,CC[N+](C)(C)CCCOC.O=S(=O)(NS(=O)(=O)C(F)(F)F)C(F)(F)F,exclude,1,0,False,neutral_component_or_incorrect_ion_role
co2,non_test,7157,CC[N+](C)(C)CCCOC,O=S(=O)(NS(=O)(=O)C(F)(F)F)C(F)(F)F,CC[N+](C)(C)CCCOC.O=S(=O)(NS(=O)(=O)C(F)(F)F)C(F)(F)F,exclude,1,0,False,neutral_component_or_incorrect_ion_role
co2,non_test,7210,CC[N+](C)(C)CCCOC,O=S(=O)(NS(=O)(=O)C(F)(F)F)C(F)(F)F,CC[N+](C)(C)CCCOC.O=S(=O)(NS(=O)(=O)C(F)(F)F)C(F)(F)F,exclude,1,0,False,neutral_component_or_incorrect_ion_role
co2,non_test,7255,CC[N+](C)(C)CCCOC,O=S(=O)(NS(=O)(=O)C(F)(F)F)C(F)(F)F,CC[N+](C)(C)CCCOC.O=S(=O)(NS(=O)(=O)C(F)(F)F)C(F)(F)F,exclude,1,0,False,neutral_component_or_incorrect_ion_role
co2,non_test,7329,CC[N+](C)(C)CCCOC,O=S(=O)(NS(=O)(=O)C(F)(F)F)C(F)(F)F,CC[N+](C)(C)CCCOC.O=S(=O)(NS(=O)(=O)C(F)(F)F)C(F)(F)F,exclude,1,0,False,neutral_component_or_incorrect_ion_role
co2,non_test,7457,CC[N+](C)(C)CCCOC,O=S(=O)(NS(=O)(=O)C(F)(F)F)C(F)(F)F,CC[N+](C)(C)CCCOC.O=S(=O)(NS(=O)(=O)C(F)(F)F)C(F)(F)F,exclude,1,0,False,neutral_component_or_incorrect_ion_role
co2,non_test,7601,CC[N+](C)(C)CCCOC,O=S(=O)(NS(=O)(=O)C(F)(F)F)C(F)(F)F,CC[N+](C)(C)CCCOC.O=S(=O)(NS(=O)(=O)C(F)(F)F)C(F)(F)F,exclude,1,0,False,neutral_component_or_incorrect_ion_role
co2,non_test,7698,CC[N+](C)(C)CCCOC,O=S(=O)(NS(=O)(=O)C(F)(F)F)C(F)(F)F,CC[N+](C)(C)CCCOC.O=S(=O)(NS(=O)(=O)C(F)(F)F)C(F)(F)F,exclude,1,0,False,neutral_component_or_incorrect_ion_role
co2,non_test,7754,CC[N+](C)(C)CCCOC,O=S(=O)(NS(=O)(=O)C(F)(F)F)C(F)(F)F,CC[N+](C)(C)CCCOC.O=S(=O)(NS(=O)(=O)C(F)(F)F)C(F)(F)F,exclude,1,0,False,neutral_component_or_incorrect_ion_role
co2,non_test,7795,CC[N+](C)(C)CCCOC,O=S(=O)(NS(=O)(=O)C(F)(F)F)C(F)(F)F,CC[N+](C)(C)CCCOC.O=S(=O)(NS(=O)(=O)C(F)(F)F)C(F)(F)F,exclude,1,0,False,neutral_component_or_incorrect_ion_role
co2,non_test,11173,CC[N+](C)(C)CCCOC,O=S(=O)(NS(=O)(=O)C(F)(F)F)C(F)(F)F,CC[N+](C)(C)CCCOC.O=S(=O)(NS(=O)(=O)C(F)(F)F)C(F)(F)F,exclude,1,0,False,neutral_component_or_incorrect_ion_role
co2,non_test,11182,CC[N+](C)(C)CCCOC,O=S(=O)(NS(=O)(=O)C(F)(F)F)C(F)(F)F,CC[N+](C)(C)CCCOC.O=S(=O)(NS(=O)(=O)C(F)(F)F)C(F)(F)F,exclude,1,0,False,neutral_component_or_incorrect_ion_role
co2,non_test,11195,CC[N+](C)(C)CCCOC,O=S(=O)(NS(=O)(=O)C(F)(F)F)C(F)(F)F,CC[N+](C)(C)CCCOC.O=S(=O)(NS(=O)(=O)C(F)(F)F)C(F)(F)F,exclude,1,0,False,neutral_component_or_incorrect_ion_role
co2,non_test,11216,CC[N+](C)(C)CCCOC,O=S(=O)(NS(=O)(=O)C(F)(F)F)C(F)(F)F,CC[N+](C)(C)CCCOC.O=S(=O)(NS(=O)(=O)C(F)(F)F)C(F)(F)F,exclude,1,0,False,neutral_component_or_incorrect_ion_role
co2,non_test,11231,CC[N+](C)(C)CCCOC,O=S(=O)(NS(=O)(=O)C(F)(F)F)C(F)(F)F,CC[N+](C)(C)CCCOC.O=S(=O)(NS(=O)(=O)C(F)(F)F)C(F)(F)F,exclude,1,0,False,neutral_component_or_incorrect_ion_role
co2,non_test,11254,CC[N+](C)(C)CCCOC,O=S(=O)(NS(=O)(=O)C(F)(F)F)C(F)(F)F,CC[N+](C)(C)CCCOC.O=S(=O)(NS(=O)(=O)C(F)(F)F)C(F)(F)F,exclude,1,0,False,neutral_component_or_incorrect_ion_role
co2,non_test,11275,CC[N+](C)(C)CCCOC,O=S(=O)(NS(=O)(=O)C(F)(F)F)C(F)(F)F,CC[N+](C)(C)CCCOC.O=S(=O)(NS(=O)(=O)C(F)(F)F)C(F)(F)F,exclude,1,0,False,neutral_component_or_incorrect_ion_role
co2,non_test,11296,CC[N+](C)(C)CCCOC,O=S(=O)(NS(=O)(=O)C(F)(F)F)C(F)(F)F,CC[N+](C)(C)CCCOC.O=S(=O)(NS(=O)(=O)C(F)(F)F)C(F)(F)F,exclude,1,0,False,neutral_component_or_incorrect_ion_role
co2,non_test,11319,CC[N+](C)(C)CCCOC,O=S(=O)(NS(=O)(=O)C(F)(F)F)C(F)(F)F,CC[N+](C)(C)CCCOC.O=S(=O)(NS(=O)(=O)C(F)(F)F)C(F)(F)F,exclude,1,0,False,neutral_component_or_incorrect_ion_role
co2,non_test,11330,CC[N+](C)(C)CCCOC,O=S(=O)(NS(=O)(=O)C(F)(F)F)C(F)(F)F,CC[N+](C)(C)CCCOC.O=S(=O)(NS(=O)(=O)C(F)(F)F)C(F)(F)F,exclude,1,0,False,neutral_component_or_incorrect_ion_role
co2,non_test,11339,CC[N+](C)(C)CCCOC,O=S(=O)(NS(=O)(=O)C(F)(F)F)C(F)(F)F,CC[N+](C)(C)CCCOC.O=S(=O)(NS(=O)(=O)C(F)(F)F)C(F)(F)F,exclude,1,0,False,neutral_component_or_incorrect_ion_role
co2,non_test,1157,CCCCCC[N+]1(C)CCCC1,O=S(=O)(NS(=O)(=O)C(F)(F)F)C(F)(F)F,CCCCCC[N+]1(C)CCCC1.O=S(=O)(NS(=O)(=O)C(F)(F)F)C(F)(F)F,exclude,1,0,False,neutral_component_or_incorrect_ion_role
co2,non_test,1161,CCCCCC[N+]1(C)CCCC1,O=S(=O)(NS(=O)(=O)C(F)(F)F)C(F)(F)F,CCCCCC[N+]1(C)CCCC1.O=S(=O)(NS(=O)(=O)C(F)(F)F)C(F)(F)F,exclude,1,0,False,neutral_component_or_incorrect_ion_role
co2,non_test,1169,CCCCCC[N+]1(C)CCCC1,O=S(=O)(NS(=O)(=O)C(F)(F)F)C(F)(F)F,CCCCCC[N+]1(C)CCCC1.O=S(=O)(NS(=O)(=O)C(F)(F)F)C(F)(F)F,exclude,1,0,False,neutral_component_or_incorrect_ion_role
co2,non_test,1173,CCCCCC[N+]1(C)CCCC1,O=S(=O)(NS(=O)(=O)C(F)(F)F)C(F)(F)F,CCCCCC[N+]1(C)CCCC1.O=S(=O)(NS(=O)(=O)C(F)(F)F)C(F)(F)F,exclude,1,0,False,neutral_component_or_incorrect_ion_role
co2,non_test,1186,CCCCCC[N+]1(C)CCCC1,O=S(=O)(NS(=O)(=O)C(F)(F)F)C(F)(F)F,CCCCCC[N+]1(C)CCCC1.O=S(=O)(NS(=O)(=O)C(F)(F)F)C(F)(F)F,exclude,1,0,False,neutral_component_or_incorrect_ion_role
co2,non_test,1200,CCCCCC[N+]1(C)CCCC1,O=S(=O)(NS(=O)(=O)C(F)(F)F)C(F)(F)F,CCCCCC[N+]1(C)CCCC1.O=S(=O)(NS(=O)(=O)C(F)(F)F)C(F)(F)F,exclude,1,0,False,neutral_component_or_incorrect_ion_role
co2,non_test,1203,CCCCCC[N+]1(C)CCCC1,O=S(=O)(NS(=O)(=O)C(F)(F)F)C(F)(F)F,CCCCCC[N+]1(C)CCCC1.O=S(=O)(NS(=O)(=O)C(F)(F)F)C(F)(F)F,exclude,1,0,False,neutral_component_or_incorrect_ion_role
co2,non_test,1209,CCCCCC[N+]1(C)CCCC1,O=S(=O)(NS(=O)(=O)C(F)(F)F)C(F)(F)F,CCCCCC[N+]1(C)CCCC1.O=S(=O)(NS(=O)(=O)C(F)(F)F)C(F)(F)F,exclude,1,0,False,neutral_component_or_incorrect_ion_role
co2,non_test,1219,CCCCCC[N+]1(C)CCCC1,O=S(=O)(NS(=O)(=O)C(F)(F)F)C(F)(F)F,CCCCCC[N+]1(C)CCCC1.O=S(=O)(NS(=O)(=O)C(F)(F)F)C(F)(F)F,exclude,1,0,False,neutral_component_or_incorrect_ion_role
co2,non_test,1226,CCCCCC[N+]1(C)CCCC1,O=S(=O)(NS(=O)(=O)C(F)(F)F)C(F)(F)F,CCCCCC[N+]1(C)CCCC1.O=S(=O)(NS(=O)(=O)C(F)(F)F)C(F)(F)F,exclude,1,0,False,neutral_component_or_incorrect_ion_role
co2,non_test,1242,CCCCCC[N+]1(C)CCCC1,O=S(=O)(NS(=O)(=O)C(F)(F)F)C(F)(F)F,CCCCCC[N+]1(C)CCCC1.O=S(=O)(NS(=O)(=O)C(F)(F)F)C(F)(F)F,exclude,1,0,False,neutral_component_or_incorrect_ion_role
co2,non_test,1260,CCCCCC[N+]1(C)CCCC1,O=S(=O)(NS(=O)(=O)C(F)(F)F)C(F)(F)F,CCCCCC[N+]1(C)CCCC1.O=S(=O)(NS(=O)(=O)C(F)(F)F)C(F)(F)F,exclude,1,0,False,neutral_component_or_incorrect_ion_role
co2,non_test,1278,CCCCCC[N+]1(C)CCCC1,O=S(=O)(NS(=O)(=O)C(F)(F)F)C(F)(F)F,CCCCCC[N+]1(C)CCCC1.O=S(=O)(NS(=O)(=O)C(F)(F)F)C(F)(F)F,exclude,1,0,False,neutral_component_or_incorrect_ion_role
co2,non_test,1300,CCCCCC[N+]1(C)CCCC1,O=S(=O)(NS(=O)(=O)C(F)(F)F)C(F)(F)F,CCCCCC[N+]1(C)CCCC1.O=S(=O)(NS(=O)(=O)C(F)(F)F)C(F)(F)F,exclude,1,0,False,neutral_component_or_incorrect_ion_role
co2,non_test,1344,CCCCCC[N+]1(C)CCCC1,O=S(=O)(NS(=O)(=O)C(F)(F)F)C(F)(F)F,CCCCCC[N+]1(C)CCCC1.O=S(=O)(NS(=O)(=O)C(F)(F)F)C(F)(F)F,exclude,1,0,False,neutral_component_or_incorrect_ion_role
co2,non_test,1352,CCCCCC[N+]1(C)CCCC1,O=S(=O)(NS(=O)(=O)C(F)(F)F)C(F)(F)F,CCCCCC[N+]1(C)CCCC1.O=S(=O)(NS(=O)(=O)C(F)(F)F)C(F)(F)F,exclude,1,0,False,neutral_component_or_incorrect_ion_role
co2,non_test,1403,CCCCCC[N+]1(C)CCCC1,O=S(=O)(NS(=O)(=O)C(F)(F)F)C(F)(F)F,CCCCCC[N+]1(C)CCCC1.O=S(=O)(NS(=O)(=O)C(F)(F)F)C(F)(F)F,exclude,1,0,False,neutral_component_or_incorrect_ion_role
co2,non_test,1429,CCCCCC[N+]1(C)CCCC1,O=S(=O)(NS(=O)(=O)C(F)(F)F)C(F)(F)F,CCCCCC[N+]1(C)CCCC1.O=S(=O)(NS(=O)(=O)C(F)(F)F)C(F)(F)F,exclude,1,0,False,neutral_component_or_incorrect_ion_role
co2,non_test,1481,CCCCCC[N+]1(C)CCCC1,O=S(=O)(NS(=O)(=O)C(F)(F)F)C(F)(F)F,CCCCCC[N+]1(C)CCCC1.O=S(=O)(NS(=O)(=O)C(F)(F)F)C(F)(F)F,exclude,1,0,False,neutral_component_or_incorrect_ion_role
co2,non_test,1509,CCCCCC[N+]1(C)CCCC1,O=S(=O)(NS(=O)(=O)C(F)(F)F)C(F)(F)F,CCCCCC[N+]1(C)CCCC1.O=S(=O)(NS(=O)(=O)C(F)(F)F)C(F)(F)F,exclude,1,0,False,neutral_component_or_incorrect_ion_role
co2,non_test,1515,CCCCCC[N+]1(C)CCCC1,O=S(=O)(NS(=O)(=O)C(F)(F)F)C(F)(F)F,CCCCCC[N+]1(C)CCCC1.O=S(=O)(NS(=O)(=O)C(F)(F)F)C(F)(F)F,exclude,1,0,False,neutral_component_or_incorrect_ion_role
co2,non_test,1516,CCCCCC[N+]1(C)CCCC1,O=S(=O)(NS(=O)(=O)C(F)(F)F)C(F)(F)F,CCCCCC[N+]1(C)CCCC1.O=S(=O)(NS(=O)(=O)C(F)(F)F)C(F)(F)F,exclude,1,0,False,neutral_component_or_incorrect_ion_role
co2,non_test,1517,CCCCCC[N+]1(C)CCCC1,O=S(=O)(NS(=O)(=O)C(F)(F)F)C(F)(F)F,CCCCCC[N+]1(C)CCCC1.O=S(=O)(NS(=O)(=O)C(F)(F)F)C(F)(F)F,exclude,1,0,False,neutral_component_or_incorrect_ion_role
co2,non_test,1558,CCCCCC[N+]1(C)CCCC1,O=S(=O)(NS(=O)(=O)C(F)(F)F)C(F)(F)F,CCCCCC[N+]1(C)CCCC1.O=S(=O)(NS(=O)(=O)C(F)(F)F)C(F)(F)F,exclude,1,0,False,neutral_component_or_incorrect_ion_role
co2,non_test,1651,CCCCCC[N+]1(C)CCCC1,O=S(=O)(NS(=O)(=O)C(F)(F)F)C(F)(F)F,CCCCCC[N+]1(C)CCCC1.O=S(=O)(NS(=O)(=O)C(F)(F)F)C(F)(F)F,exclude,1,0,False,neutral_component_or_incorrect_ion_role
co2,non_test,1745,CCCCCC[N+]1(C)CCCC1,O=S(=O)(NS(=O)(=O)C(F)(F)F)C(F)(F)F,CCCCCC[N+]1(C)CCCC1.O=S(=O)(NS(=O)(=O)C(F)(F)F)C(F)(F)F,exclude,1,0,False,neutral_component_or_incorrect_ion_role
co2,non_test,1931,CCCCCC[N+]1(C)CCCC1,O=S(=O)(NS(=O)(=O)C(F)(F)F)C(F)(F)F,CCCCCC[N+]1(C)CCCC1.O=S(=O)(NS(=O)(=O)C(F)(F)F)C(F)(F)F,exclude,1,0,False,neutral_component_or_incorrect_ion_role
co2,non_test,1975,CCCCCC[N+]1(C)CCCC1,O=S(=O)(NS(=O)(=O)C(F)(F)F)C(F)(F)F,CCCCCC[N+]1(C)CCCC1.O=S(=O)(NS(=O)(=O)C(F)(F)F)C(F)(F)F,exclude,1,0,False,neutral_component_or_incorrect_ion_role
co2,non_test,1979,CCCCCC[N+]1(C)CCCC1,O=S(=O)(NS(=O)(=O)C(F)(F)F)C(F)(F)F,CCCCCC[N+]1(C)CCCC1.O=S(=O)(NS(=O)(=O)C(F)(F)F)C(F)(F)F,exclude,1,0,False,neutral_component_or_incorrect_ion_role
co2,non_test,1984,CCCCCC[N+]1(C)CCCC1,O=S(=O)(NS(=O)(=O)C(F)(F)F)C(F)(F)F,CCCCCC[N+]1(C)CCCC1.O=S(=O)(NS(=O)(=O)C(F)(F)F)C(F)(F)F,exclude,1,0,False,neutral_component_or_incorrect_ion_role
co2,non_test,2545,CCCCCC[N+]1(C)CCCC1,O=S(=O)(NS(=O)(=O)C(F)(F)F)C(F)(F)F,CCCCCC[N+]1(C)CCCC1.O=S(=O)(NS(=O)(=O)C(F)(F)F)C(F)(F)F,exclude,1,0,False,neutral_component_or_incorrect_ion_role
co2,non_test,2553,CCCCCC[N+]1(C)CCCC1,O=S(=O)(NS(=O)(=O)C(F)(F)F)C(F)(F)F,CCCCCC[N+]1(C)CCCC1.O=S(=O)(NS(=O)(=O)C(F)(F)F)C(F)(F)F,exclude,1,0,False,neutral_component_or_incorrect_ion_role
co2,non_test,2575,CCCCCC[N+]1(C)CCCC1,O=S(=O)(NS(=O)(=O)C(F)(F)F)C(F)(F)F,CCCCCC[N+]1(C)CCCC1.O=S(=O)(NS(=O)(=O)C(F)(F)F)C(F)(F)F,exclude,1,0,False,neutral_component_or_incorrect_ion_role
co2,non_test,2593,CCCCCC[N+]1(C)CCCC1,O=S(=O)(NS(=O)(=O)C(F)(F)F)C(F)(F)F,CCCCCC[N+]1(C)CCCC1.O=S(=O)(NS(=O)(=O)C(F)(F)F)C(F)(F)F,exclude,1,0,False,neutral_component_or_incorrect_ion_role
co2,non_test,2606,CCCCCC[N+]1(C)CCCC1,O=S(=O)(NS(=O)(=O)C(F)(F)F)C(F)(F)F,CCCCCC[N+]1(C)CCCC1.O=S(=O)(NS(=O)(=O)C(F)(F)F)C(F)(F)F,exclude,1,0,False,neutral_component_or_incorrect_ion_role
co2,non_test,2676,CCCCCC[N+]1(C)CCCC1,O=S(=O)(NS(=O)(=O)C(F)(F)F)C(F)(F)F,CCCCCC[N+]1(C)CCCC1.O=S(=O)(NS(=O)(=O)C(F)(F)F)C(F)(F)F,exclude,1,0,False,neutral_component_or_incorrect_ion_role
co2,non_test,2716,CCCCCC[N+]1(C)CCCC1,O=S(=O)(NS(=O)(=O)C(F)(F)F)C(F)(F)F,CCCCCC[N+]1(C)CCCC1.O=S(=O)(NS(=O)(=O)C(F)(F)F)C(F)(F)F,exclude,1,0,False,neutral_component_or_incorrect_ion_role
co2,non_test,2787,CCCCCC[N+]1(C)CCCC1,O=S(=O)(NS(=O)(=O)C(F)(F)F)C(F)(F)F,CCCCCC[N+]1(C)CCCC1.O=S(=O)(NS(=O)(=O)C(F)(F)F)C(F)(F)F,exclude,1,0,False,neutral_component_or_incorrect_ion_role
co2,non_test,4114,CCCCCC[N+]1(C)CCCC1,O=S(=O)(NS(=O)(=O)C(F)(F)F)C(F)(F)F,CCCCCC[N+]1(C)CCCC1.O=S(=O)(NS(=O)(=O)C(F)(F)F)C(F)(F)F,exclude,1,0,False,neutral_component_or_incorrect_ion_role
co2,non_test,4171,CCCCCC[N+]1(C)CCCC1,O=S(=O)(NS(=O)(=O)C(F)(F)F)C(F)(F)F,CCCCCC[N+]1(C)CCCC1.O=S(=O)(NS(=O)(=O)C(F)(F)F)C(F)(F)F,exclude,1,0,False,neutral_component_or_incorrect_ion_role
co2,non_test,4223,CCCCCC[N+]1(C)CCCC1,O=S(=O)(NS(=O)(=O)C(F)(F)F)C(F)(F)F,CCCCCC[N+]1(C)CCCC1.O=S(=O)(NS(=O)(=O)C(F)(F)F)C(F)(F)F,exclude,1,0,False,neutral_component_or_incorrect_ion_role
co2,non_test,4275,CCCCCC[N+]1(C)CCCC1,O=S(=O)(NS(=O)(=O)C(F)(F)F)C(F)(F)F,CCCCCC[N+]1(C)CCCC1.O=S(=O)(NS(=O)(=O)C(F)(F)F)C(F)(F)F,exclude,1,0,False,neutral_component_or_incorrect_ion_role
co2,non_test,4311,CCCCCC[N+]1(C)CCCC1,O=S(=O)(NS(=O)(=O)C(F)(F)F)C(F)(F)F,CCCCCC[N+]1(C)CCCC1.O=S(=O)(NS(=O)(=O)C(F)(F)F)C(F)(F)F,exclude,1,0,False,neutral_component_or_incorrect_ion_role
co2,non_test,4469,CCCCCC[N+]1(C)CCCC1,O=S(=O)(NS(=O)(=O)C(F)(F)F)C(F)(F)F,CCCCCC[N+]1(C)CCCC1.O=S(=O)(NS(=O)(=O)C(F)(F)F)C(F)(F)F,exclude,1,0,False,neutral_component_or_incorrect_ion_role
co2,non_test,4547,CCCCCC[N+]1(C)CCCC1,O=S(=O)(NS(=O)(=O)C(F)(F)F)C(F)(F)F,CCCCCC[N+]1(C)CCCC1.O=S(=O)(NS(=O)(=O)C(F)(F)F)C(F)(F)F,exclude,1,0,False,neutral_component_or_incorrect_ion_role
co2,non_test,4702,CCCCCC[N+]1(C)CCCC1,O=S(=O)(NS(=O)(=O)C(F)(F)F)C(F)(F)F,CCCCCC[N+]1(C)CCCC1.O=S(=O)(NS(=O)(=O)C(F)(F)F)C(F)(F)F,exclude,1,0,False,neutral_component_or_incorrect_ion_role
co2,non_test,6104,CCCCCC[N+]1(C)CCCC1,O=S(=O)(NS(=O)(=O)C(F)(F)F)C(F)(F)F,CCCCCC[N+]1(C)CCCC1.O=S(=O)(NS(=O)(=O)C(F)(F)F)C(F)(F)F,exclude,1,0,False,neutral_component_or_incorrect_ion_role
co2,non_test,6109,CCCCCC[N+]1(C)CCCC1,O=S(=O)(NS(=O)(=O)C(F)(F)F)C(F)(F)F,CCCCCC[N+]1(C)CCCC1.O=S(=O)(NS(=O)(=O)C(F)(F)F)C(F)(F)F,exclude,1,0,False,neutral_component_or_incorrect_ion_role
co2,non_test,6114,CCCCCC[N+]1(C)CCCC1,O=S(=O)(NS(=O)(=O)C(F)(F)F)C(F)(F)F,CCCCCC[N+]1(C)CCCC1.O=S(=O)(NS(=O)(=O)C(F)(F)F)C(F)(F)F,exclude,1,0,False,neutral_component_or_incorrect_ion_role
co2,non_test,6115,CCCCCC[N+]1(C)CCCC1,O=S(=O)(NS(=O)(=O)C(F)(F)F)C(F)(F)F,CCCCCC[N+]1(C)CCCC1.O=S(=O)(NS(=O)(=O)C(F)(F)F)C(F)(F)F,exclude,1,0,False,neutral_component_or_incorrect_ion_role
co2,non_test,6118,CCCCCC[N+]1(C)CCCC1,O=S(=O)(NS(=O)(=O)C(F)(F)F)C(F)(F)F,CCCCCC[N+]1(C)CCCC1.O=S(=O)(NS(=O)(=O)C(F)(F)F)C(F)(F)F,exclude,1,0,False,neutral_component_or_incorrect_ion_role
co2,non_test,6120,CCCCCC[N+]1(C)CCCC1,O=S(=O)(NS(=O)(=O)C(F)(F)F)C(F)(F)F,CCCCCC[N+]1(C)CCCC1.O=S(=O)(NS(=O)(=O)C(F)(F)F)C(F)(F)F,exclude,1,0,False,neutral_component_or_incorrect_ion_role
co2,non_test,6140,CCCCCC[N+]1(C)CCCC1,O=S(=O)(NS(=O)(=O)C(F)(F)F)C(F)(F)F,CCCCCC[N+]1(C)CCCC1.O=S(=O)(NS(=O)(=O)C(F)(F)F)C(F)(F)F,exclude,1,0,False,neutral_component_or_incorrect_ion_role
co2,non_test,6142,CCCCCC[N+]1(C)CCCC1,O=S(=O)(NS(=O)(=O)C(F)(F)F)C(F)(F)F,CCCCCC[N+]1(C)CCCC1.O=S(=O)(NS(=O)(=O)C(F)(F)F)C(F)(F)F,exclude,1,0,False,neutral_component_or_incorrect_ion_role
co2,non_test,6144,CCCCCC[N+]1(C)CCCC1,O=S(=O)(NS(=O)(=O)C(F)(F)F)C(F)(F)F,CCCCCC[N+]1(C)CCCC1.O=S(=O)(NS(=O)(=O)C(F)(F)F)C(F)(F)F,exclude,1,0,False,neutral_component_or_incorrect_ion_role
co2,non_test,6146,CCCCCC[N+]1(C)CCCC1,O=S(=O)(NS(=O)(=O)C(F)(F)F)C(F)(F)F,CCCCCC[N+]1(C)CCCC1.O=S(=O)(NS(=O)(=O)C(F)(F)F)C(F)(F)F,exclude,1,0,False,neutral_component_or_incorrect_ion_role
co2,non_test,6147,CCCCCC[N+]1(C)CCCC1,O=S(=O)(NS(=O)(=O)C(F)(F)F)C(F)(F)F,CCCCCC[N+]1(C)CCCC1.O=S(=O)(NS(=O)(=O)C(F)(F)F)C(F)(F)F,exclude,1,0,False,neutral_component_or_incorrect_ion_role
co2,non_test,6148,CCCCCC[N+]1(C)CCCC1,O=S(=O)(NS(=O)(=O)C(F)(F)F)C(F)(F)F,CCCCCC[N+]1(C)CCCC1.O=S(=O)(NS(=O)(=O)C(F)(F)F)C(F)(F)F,exclude,1,0,False,neutral_component_or_incorrect_ion_role
co2,non_test,6151,CCCCCC[N+]1(C)CCCC1,O=S(=O)(NS(=O)(=O)C(F)(F)F)C(F)(F)F,CCCCCC[N+]1(C)CCCC1.O=S(=O)(NS(=O)(=O)C(F)(F)F)C(F)(F)F,exclude,1,0,False,neutral_component_or_incorrect_ion_role
co2,non_test,6154,CCCCCC[N+]1(C)CCCC1,O=S(=O)(NS(=O)(=O)C(F)(F)F)C(F)(F)F,CCCCCC[N+]1(C)CCCC1.O=S(=O)(NS(=O)(=O)C(F)(F)F)C(F)(F)F,exclude,1,0,False,neutral_component_or_incorrect_ion_role
co2,non_test,6161,CCCCCC[N+]1(C)CCCC1,O=S(=O)(NS(=O)(=O)C(F)(F)F)C(F)(F)F,CCCCCC[N+]1(C)CCCC1.O=S(=O)(NS(=O)(=O)C(F)(F)F)C(F)(F)F,exclude,1,0,False,neutral_component_or_incorrect_ion_role
co2,non_test,6166,CCCCCC[N+]1(C)CCCC1,O=S(=O)(NS(=O)(=O)C(F)(F)F)C(F)(F)F,CCCCCC[N+]1(C)CCCC1.O=S(=O)(NS(=O)(=O)C(F)(F)F)C(F)(F)F,exclude,1,0,False,neutral_component_or_incorrect_ion_role
co2,non_test,6172,CCCCCC[N+]1(C)CCCC1,O=S(=O)(NS(=O)(=O)C(F)(F)F)C(F)(F)F,CCCCCC[N+]1(C)CCCC1.O=S(=O)(NS(=O)(=O)C(F)(F)F)C(F)(F)F,exclude,1,0,False,neutral_component_or_incorrect_ion_role
co2,non_test,6183,CCCCCC[N+]1(C)CCCC1,O=S(=O)(NS(=O)(=O)C(F)(F)F)C(F)(F)F,CCCCCC[N+]1(C)CCCC1.O=S(=O)(NS(=O)(=O)C(F)(F)F)C(F)(F)F,exclude,1,0,False,neutral_component_or_incorrect_ion_role
co2,non_test,6191,CCCCCC[N+]1(C)CCCC1,O=S(=O)(NS(=O)(=O)C(F)(F)F)C(F)(F)F,CCCCCC[N+]1(C)CCCC1.O=S(=O)(NS(=O)(=O)C(F)(F)F)C(F)(F)F,exclude,1,0,False,neutral_component_or_incorrect_ion_role
co2,non_test,6194,CCCCCC[N+]1(C)CCCC1,O=S(=O)(NS(=O)(=O)C(F)(F)F)C(F)(F)F,CCCCCC[N+]1(C)CCCC1.O=S(=O)(NS(=O)(=O)C(F)(F)F)C(F)(F)F,exclude,1,0,False,neutral_component_or_incorrect_ion_role
co2,non_test,6200,CCCCCC[N+]1(C)CCCC1,O=S(=O)(NS(=O)(=O)C(F)(F)F)C(F)(F)F,CCCCCC[N+]1(C)CCCC1.O=S(=O)(NS(=O)(=O)C(F)(F)F)C(F)(F)F,exclude,1,0,False,neutral_component_or_incorrect_ion_role
co2,non_test,6223,CCCCCC[N+]1(C)CCCC1,O=S(=O)(NS(=O)(=O)C(F)(F)F)C(F)(F)F,CCCCCC[N+]1(C)CCCC1.O=S(=O)(NS(=O)(=O)C(F)(F)F)C(F)(F)F,exclude,1,0,False,neutral_component_or_incorrect_ion_role
co2,non_test,6227,CCCCCC[N+]1(C)CCCC1,O=S(=O)(NS(=O)(=O)C(F)(F)F)C(F)(F)F,CCCCCC[N+]1(C)CCCC1.O=S(=O)(NS(=O)(=O)C(F)(F)F)C(F)(F)F,exclude,1,0,False,neutral_component_or_incorrect_ion_role
co2,non_test,6253,CCCCCC[N+]1(C)CCCC1,O=S(=O)(NS(=O)(=O)C(F)(F)F)C(F)(F)F,CCCCCC[N+]1(C)CCCC1.O=S(=O)(NS(=O)(=O)C(F)(F)F)C(F)(F)F,exclude,1,0,False,neutral_component_or_incorrect_ion_role
co2,non_test,6255,CCCCCC[N+]1(C)CCCC1,O=S(=O)(NS(=O)(=O)C(F)(F)F)C(F)(F)F,CCCCCC[N+]1(C)CCCC1.O=S(=O)(NS(=O)(=O)C(F)(F)F)C(F)(F)F,exclude,1,0,False,neutral_component_or_incorrect_ion_role
co2,non_test,6260,CCCCCC[N+]1(C)CCCC1,O=S(=O)(NS(=O)(=O)C(F)(F)F)C(F)(F)F,CCCCCC[N+]1(C)CCCC1.O=S(=O)(NS(=O)(=O)C(F)(F)F)C(F)(F)F,exclude,1,0,False,neutral_component_or_incorrect_ion_role
co2,non_test,6267,CCCCCC[N+]1(C)CCCC1,O=S(=O)(NS(=O)(=O)C(F)(F)F)C(F)(F)F,CCCCCC[N+]1(C)CCCC1.O=S(=O)(NS(=O)(=O)C(F)(F)F)C(F)(F)F,exclude,1,0,False,neutral_component_or_incorrect_ion_role
co2,non_test,6269,CCCCCC[N+]1(C)CCCC1,O=S(=O)(NS(=O)(=O)C(F)(F)F)C(F)(F)F,CCCCCC[N+]1(C)CCCC1.O=S(=O)(NS(=O)(=O)C(F)(F)F)C(F)(F)F,exclude,1,0,False,neutral_component_or_incorrect_ion_role
co2,non_test,6271,CCCCCC[N+]1(C)CCCC1,O=S(=O)(NS(=O)(=O)C(F)(F)F)C(F)(F)F,CCCCCC[N+]1(C)CCCC1.O=S(=O)(NS(=O)(=O)C(F)(F)F)C(F)(F)F,exclude,1,0,False,neutral_component_or_incorrect_ion_role
co2,non_test,6275,CCCCCC[N+]1(C)CCCC1,O=S(=O)(NS(=O)(=O)C(F)(F)F)C(F)(F)F,CCCCCC[N+]1(C)CCCC1.O=S(=O)(NS(=O)(=O)C(F)(F)F)C(F)(F)F,exclude,1,0,False,neutral_component_or_incorrect_ion_role
co2,non_test,6314,CCCCCC[N+]1(C)CCCC1,O=S(=O)(NS(=O)(=O)C(F)(F)F)C(F)(F)F,CCCCCC[N+]1(C)CCCC1.O=S(=O)(NS(=O)(=O)C(F)(F)F)C(F)(F)F,exclude,1,0,False,neutral_component_or_incorrect_ion_role
co2,non_test,6317,CCCCCC[N+]1(C)CCCC1,O=S(=O)(NS(=O)(=O)C(F)(F)F)C(F)(F)F,CCCCCC[N+]1(C)CCCC1.O=S(=O)(NS(=O)(=O)C(F)(F)F)C(F)(F)F,exclude,1,0,False,neutral_component_or_incorrect_ion_role
co2,non_test,6329,CCCCCC[N+]1(C)CCCC1,O=S(=O)(NS(=O)(=O)C(F)(F)F)C(F)(F)F,CCCCCC[N+]1(C)CCCC1.O=S(=O)(NS(=O)(=O)C(F)(F)F)C(F)(F)F,exclude,1,0,False,neutral_component_or_incorrect_ion_role
co2,non_test,6334,CCCCCC[N+]1(C)CCCC1,O=S(=O)(NS(=O)(=O)C(F)(F)F)C(F)(F)F,CCCCCC[N+]1(C)CCCC1.O=S(=O)(NS(=O)(=O)C(F)(F)F)C(F)(F)F,exclude,1,0,False,neutral_component_or_incorrect_ion_role
co2,non_test,6335,CCCCCC[N+]1(C)CCCC1,O=S(=O)(NS(=O)(=O)C(F)(F)F)C(F)(F)F,CCCCCC[N+]1(C)CCCC1.O=S(=O)(NS(=O)(=O)C(F)(F)F)C(F)(F)F,exclude,1,0,False,neutral_component_or_incorrect_ion_role
co2,non_test,6355,CCCCCC[N+]1(C)CCCC1,O=S(=O)(NS(=O)(=O)C(F)(F)F)C(F)(F)F,CCCCCC[N+]1(C)CCCC1.O=S(=O)(NS(=O)(=O)C(F)(F)F)C(F)(F)F,exclude,1,0,False,neutral_component_or_incorrect_ion_role
co2,non_test,6369,CCCCCC[N+]1(C)CCCC1,O=S(=O)(NS(=O)(=O)C(F)(F)F)C(F)(F)F,CCCCCC[N+]1(C)CCCC1.O=S(=O)(NS(=O)(=O)C(F)(F)F)C(F)(F)F,exclude,1,0,False,neutral_component_or_incorrect_ion_role
co2,non_test,6374,CCCCCC[N+]1(C)CCCC1,O=S(=O)(NS(=O)(=O)C(F)(F)F)C(F)(F)F,CCCCCC[N+]1(C)CCCC1.O=S(=O)(NS(=O)(=O)C(F)(F)F)C(F)(F)F,exclude,1,0,False,neutral_component_or_incorrect_ion_role
co2,non_test,6377,CCCCCC[N+]1(C)CCCC1,O=S(=O)(NS(=O)(=O)C(F)(F)F)C(F)(F)F,CCCCCC[N+]1(C)CCCC1.O=S(=O)(NS(=O)(=O)C(F)(F)F)C(F)(F)F,exclude,1,0,False,neutral_component_or_incorrect_ion_role
co2,non_test,6722,CCCCCC[N+]1(C)CCCC1,O=S(=O)(NS(=O)(=O)C(F)(F)F)C(F)(F)F,CCCCCC[N+]1(C)CCCC1.O=S(=O)(NS(=O)(=O)C(F)(F)F)C(F)(F)F,exclude,1,0,False,neutral_component_or_incorrect_ion_role
co2,non_test,6756,CCCCCC[N+]1(C)CCCC1,O=S(=O)(NS(=O)(=O)C(F)(F)F)C(F)(F)F,CCCCCC[N+]1(C)CCCC1.O=S(=O)(NS(=O)(=O)C(F)(F)F)C(F)(F)F,exclude,1,0,False,neutral_component_or_incorrect_ion_role
co2,non_test,6793,CCCCCC[N+]1(C)CCCC1,O=S(=O)(NS(=O)(=O)C(F)(F)F)C(F)(F)F,CCCCCC[N+]1(C)CCCC1.O=S(=O)(NS(=O)(=O)C(F)(F)F)C(F)(F)F,exclude,1,0,False,neutral_component_or_incorrect_ion_role
co2,non_test,6825,CCCCCC[N+]1(C)CCCC1,O=S(=O)(NS(=O)(=O)C(F)(F)F)C(F)(F)F,CCCCCC[N+]1(C)CCCC1.O=S(=O)(NS(=O)(=O)C(F)(F)F)C(F)(F)F,exclude,1,0,False,neutral_component_or_incorrect_ion_role
co2,non_test,6848,CCCCCC[N+]1(C)CCCC1,O=S(=O)(NS(=O)(=O)C(F)(F)F)C(F)(F)F,CCCCCC[N+]1(C)CCCC1.O=S(=O)(NS(=O)(=O)C(F)(F)F)C(F)(F)F,exclude,1,0,False,neutral_component_or_incorrect_ion_role
co2,non_test,6933,CCCCCC[N+]1(C)CCCC1,O=S(=O)(NS(=O)(=O)C(F)(F)F)C(F)(F)F,CCCCCC[N+]1(C)CCCC1.O=S(=O)(NS(=O)(=O)C(F)(F)F)C(F)(F)F,exclude,1,0,False,neutral_component_or_incorrect_ion_role
co2,non_test,6975,CCCCCC[N+]1(C)CCCC1,O=S(=O)(NS(=O)(=O)C(F)(F)F)C(F)(F)F,CCCCCC[N+]1(C)CCCC1.O=S(=O)(NS(=O)(=O)C(F)(F)F)C(F)(F)F,exclude,1,0,False,neutral_component_or_incorrect_ion_role
co2,non_test,7073,CCCCCC[N+]1(C)CCCC1,O=S(=O)(NS(=O)(=O)C(F)(F)F)C(F)(F)F,CCCCCC[N+]1(C)CCCC1.O=S(=O)(NS(=O)(=O)C(F)(F)F)C(F)(F)F,exclude,1,0,False,neutral_component_or_incorrect_ion_role
co2,non_test,8862,CCCCCC[N+]1(C)CCCC1,O=S(=O)(NS(=O)(=O)C(F)(F)F)C(F)(F)F,CCCCCC[N+]1(C)CCCC1.O=S(=O)(NS(=O)(=O)C(F)(F)F)C(F)(F)F,exclude,1,0,False,neutral_component_or_incorrect_ion_role
co2,non_test,8883,CCCCCC[N+]1(C)CCCC1,O=S(=O)(NS(=O)(=O)C(F)(F)F)C(F)(F)F,CCCCCC[N+]1(C)CCCC1.O=S(=O)(NS(=O)(=O)C(F)(F)F)C(F)(F)F,exclude,1,0,False,neutral_component_or_incorrect_ion_role
co2,non_test,8915,CCCCCC[N+]1(C)CCCC1,O=S(=O)(NS(=O)(=O)C(F)(F)F)C(F)(F)F,CCCCCC[N+]1(C)CCCC1.O=S(=O)(NS(=O)(=O)C(F)(F)F)C(F)(F)F,exclude,1,0,False,neutral_component_or_incorrect_ion_role
co2,non_test,8942,CCCCCC[N+]1(C)CCCC1,O=S(=O)(NS(=O)(=O)C(F)(F)F)C(F)(F)F,CCCCCC[N+]1(C)CCCC1.O=S(=O)(NS(=O)(=O)C(F)(F)F)C(F)(F)F,exclude,1,0,False,neutral_component_or_incorrect_ion_role
co2,non_test,8966,CCCCCC[N+]1(C)CCCC1,O=S(=O)(NS(=O)(=O)C(F)(F)F)C(F)(F)F,CCCCCC[N+]1(C)CCCC1.O=S(=O)(NS(=O)(=O)C(F)(F)F)C(F)(F)F,exclude,1,0,False,neutral_component_or_incorrect_ion_role
co2,non_test,9079,CCCCCC[N+]1(C)CCCC1,O=S(=O)(NS(=O)(=O)C(F)(F)F)C(F)(F)F,CCCCCC[N+]1(C)CCCC1.O=S(=O)(NS(=O)(=O)C(F)(F)F)C(F)(F)F,exclude,1,0,False,neutral_component_or_incorrect_ion_role
co2,non_test,9131,CCCCCC[N+]1(C)CCCC1,O=S(=O)(NS(=O)(=O)C(F)(F)F)C(F)(F)F,CCCCCC[N+]1(C)CCCC1.O=S(=O)(NS(=O)(=O)C(F)(F)F)C(F)(F)F,exclude,1,0,False,neutral_component_or_incorrect_ion_role
co2,non_test,9254,CCCCCC[N+]1(C)CCCC1,O=S(=O)(NS(=O)(=O)C(F)(F)F)C(F)(F)F,CCCCCC[N+]1(C)CCCC1.O=S(=O)(NS(=O)(=O)C(F)(F)F)C(F)(F)F,exclude,1,0,False,neutral_component_or_incorrect_ion_role
co2,non_test,10430,CCCCCC[N+]1(C)CCCC1,O=S(=O)(NS(=O)(=O)C(F)(F)F)C(F)(F)F,CCCCCC[N+]1(C)CCCC1.O=S(=O)(NS(=O)(=O)C(F)(F)F)C(F)(F)F,exclude,1,0,False,neutral_component_or_incorrect_ion_role
co2,non_test,10437,CCCCCC[N+]1(C)CCCC1,O=S(=O)(NS(=O)(=O)C(F)(F)F)C(F)(F)F,CCCCCC[N+]1(C)CCCC1.O=S(=O)(NS(=O)(=O)C(F)(F)F)C(F)(F)F,exclude,1,0,False,neutral_component_or_incorrect_ion_role
co2,non_test,10448,CCCCCC[N+]1(C)CCCC1,O=S(=O)(NS(=O)(=O)C(F)(F)F)C(F)(F)F,CCCCCC[N+]1(C)CCCC1.O=S(=O)(NS(=O)(=O)C(F)(F)F)C(F)(F)F,exclude,1,0,False,neutral_component_or_incorrect_ion_role
co2,non_test,10449,CCCCCC[N+]1(C)CCCC1,O=S(=O)(NS(=O)(=O)C(F)(F)F)C(F)(F)F,CCCCCC[N+]1(C)CCCC1.O=S(=O)(NS(=O)(=O)C(F)(F)F)C(F)(F)F,exclude,1,0,False,neutral_component_or_incorrect_ion_role
co2,non_test,10452,CCCCCC[N+]1(C)CCCC1,O=S(=O)(NS(=O)(=O)C(F)(F)F)C(F)(F)F,CCCCCC[N+]1(C)CCCC1.O=S(=O)(NS(=O)(=O)C(F)(F)F)C(F)(F)F,exclude,1,0,False,neutral_component_or_incorrect_ion_role
co2,non_test,10455,CCCCCC[N+]1(C)CCCC1,O=S(=O)(NS(=O)(=O)C(F)(F)F)C(F)(F)F,CCCCCC[N+]1(C)CCCC1.O=S(=O)(NS(=O)(=O)C(F)(F)F)C(F)(F)F,exclude,1,0,False,neutral_component_or_incorrect_ion_role
co2,non_test,10458,CCCCCC[N+]1(C)CCCC1,O=S(=O)(NS(=O)(=O)C(F)(F)F)C(F)(F)F,CCCCCC[N+]1(C)CCCC1.O=S(=O)(NS(=O)(=O)C(F)(F)F)C(F)(F)F,exclude,1,0,False,neutral_component_or_incorrect_ion_role
co2,non_test,10461,CCCCCC[N+]1(C)CCCC1,O=S(=O)(NS(=O)(=O)C(F)(F)F)C(F)(F)F,CCCCCC[N+]1(C)CCCC1.O=S(=O)(NS(=O)(=O)C(F)(F)F)C(F)(F)F,exclude,1,0,False,neutral_component_or_incorrect_ion_role
co2,non_test,10465,CCCCCC[N+]1(C)CCCC1,O=S(=O)(NS(=O)(=O)C(F)(F)F)C(F)(F)F,CCCCCC[N+]1(C)CCCC1.O=S(=O)(NS(=O)(=O)C(F)(F)F)C(F)(F)F,exclude,1,0,False,neutral_component_or_incorrect_ion_role
co2,non_test,10471,CCCCCC[N+]1(C)CCCC1,O=S(=O)(NS(=O)(=O)C(F)(F)F)C(F)(F)F,CCCCCC[N+]1(C)CCCC1.O=S(=O)(NS(=O)(=O)C(F)(F)F)C(F)(F)F,exclude,1,0,False,neutral_component_or_incorrect_ion_role
co2,non_test,10476,CCCCCC[N+]1(C)CCCC1,O=S(=O)(NS(=O)(=O)C(F)(F)F)C(F)(F)F,CCCCCC[N+]1(C)CCCC1.O=S(=O)(NS(=O)(=O)C(F)(F)F)C(F)(F)F,exclude,1,0,False,neutral_component_or_incorrect_ion_role
co2,non_test,10477,CCCCCC[N+]1(C)CCCC1,O=S(=O)(NS(=O)(=O)C(F)(F)F)C(F)(F)F,CCCCCC[N+]1(C)CCCC1.O=S(=O)(NS(=O)(=O)C(F)(F)F)C(F)(F)F,exclude,1,0,False,neutral_component_or_incorrect_ion_role
co2,non_test,10478,CCCCCC[N+]1(C)CCCC1,O=S(=O)(NS(=O)(=O)C(F)(F)F)C(F)(F)F,CCCCCC[N+]1(C)CCCC1.O=S(=O)(NS(=O)(=O)C(F)(F)F)C(F)(F)F,exclude,1,0,False,neutral_component_or_incorrect_ion_role
co2,non_test,10485,CCCCCC[N+]1(C)CCCC1,O=S(=O)(NS(=O)(=O)C(F)(F)F)C(F)(F)F,CCCCCC[N+]1(C)CCCC1.O=S(=O)(NS(=O)(=O)C(F)(F)F)C(F)(F)F,exclude,1,0,False,neutral_component_or_incorrect_ion_role
co2,non_test,10488,CCCCCC[N+]1(C)CCCC1,O=S(=O)(NS(=O)(=O)C(F)(F)F)C(F)(F)F,CCCCCC[N+]1(C)CCCC1.O=S(=O)(NS(=O)(=O)C(F)(F)F)C(F)(F)F,exclude,1,0,False,neutral_component_or_incorrect_ion_role
co2,non_test,10489,CCCCCC[N+]1(C)CCCC1,O=S(=O)(NS(=O)(=O)C(F)(F)F)C(F)(F)F,CCCCCC[N+]1(C)CCCC1.O=S(=O)(NS(=O)(=O)C(F)(F)F)C(F)(F)F,exclude,1,0,False,neutral_component_or_incorrect_ion_role
co2,non_test,10493,CCCCCC[N+]1(C)CCCC1,O=S(=O)(NS(=O)(=O)C(F)(F)F)C(F)(F)F,CCCCCC[N+]1(C)CCCC1.O=S(=O)(NS(=O)(=O)C(F)(F)F)C(F)(F)F,exclude,1,0,False,neutral_component_or_incorrect_ion_role
co2,non_test,10497,CCCCCC[N+]1(C)CCCC1,O=S(=O)(NS(=O)(=O)C(F)(F)F)C(F)(F)F,CCCCCC[N+]1(C)CCCC1.O=S(=O)(NS(=O)(=O)C(F)(F)F)C(F)(F)F,exclude,1,0,False,neutral_component_or_incorrect_ion_role
co2,non_test,10513,CCCCCC[N+]1(C)CCCC1,O=S(=O)(NS(=O)(=O)C(F)(F)F)C(F)(F)F,CCCCCC[N+]1(C)CCCC1.O=S(=O)(NS(=O)(=O)C(F)(F)F)C(F)(F)F,exclude,1,0,False,neutral_component_or_incorrect_ion_role
co2,non_test,10518,CCCCCC[N+]1(C)CCCC1,O=S(=O)(NS(=O)(=O)C(F)(F)F)C(F)(F)F,CCCCCC[N+]1(C)CCCC1.O=S(=O)(NS(=O)(=O)C(F)(F)F)C(F)(F)F,exclude,1,0,False,neutral_component_or_incorrect_ion_role
co2,non_test,10519,CCCCCC[N+]1(C)CCCC1,O=S(=O)(NS(=O)(=O)C(F)(F)F)C(F)(F)F,CCCCCC[N+]1(C)CCCC1.O=S(=O)(NS(=O)(=O)C(F)(F)F)C(F)(F)F,exclude,1,0,False,neutral_component_or_incorrect_ion_role
co2,non_test,10520,CCCCCC[N+]1(C)CCCC1,O=S(=O)(NS(=O)(=O)C(F)(F)F)C(F)(F)F,CCCCCC[N+]1(C)CCCC1.O=S(=O)(NS(=O)(=O)C(F)(F)F)C(F)(F)F,exclude,1,0,False,neutral_component_or_incorrect_ion_role
co2,non_test,10522,CCCCCC[N+]1(C)CCCC1,O=S(=O)(NS(=O)(=O)C(F)(F)F)C(F)(F)F,CCCCCC[N+]1(C)CCCC1.O=S(=O)(NS(=O)(=O)C(F)(F)F)C(F)(F)F,exclude,1,0,False,neutral_component_or_incorrect_ion_role
co2,non_test,10525,CCCCCC[N+]1(C)CCCC1,O=S(=O)(NS(=O)(=O)C(F)(F)F)C(F)(F)F,CCCCCC[N+]1(C)CCCC1.O=S(=O)(NS(=O)(=O)C(F)(F)F)C(F)(F)F,exclude,1,0,False,neutral_component_or_incorrect_ion_role
co2,non_test,10532,CCCCCC[N+]1(C)CCCC1,O=S(=O)(NS(=O)(=O)C(F)(F)F)C(F)(F)F,CCCCCC[N+]1(C)CCCC1.O=S(=O)(NS(=O)(=O)C(F)(F)F)C(F)(F)F,exclude,1,0,False,neutral_component_or_incorrect_ion_role
co2,non_test,10877,CCCCCC[N+]1(C)CCCC1,O=S(=O)(NS(=O)(=O)C(F)(F)F)C(F)(F)F,CCCCCC[N+]1(C)CCCC1.O=S(=O)(NS(=O)(=O)C(F)(F)F)C(F)(F)F,exclude,1,0,False,neutral_component_or_incorrect_ion_role
co2,non_test,10895,CCCCCC[N+]1(C)CCCC1,O=S(=O)(NS(=O)(=O)C(F)(F)F)C(F)(F)F,CCCCCC[N+]1(C)CCCC1.O=S(=O)(NS(=O)(=O)C(F)(F)F)C(F)(F)F,exclude,1,0,False,neutral_component_or_incorrect_ion_role
co2,non_test,10928,CCCCCC[N+]1(C)CCCC1,O=S(=O)(NS(=O)(=O)C(F)(F)F)C(F)(F)F,CCCCCC[N+]1(C)CCCC1.O=S(=O)(NS(=O)(=O)C(F)(F)F)C(F)(F)F,exclude,1,0,False,neutral_component_or_incorrect_ion_role
co2,non_test,10953,CCCCCC[N+]1(C)CCCC1,O=S(=O)(NS(=O)(=O)C(F)(F)F)C(F)(F)F,CCCCCC[N+]1(C)CCCC1.O=S(=O)(NS(=O)(=O)C(F)(F)F)C(F)(F)F,exclude,1,0,False,neutral_component_or_incorrect_ion_role
co2,non_test,10972,CCCCCC[N+]1(C)CCCC1,O=S(=O)(NS(=O)(=O)C(F)(F)F)C(F)(F)F,CCCCCC[N+]1(C)CCCC1.O=S(=O)(NS(=O)(=O)C(F)(F)F)C(F)(F)F,exclude,1,0,False,neutral_component_or_incorrect_ion_role
co2,non_test,11031,CCCCCC[N+]1(C)CCCC1,O=S(=O)(NS(=O)(=O)C(F)(F)F)C(F)(F)F,CCCCCC[N+]1(C)CCCC1.O=S(=O)(NS(=O)(=O)C(F)(F)F)C(F)(F)F,exclude,1,0,False,neutral_component_or_incorrect_ion_role
co2,non_test,11068,CCCCCC[N+]1(C)CCCC1,O=S(=O)(NS(=O)(=O)C(F)(F)F)C(F)(F)F,CCCCCC[N+]1(C)CCCC1.O=S(=O)(NS(=O)(=O)C(F)(F)F)C(F)(F)F,exclude,1,0,False,neutral_component_or_incorrect_ion_role
co2,non_test,11127,CCCCCC[N+]1(C)CCCC1,O=S(=O)(NS(=O)(=O)C(F)(F)F)C(F)(F)F,CCCCCC[N+]1(C)CCCC1.O=S(=O)(NS(=O)(=O)C(F)(F)F)C(F)(F)F,exclude,1,0,False,neutral_component_or_incorrect_ion_role
co2,non_test,12007,CCCCCC[N+]1(C)CCCC1,O=S(=O)(NS(=O)(=O)C(F)(F)F)C(F)(F)F,CCCCCC[N+]1(C)CCCC1.O=S(=O)(NS(=O)(=O)C(F)(F)F)C(F)(F)F,exclude,1,0,False,neutral_component_or_incorrect_ion_role
co2,non_test,12015,CCCCCC[N+]1(C)CCCC1,O=S(=O)(NS(=O)(=O)C(F)(F)F)C(F)(F)F,CCCCCC[N+]1(C)CCCC1.O=S(=O)(NS(=O)(=O)C(F)(F)F)C(F)(F)F,exclude,1,0,False,neutral_component_or_incorrect_ion_role
co2,non_test,12036,CCCCCC[N+]1(C)CCCC1,O=S(=O)(NS(=O)(=O)C(F)(F)F)C(F)(F)F,CCCCCC[N+]1(C)CCCC1.O=S(=O)(NS(=O)(=O)C(F)(F)F)C(F)(F)F,exclude,1,0,False,neutral_component_or_incorrect_ion_role
co2,non_test,12056,CCCCCC[N+]1(C)CCCC1,O=S(=O)(NS(=O)(=O)C(F)(F)F)C(F)(F)F,CCCCCC[N+]1(C)CCCC1.O=S(=O)(NS(=O)(=O)C(F)(F)F)C(F)(F)F,exclude,1,0,False,neutral_component_or_incorrect_ion_role
co2,non_test,12070,CCCCCC[N+]1(C)CCCC1,O=S(=O)(NS(=O)(=O)C(F)(F)F)C(F)(F)F,CCCCCC[N+]1(C)CCCC1.O=S(=O)(NS(=O)(=O)C(F)(F)F)C(F)(F)F,exclude,1,0,False,neutral_component_or_incorrect_ion_role
co2,non_test,12131,CCCCCC[N+]1(C)CCCC1,O=S(=O)(NS(=O)(=O)C(F)(F)F)C(F)(F)F,CCCCCC[N+]1(C)CCCC1.O=S(=O)(NS(=O)(=O)C(F)(F)F)C(F)(F)F,exclude,1,0,False,neutral_component_or_incorrect_ion_role
co2,non_test,12161,CCCCCC[N+]1(C)CCCC1,O=S(=O)(NS(=O)(=O)C(F)(F)F)C(F)(F)F,CCCCCC[N+]1(C)CCCC1.O=S(=O)(NS(=O)(=O)C(F)(F)F)C(F)(F)F,exclude,1,0,False,neutral_component_or_incorrect_ion_role
co2,non_test,12228,CCCCCC[N+]1(C)CCCC1,O=S(=O)(NS(=O)(=O)C(F)(F)F)C(F)(F)F,CCCCCC[N+]1(C)CCCC1.O=S(=O)(NS(=O)(=O)C(F)(F)F)C(F)(F)F,exclude,1,0,False,neutral_component_or_incorrect_ion_role
co2,non_test,12938,CCCCCC[N+]1(C)CCCC1,O=S(=O)(NS(=O)(=O)C(F)(F)F)C(F)(F)F,CCCCCC[N+]1(C)CCCC1.O=S(=O)(NS(=O)(=O)C(F)(F)F)C(F)(F)F,exclude,1,0,False,neutral_component_or_incorrect_ion_role
co2,non_test,12946,CCCCCC[N+]1(C)CCCC1,O=S(=O)(NS(=O)(=O)C(F)(F)F)C(F)(F)F,CCCCCC[N+]1(C)CCCC1.O=S(=O)(NS(=O)(=O)C(F)(F)F)C(F)(F)F,exclude,1,0,False,neutral_component_or_incorrect_ion_role
co2,non_test,12967,CCCCCC[N+]1(C)CCCC1,O=S(=O)(NS(=O)(=O)C(F)(F)F)C(F)(F)F,CCCCCC[N+]1(C)CCCC1.O=S(=O)(NS(=O)(=O)C(F)(F)F)C(F)(F)F,exclude,1,0,False,neutral_component_or_incorrect_ion_role
co2,non_test,12985,CCCCCC[N+]1(C)CCCC1,O=S(=O)(NS(=O)(=O)C(F)(F)F)C(F)(F)F,CCCCCC[N+]1(C)CCCC1.O=S(=O)(NS(=O)(=O)C(F)(F)F)C(F)(F)F,exclude,1,0,False,neutral_component_or_incorrect_ion_role
co2,non_test,12998,CCCCCC[N+]1(C)CCCC1,O=S(=O)(NS(=O)(=O)C(F)(F)F)C(F)(F)F,CCCCCC[N+]1(C)CCCC1.O=S(=O)(NS(=O)(=O)C(F)(F)F)C(F)(F)F,exclude,1,0,False,neutral_component_or_incorrect_ion_role
co2,non_test,13054,CCCCCC[N+]1(C)CCCC1,O=S(=O)(NS(=O)(=O)C(F)(F)F)C(F)(F)F,CCCCCC[N+]1(C)CCCC1.O=S(=O)(NS(=O)(=O)C(F)(F)F)C(F)(F)F,exclude,1,0,False,neutral_component_or_incorrect_ion_role
co2,non_test,13080,CCCCCC[N+]1(C)CCCC1,O=S(=O)(NS(=O)(=O)C(F)(F)F)C(F)(F)F,CCCCCC[N+]1(C)CCCC1.O=S(=O)(NS(=O)(=O)C(F)(F)F)C(F)(F)F,exclude,1,0,False,neutral_component_or_incorrect_ion_role
co2,non_test,13134,CCCCCC[N+]1(C)CCCC1,O=S(=O)(NS(=O)(=O)C(F)(F)F)C(F)(F)F,CCCCCC[N+]1(C)CCCC1.O=S(=O)(NS(=O)(=O)C(F)(F)F)C(F)(F)F,exclude,1,0,False,neutral_component_or_incorrect_ion_role
co2,non_test,13448,CCCCCC[N+]1(C)CCCC1,O=S(=O)(NS(=O)(=O)C(F)(F)F)C(F)(F)F,CCCCCC[N+]1(C)CCCC1.O=S(=O)(NS(=O)(=O)C(F)(F)F)C(F)(F)F,exclude,1,0,False,neutral_component_or_incorrect_ion_role
co2,non_test,13456,CCCCCC[N+]1(C)CCCC1,O=S(=O)(NS(=O)(=O)C(F)(F)F)C(F)(F)F,CCCCCC[N+]1(C)CCCC1.O=S(=O)(NS(=O)(=O)C(F)(F)F)C(F)(F)F,exclude,1,0,False,neutral_component_or_incorrect_ion_role
co2,non_test,13473,CCCCCC[N+]1(C)CCCC1,O=S(=O)(NS(=O)(=O)C(F)(F)F)C(F)(F)F,CCCCCC[N+]1(C)CCCC1.O=S(=O)(NS(=O)(=O)C(F)(F)F)C(F)(F)F,exclude,1,0,False,neutral_component_or_incorrect_ion_role
co2,non_test,13490,CCCCCC[N+]1(C)CCCC1,O=S(=O)(NS(=O)(=O)C(F)(F)F)C(F)(F)F,CCCCCC[N+]1(C)CCCC1.O=S(=O)(NS(=O)(=O)C(F)(F)F)C(F)(F)F,exclude,1,0,False,neutral_component_or_incorrect_ion_role
co2,non_test,13501,CCCCCC[N+]1(C)CCCC1,O=S(=O)(NS(=O)(=O)C(F)(F)F)C(F)(F)F,CCCCCC[N+]1(C)CCCC1.O=S(=O)(NS(=O)(=O)C(F)(F)F)C(F)(F)F,exclude,1,0,False,neutral_component_or_incorrect_ion_role
co2,non_test,13555,CCCCCC[N+]1(C)CCCC1,O=S(=O)(NS(=O)(=O)C(F)(F)F)C(F)(F)F,CCCCCC[N+]1(C)CCCC1.O=S(=O)(NS(=O)(=O)C(F)(F)F)C(F)(F)F,exclude,1,0,False,neutral_component_or_incorrect_ion_role
co2,non_test,13582,CCCCCC[N+]1(C)CCCC1,O=S(=O)(NS(=O)(=O)C(F)(F)F)C(F)(F)F,CCCCCC[N+]1(C)CCCC1.O=S(=O)(NS(=O)(=O)C(F)(F)F)C(F)(F)F,exclude,1,0,False,neutral_component_or_incorrect_ion_role
co2,non_test,13635,CCCCCC[N+]1(C)CCCC1,O=S(=O)(NS(=O)(=O)C(F)(F)F)C(F)(F)F,CCCCCC[N+]1(C)CCCC1.O=S(=O)(NS(=O)(=O)C(F)(F)F)C(F)(F)F,exclude,1,0,False,neutral_component_or_incorrect_ion_role
co2,non_test,1927,C[n+]1ccn(CCC(F)(F)C(F)(F)C(F)(F)C(F)(F)C(F)(F)C(F)(F)F)c1,O=S(=O)(NS(=O)(=O)C(F)(F)F)C(F)(F)F,C[n+]1ccn(CCC(F)(F)C(F)(F)C(F)(F)C(F)(F)C(F)(F)C(F)(F)F)c1.O=S(=O)(NS(=O)(=O)C(F)(F)F)C(F)(F)F,exclude,1,0,False,neutral_component_or_incorrect_ion_role
co2,non_test,1928,C[n+]1ccn(CCC(F)(F)C(F)(F)C(F)(F)C(F)(F)C(F)(F)C(F)(F)F)c1,O=S(=O)(NS(=O)(=O)C(F)(F)F)C(F)(F)F,C[n+]1ccn(CCC(F)(F)C(F)(F)C(F)(F)C(F)(F)C(F)(F)C(F)(F)F)c1.O=S(=O)(NS(=O)(=O)C(F)(F)F)C(F)(F)F,exclude,1,0,False,neutral_component_or_incorrect_ion_role
co2,non_test,1929,C[n+]1ccn(CCC(F)(F)C(F)(F)C(F)(F)C(F)(F)C(F)(F)C(F)(F)F)c1,O=S(=O)(NS(=O)(=O)C(F)(F)F)C(F)(F)F,C[n+]1ccn(CCC(F)(F)C(F)(F)C(F)(F)C(F)(F)C(F)(F)C(F)(F)F)c1.O=S(=O)(NS(=O)(=O)C(F)(F)F)C(F)(F)F,exclude,1,0,False,neutral_component_or_incorrect_ion_role
co2,non_test,1932,C[n+]1ccn(CCC(F)(F)C(F)(F)C(F)(F)C(F)(F)C(F)(F)C(F)(F)F)c1,O=S(=O)(NS(=O)(=O)C(F)(F)F)C(F)(F)F,C[n+]1ccn(CCC(F)(F)C(F)(F)C(F)(F)C(F)(F)C(F)(F)C(F)(F)F)c1.O=S(=O)(NS(=O)(=O)C(F)(F)F)C(F)(F)F,exclude,1,0,False,neutral_component_or_incorrect_ion_role
co2,non_test,1934,C[n+]1ccn(CCC(F)(F)C(F)(F)C(F)(F)C(F)(F)C(F)(F)C(F)(F)F)c1,O=S(=O)(NS(=O)(=O)C(F)(F)F)C(F)(F)F,C[n+]1ccn(CCC(F)(F)C(F)(F)C(F)(F)C(F)(F)C(F)(F)C(F)(F)F)c1.O=S(=O)(NS(=O)(=O)C(F)(F)F)C(F)(F)F,exclude,1,0,False,neutral_component_or_incorrect_ion_role
co2,non_test,1936,C[n+]1ccn(CCC(F)(F)C(F)(F)C(F)(F)C(F)(F)C(F)(F)C(F)(F)F)c1,O=S(=O)(NS(=O)(=O)C(F)(F)F)C(F)(F)F,C[n+]1ccn(CCC(F)(F)C(F)(F)C(F)(F)C(F)(F)C(F)(F)C(F)(F)F)c1.O=S(=O)(NS(=O)(=O)C(F)(F)F)C(F)(F)F,exclude,1,0,False,neutral_component_or_incorrect_ion_role
co2,non_test,1940,C[n+]1ccn(CCC(F)(F)C(F)(F)C(F)(F)C(F)(F)C(F)(F)C(F)(F)F)c1,O=S(=O)(NS(=O)(=O)C(F)(F)F)C(F)(F)F,C[n+]1ccn(CCC(F)(F)C(F)(F)C(F)(F)C(F)(F)C(F)(F)C(F)(F)F)c1.O=S(=O)(NS(=O)(=O)C(F)(F)F)C(F)(F)F,exclude,1,0,False,neutral_component_or_incorrect_ion_role
co2,non_test,1944,C[n+]1ccn(CCC(F)(F)C(F)(F)C(F)(F)C(F)(F)C(F)(F)C(F)(F)F)c1,O=S(=O)(NS(=O)(=O)C(F)(F)F)C(F)(F)F,C[n+]1ccn(CCC(F)(F)C(F)(F)C(F)(F)C(F)(F)C(F)(F)C(F)(F)F)c1.O=S(=O)(NS(=O)(=O)C(F)(F)F)C(F)(F)F,exclude,1,0,False,neutral_component_or_incorrect_ion_role
co2,non_test,1950,C[n+]1ccn(CCC(F)(F)C(F)(F)C(F)(F)C(F)(F)C(F)(F)C(F)(F)F)c1,O=S(=O)(NS(=O)(=O)C(F)(F)F)C(F)(F)F,C[n+]1ccn(CCC(F)(F)C(F)(F)C(F)(F)C(F)(F)C(F)(F)C(F)(F)F)c1.O=S(=O)(NS(=O)(=O)C(F)(F)F)C(F)(F)F,exclude,1,0,False,neutral_component_or_incorrect_ion_role
co2,non_test,1952,C[n+]1ccn(CCC(F)(F)C(F)(F)C(F)(F)C(F)(F)C(F)(F)C(F)(F)F)c1,O=S(=O)(NS(=O)(=O)C(F)(F)F)C(F)(F)F,C[n+]1ccn(CCC(F)(F)C(F)(F)C(F)(F)C(F)(F)C(F)(F)C(F)(F)F)c1.O=S(=O)(NS(=O)(=O)C(F)(F)F)C(F)(F)F,exclude,1,0,False,neutral_component_or_incorrect_ion_role
co2,non_test,1956,C[n+]1ccn(CCC(F)(F)C(F)(F)C(F)(F)C(F)(F)C(F)(F)C(F)(F)F)c1,O=S(=O)(NS(=O)(=O)C(F)(F)F)C(F)(F)F,C[n+]1ccn(CCC(F)(F)C(F)(F)C(F)(F)C(F)(F)C(F)(F)C(F)(F)F)c1.O=S(=O)(NS(=O)(=O)C(F)(F)F)C(F)(F)F,exclude,1,0,False,neutral_component_or_incorrect_ion_role
co2,non_test,1962,C[n+]1ccn(CCC(F)(F)C(F)(F)C(F)(F)C(F)(F)C(F)(F)C(F)(F)F)c1,O=S(=O)(NS(=O)(=O)C(F)(F)F)C(F)(F)F,C[n+]1ccn(CCC(F)(F)C(F)(F)C(F)(F)C(F)(F)C(F)(F)C(F)(F)F)c1.O=S(=O)(NS(=O)(=O)C(F)(F)F)C(F)(F)F,exclude,1,0,False,neutral_component_or_incorrect_ion_role
co2,non_test,1966,C[n+]1ccn(CCC(F)(F)C(F)(F)C(F)(F)C(F)(F)C(F)(F)C(F)(F)F)c1,O=S(=O)(NS(=O)(=O)C(F)(F)F)C(F)(F)F,C[n+]1ccn(CCC(F)(F)C(F)(F)C(F)(F)C(F)(F)C(F)(F)C(F)(F)F)c1.O=S(=O)(NS(=O)(=O)C(F)(F)F)C(F)(F)F,exclude,1,0,False,neutral_component_or_incorrect_ion_role
co2,non_test,1968,C[n+]1ccn(CCC(F)(F)C(F)(F)C(F)(F)C(F)(F)C(F)(F)C(F)(F)F)c1,O=S(=O)(NS(=O)(=O)C(F)(F)F)C(F)(F)F,C[n+]1ccn(CCC(F)(F)C(F)(F)C(F)(F)C(F)(F)C(F)(F)C(F)(F)F)c1.O=S(=O)(NS(=O)(=O)C(F)(F)F)C(F)(F)F,exclude,1,0,False,neutral_component_or_incorrect_ion_role
co2,non_test,1973,C[n+]1ccn(CCC(F)(F)C(F)(F)C(F)(F)C(F)(F)C(F)(F)C(F)(F)F)c1,O=S(=O)(NS(=O)(=O)C(F)(F)F)C(F)(F)F,C[n+]1ccn(CCC(F)(F)C(F)(F)C(F)(F)C(F)(F)C(F)(F)C(F)(F)F)c1.O=S(=O)(NS(=O)(=O)C(F)(F)F)C(F)(F)F,exclude,1,0,False,neutral_component_or_incorrect_ion_role
co2,non_test,1977,C[n+]1ccn(CCC(F)(F)C(F)(F)C(F)(F)C(F)(F)C(F)(F)C(F)(F)F)c1,O=S(=O)(NS(=O)(=O)C(F)(F)F)C(F)(F)F,C[n+]1ccn(CCC(F)(F)C(F)(F)C(F)(F)C(F)(F)C(F)(F)C(F)(F)F)c1.O=S(=O)(NS(=O)(=O)C(F)(F)F)C(F)(F)F,exclude,1,0,False,neutral_component_or_incorrect_ion_role
co2,non_test,1978,C[n+]1ccn(CCC(F)(F)C(F)(F)C(F)(F)C(F)(F)C(F)(F)C(F)(F)F)c1,O=S(=O)(NS(=O)(=O)C(F)(F)F)C(F)(F)F,C[n+]1ccn(CCC(F)(F)C(F)(F)C(F)(F)C(F)(F)C(F)(F)C(F)(F)F)c1.O=S(=O)(NS(=O)(=O)C(F)(F)F)C(F)(F)F,exclude,1,0,False,neutral_component_or_incorrect_ion_role
co2,non_test,1987,C[n+]1ccn(CCC(F)(F)C(F)(F)C(F)(F)C(F)(F)C(F)(F)C(F)(F)F)c1,O=S(=O)(NS(=O)(=O)C(F)(F)F)C(F)(F)F,C[n+]1ccn(CCC(F)(F)C(F)(F)C(F)(F)C(F)(F)C(F)(F)C(F)(F)F)c1.O=S(=O)(NS(=O)(=O)C(F)(F)F)C(F)(F)F,exclude,1,0,False,neutral_component_or_incorrect_ion_role
co2,non_test,1988,C[n+]1ccn(CCC(F)(F)C(F)(F)C(F)(F)C(F)(F)C(F)(F)C(F)(F)F)c1,O=S(=O)(NS(=O)(=O)C(F)(F)F)C(F)(F)F,C[n+]1ccn(CCC(F)(F)C(F)(F)C(F)(F)C(F)(F)C(F)(F)C(F)(F)F)c1.O=S(=O)(NS(=O)(=O)C(F)(F)F)C(F)(F)F,exclude,1,0,False,neutral_component_or_incorrect_ion_role
co2,non_test,1992,C[n+]1ccn(CCC(F)(F)C(F)(F)C(F)(F)C(F)(F)C(F)(F)C(F)(F)F)c1,O=S(=O)(NS(=O)(=O)C(F)(F)F)C(F)(F)F,C[n+]1ccn(CCC(F)(F)C(F)(F)C(F)(F)C(F)(F)C(F)(F)C(F)(F)F)c1.O=S(=O)(NS(=O)(=O)C(F)(F)F)C(F)(F)F,exclude,1,0,False,neutral_component_or_incorrect_ion_role
co2,non_test,1996,C[n+]1ccn(CCC(F)(F)C(F)(F)C(F)(F)C(F)(F)C(F)(F)C(F)(F)F)c1,O=S(=O)(NS(=O)(=O)C(F)(F)F)C(F)(F)F,C[n+]1ccn(CCC(F)(F)C(F)(F)C(F)(F)C(F)(F)C(F)(F)C(F)(F)F)c1.O=S(=O)(NS(=O)(=O)C(F)(F)F)C(F)(F)F,exclude,1,0,False,neutral_component_or_incorrect_ion_role
co2,non_test,1997,C[n+]1ccn(CCC(F)(F)C(F)(F)C(F)(F)C(F)(F)C(F)(F)C(F)(F)F)c1,O=S(=O)(NS(=O)(=O)C(F)(F)F)C(F)(F)F,C[n+]1ccn(CCC(F)(F)C(F)(F)C(F)(F)C(F)(F)C(F)(F)C(F)(F)F)c1.O=S(=O)(NS(=O)(=O)C(F)(F)F)C(F)(F)F,exclude,1,0,False,neutral_component_or_incorrect_ion_role
co2,non_test,8667,C[n+]1ccn(CCC(F)(F)C(F)(F)C(F)(F)C(F)(F)C(F)(F)C(F)(F)F)c1,O=S(=O)(NS(=O)(=O)C(F)(F)F)C(F)(F)F,C[n+]1ccn(CCC(F)(F)C(F)(F)C(F)(F)C(F)(F)C(F)(F)C(F)(F)F)c1.O=S(=O)(NS(=O)(=O)C(F)(F)F)C(F)(F)F,exclude,1,0,False,neutral_component_or_incorrect_ion_role
co2,non_test,8668,C[n+]1ccn(CCC(F)(F)C(F)(F)C(F)(F)C(F)(F)C(F)(F)C(F)(F)F)c1,O=S(=O)(NS(=O)(=O)C(F)(F)F)C(F)(F)F,C[n+]1ccn(CCC(F)(F)C(F)(F)C(F)(F)C(F)(F)C(F)(F)C(F)(F)F)c1.O=S(=O)(NS(=O)(=O)C(F)(F)F)C(F)(F)F,exclude,1,0,False,neutral_component_or_incorrect_ion_role
co2,non_test,8669,C[n+]1ccn(CCC(F)(F)C(F)(F)C(F)(F)C(F)(F)C(F)(F)C(F)(F)F)c1,O=S(=O)(NS(=O)(=O)C(F)(F)F)C(F)(F)F,C[n+]1ccn(CCC(F)(F)C(F)(F)C(F)(F)C(F)(F)C(F)(F)C(F)(F)F)c1.O=S(=O)(NS(=O)(=O)C(F)(F)F)C(F)(F)F,exclude,1,0,False,neutral_component_or_incorrect_ion_role
co2,non_test,8670,C[n+]1ccn(CCC(F)(F)C(F)(F)C(F)(F)C(F)(F)C(F)(F)C(F)(F)F)c1,O=S(=O)(NS(=O)(=O)C(F)(F)F)C(F)(F)F,C[n+]1ccn(CCC(F)(F)C(F)(F)C(F)(F)C(F)(F)C(F)(F)C(F)(F)F)c1.O=S(=O)(NS(=O)(=O)C(F)(F)F)C(F)(F)F,exclude,1,0,False,neutral_component_or_incorrect_ion_role
co2,non_test,8672,C[n+]1ccn(CCC(F)(F)C(F)(F)C(F)(F)C(F)(F)C(F)(F)C(F)(F)F)c1,O=S(=O)(NS(=O)(=O)C(F)(F)F)C(F)(F)F,C[n+]1ccn(CCC(F)(F)C(F)(F)C(F)(F)C(F)(F)C(F)(F)C(F)(F)F)c1.O=S(=O)(NS(=O)(=O)C(F)(F)F)C(F)(F)F,exclude,1,0,False,neutral_component_or_incorrect_ion_role
co2,non_test,8673,C[n+]1ccn(CCC(F)(F)C(F)(F)C(F)(F)C(F)(F)C(F)(F)C(F)(F)F)c1,O=S(=O)(NS(=O)(=O)C(F)(F)F)C(F)(F)F,C[n+]1ccn(CCC(F)(F)C(F)(F)C(F)(F)C(F)(F)C(F)(F)C(F)(F)F)c1.O=S(=O)(NS(=O)(=O)C(F)(F)F)C(F)(F)F,exclude,1,0,False,neutral_component_or_incorrect_ion_role
co2,non_test,8674,C[n+]1ccn(CCC(F)(F)C(F)(F)C(F)(F)C(F)(F)C(F)(F)C(F)(F)F)c1,O=S(=O)(NS(=O)(=O)C(F)(F)F)C(F)(F)F,C[n+]1ccn(CCC(F)(F)C(F)(F)C(F)(F)C(F)(F)C(F)(F)C(F)(F)F)c1.O=S(=O)(NS(=O)(=O)C(F)(F)F)C(F)(F)F,exclude,1,0,False,neutral_component_or_incorrect_ion_role
co2,non_test,8675,C[n+]1ccn(CCC(F)(F)C(F)(F)C(F)(F)C(F)(F)C(F)(F)C(F)(F)F)c1,O=S(=O)(NS(=O)(=O)C(F)(F)F)C(F)(F)F,C[n+]1ccn(CCC(F)(F)C(F)(F)C(F)(F)C(F)(F)C(F)(F)C(F)(F)F)c1.O=S(=O)(NS(=O)(=O)C(F)(F)F)C(F)(F)F,exclude,1,0,False,neutral_component_or_incorrect_ion_role
co2,non_test,8676,C[n+]1ccn(CCC(F)(F)C(F)(F)C(F)(F)C(F)(F)C(F)(F)C(F)(F)F)c1,O=S(=O)(NS(=O)(=O)C(F)(F)F)C(F)(F)F,C[n+]1ccn(CCC(F)(F)C(F)(F)C(F)(F)C(F)(F)C(F)(F)C(F)(F)F)c1.O=S(=O)(NS(=O)(=O)C(F)(F)F)C(F)(F)F,exclude,1,0,False,neutral_component_or_incorrect_ion_role
co2,non_test,8678,C[n+]1ccn(CCC(F)(F)C(F)(F)C(F)(F)C(F)(F)C(F)(F)C(F)(F)F)c1,O=S(=O)(NS(=O)(=O)C(F)(F)F)C(F)(F)F,C[n+]1ccn(CCC(F)(F)C(F)(F)C(F)(F)C(F)(F)C(F)(F)C(F)(F)F)c1.O=S(=O)(NS(=O)(=O)C(F)(F)F)C(F)(F)F,exclude,1,0,False,neutral_component_or_incorrect_ion_role
co2,non_test,8679,C[n+]1ccn(CCC(F)(F)C(F)(F)C(F)(F)C(F)(F)C(F)(F)C(F)(F)F)c1,O=S(=O)(NS(=O)(=O)C(F)(F)F)C(F)(F)F,C[n+]1ccn(CCC(F)(F)C(F)(F)C(F)(F)C(F)(F)C(F)(F)C(F)(F)F)c1.O=S(=O)(NS(=O)(=O)C(F)(F)F)C(F)(F)F,exclude,1,0,False,neutral_component_or_incorrect_ion_role
co2,non_test,8681,C[n+]1ccn(CCC(F)(F)C(F)(F)C(F)(F)C(F)(F)C(F)(F)C(F)(F)F)c1,O=S(=O)(NS(=O)(=O)C(F)(F)F)C(F)(F)F,C[n+]1ccn(CCC(F)(F)C(F)(F)C(F)(F)C(F)(F)C(F)(F)C(F)(F)F)c1.O=S(=O)(NS(=O)(=O)C(F)(F)F)C(F)(F)F,exclude,1,0,False,neutral_component_or_incorrect_ion_role
co2,non_test,8682,C[n+]1ccn(CCC(F)(F)C(F)(F)C(F)(F)C(F)(F)C(F)(F)C(F)(F)F)c1,O=S(=O)(NS(=O)(=O)C(F)(F)F)C(F)(F)F,C[n+]1ccn(CCC(F)(F)C(F)(F)C(F)(F)C(F)(F)C(F)(F)C(F)(F)F)c1.O=S(=O)(NS(=O)(=O)C(F)(F)F)C(F)(F)F,exclude,1,0,False,neutral_component_or_incorrect_ion_role
co2,non_test,8683,C[n+]1ccn(CCC(F)(F)C(F)(F)C(F)(F)C(F)(F)C(F)(F)C(F)(F)F)c1,O=S(=O)(NS(=O)(=O)C(F)(F)F)C(F)(F)F,C[n+]1ccn(CCC(F)(F)C(F)(F)C(F)(F)C(F)(F)C(F)(F)C(F)(F)F)c1.O=S(=O)(NS(=O)(=O)C(F)(F)F)C(F)(F)F,exclude,1,0,False,neutral_component_or_incorrect_ion_role
co2,non_test,8685,C[n+]1ccn(CCC(F)(F)C(F)(F)C(F)(F)C(F)(F)C(F)(F)C(F)(F)F)c1,O=S(=O)(NS(=O)(=O)C(F)(F)F)C(F)(F)F,C[n+]1ccn(CCC(F)(F)C(F)(F)C(F)(F)C(F)(F)C(F)(F)C(F)(F)F)c1.O=S(=O)(NS(=O)(=O)C(F)(F)F)C(F)(F)F,exclude,1,0,False,neutral_component_or_incorrect_ion_role
co2,non_test,8686,C[n+]1ccn(CCC(F)(F)C(F)(F)C(F)(F)C(F)(F)C(F)(F)C(F)(F)F)c1,O=S(=O)(NS(=O)(=O)C(F)(F)F)C(F)(F)F,C[n+]1ccn(CCC(F)(F)C(F)(F)C(F)(F)C(F)(F)C(F)(F)C(F)(F)F)c1.O=S(=O)(NS(=O)(=O)C(F)(F)F)C(F)(F)F,exclude,1,0,False,neutral_component_or_incorrect_ion_role
co2,non_test,8687,C[n+]1ccn(CCC(F)(F)C(F)(F)C(F)(F)C(F)(F)C(F)(F)C(F)(F)F)c1,O=S(=O)(NS(=O)(=O)C(F)(F)F)C(F)(F)F,C[n+]1ccn(CCC(F)(F)C(F)(F)C(F)(F)C(F)(F)C(F)(F)C(F)(F)F)c1.O=S(=O)(NS(=O)(=O)C(F)(F)F)C(F)(F)F,exclude,1,0,False,neutral_component_or_incorrect_ion_role
co2,non_test,8688,C[n+]1ccn(CCC(F)(F)C(F)(F)C(F)(F)C(F)(F)C(F)(F)C(F)(F)F)c1,O=S(=O)(NS(=O)(=O)C(F)(F)F)C(F)(F)F,C[n+]1ccn(CCC(F)(F)C(F)(F)C(F)(F)C(F)(F)C(F)(F)C(F)(F)F)c1.O=S(=O)(NS(=O)(=O)C(F)(F)F)C(F)(F)F,exclude,1,0,False,neutral_component_or_incorrect_ion_role
co2,non_test,8689,C[n+]1ccn(CCC(F)(F)C(F)(F)C(F)(F)C(F)(F)C(F)(F)C(F)(F)F)c1,O=S(=O)(NS(=O)(=O)C(F)(F)F)C(F)(F)F,C[n+]1ccn(CCC(F)(F)C(F)(F)C(F)(F)C(F)(F)C(F)(F)C(F)(F)F)c1.O=S(=O)(NS(=O)(=O)C(F)(F)F)C(F)(F)F,exclude,1,0,False,neutral_component_or_incorrect_ion_role
co2,non_test,393,CCCCCC[n+]1cccc(C)c1,O=S(=O)(NS(=O)(=O)C(F)(F)F)C(F)(F)F,CCCCCC[n+]1cccc(C)c1.O=S(=O)(NS(=O)(=O)C(F)(F)F)C(F)(F)F,exclude,1,0,False,neutral_component_or_incorrect_ion_role
co2,non_test,394,CCCCCC[n+]1cccc(C)c1,O=S(=O)(NS(=O)(=O)C(F)(F)F)C(F)(F)F,CCCCCC[n+]1cccc(C)c1.O=S(=O)(NS(=O)(=O)C(F)(F)F)C(F)(F)F,exclude,1,0,False,neutral_component_or_incorrect_ion_role
co2,non_test,395,CCCCCC[n+]1cccc(C)c1,O=S(=O)(NS(=O)(=O)C(F)(F)F)C(F)(F)F,CCCCCC[n+]1cccc(C)c1.O=S(=O)(NS(=O)(=O)C(F)(F)F)C(F)(F)F,exclude,1,0,False,neutral_component_or_incorrect_ion_role
co2,non_test,396,CCCCCC[n+]1cccc(C)c1,O=S(=O)(NS(=O)(=O)C(F)(F)F)C(F)(F)F,CCCCCC[n+]1cccc(C)c1.O=S(=O)(NS(=O)(=O)C(F)(F)F)C(F)(F)F,exclude,1,0,False,neutral_component_or_incorrect_ion_role
co2,non_test,397,CCCCCC[n+]1cccc(C)c1,O=S(=O)(NS(=O)(=O)C(F)(F)F)C(F)(F)F,CCCCCC[n+]1cccc(C)c1.O=S(=O)(NS(=O)(=O)C(F)(F)F)C(F)(F)F,exclude,1,0,False,neutral_component_or_incorrect_ion_role
co2,non_test,398,CCCCCC[n+]1cccc(C)c1,O=S(=O)(NS(=O)(=O)C(F)(F)F)C(F)(F)F,CCCCCC[n+]1cccc(C)c1.O=S(=O)(NS(=O)(=O)C(F)(F)F)C(F)(F)F,exclude,1,0,False,neutral_component_or_incorrect_ion_role
co2,non_test,399,CCCCCC[n+]1cccc(C)c1,O=S(=O)(NS(=O)(=O)C(F)(F)F)C(F)(F)F,CCCCCC[n+]1cccc(C)c1.O=S(=O)(NS(=O)(=O)C(F)(F)F)C(F)(F)F,exclude,1,0,False,neutral_component_or_incorrect_ion_role
co2,non_test,400,CCCCCC[n+]1cccc(C)c1,O=S(=O)(NS(=O)(=O)C(F)(F)F)C(F)(F)F,CCCCCC[n+]1cccc(C)c1.O=S(=O)(NS(=O)(=O)C(F)(F)F)C(F)(F)F,exclude,1,0,False,neutral_component_or_incorrect_ion_role
co2,non_test,401,CCCCCC[n+]1cccc(C)c1,O=S(=O)(NS(=O)(=O)C(F)(F)F)C(F)(F)F,CCCCCC[n+]1cccc(C)c1.O=S(=O)(NS(=O)(=O)C(F)(F)F)C(F)(F)F,exclude,1,0,False,neutral_component_or_incorrect_ion_role
co2,non_test,402,CCCCCC[n+]1cccc(C)c1,O=S(=O)(NS(=O)(=O)C(F)(F)F)C(F)(F)F,CCCCCC[n+]1cccc(C)c1.O=S(=O)(NS(=O)(=O)C(F)(F)F)C(F)(F)F,exclude,1,0,False,neutral_component_or_incorrect_ion_role
co2,non_test,403,CCCCCC[n+]1cccc(C)c1,O=S(=O)(NS(=O)(=O)C(F)(F)F)C(F)(F)F,CCCCCC[n+]1cccc(C)c1.O=S(=O)(NS(=O)(=O)C(F)(F)F)C(F)(F)F,exclude,1,0,False,neutral_component_or_incorrect_ion_role
co2,non_test,404,CCCCCC[n+]1cccc(C)c1,O=S(=O)(NS(=O)(=O)C(F)(F)F)C(F)(F)F,CCCCCC[n+]1cccc(C)c1.O=S(=O)(NS(=O)(=O)C(F)(F)F)C(F)(F)F,exclude,1,0,False,neutral_component_or_incorrect_ion_role
co2,non_test,405,CCCCCC[n+]1cccc(C)c1,O=S(=O)(NS(=O)(=O)C(F)(F)F)C(F)(F)F,CCCCCC[n+]1cccc(C)c1.O=S(=O)(NS(=O)(=O)C(F)(F)F)C(F)(F)F,exclude,1,0,False,neutral_component_or_incorrect_ion_role
co2,non_test,406,CCCCCC[n+]1cccc(C)c1,O=S(=O)(NS(=O)(=O)C(F)(F)F)C(F)(F)F,CCCCCC[n+]1cccc(C)c1.O=S(=O)(NS(=O)(=O)C(F)(F)F)C(F)(F)F,exclude,1,0,False,neutral_component_or_incorrect_ion_role
co2,non_test,407,CCCCCC[n+]1cccc(C)c1,O=S(=O)(NS(=O)(=O)C(F)(F)F)C(F)(F)F,CCCCCC[n+]1cccc(C)c1.O=S(=O)(NS(=O)(=O)C(F)(F)F)C(F)(F)F,exclude,1,0,False,neutral_component_or_incorrect_ion_role
co2,non_test,408,CCCCCC[n+]1cccc(C)c1,O=S(=O)(NS(=O)(=O)C(F)(F)F)C(F)(F)F,CCCCCC[n+]1cccc(C)c1.O=S(=O)(NS(=O)(=O)C(F)(F)F)C(F)(F)F,exclude,1,0,False,neutral_component_or_incorrect_ion_role
co2,non_test,409,CCCCCC[n+]1cccc(C)c1,O=S(=O)(NS(=O)(=O)C(F)(F)F)C(F)(F)F,CCCCCC[n+]1cccc(C)c1.O=S(=O)(NS(=O)(=O)C(F)(F)F)C(F)(F)F,exclude,1,0,False,neutral_component_or_incorrect_ion_role
co2,non_test,410,CCCCCC[n+]1cccc(C)c1,O=S(=O)(NS(=O)(=O)C(F)(F)F)C(F)(F)F,CCCCCC[n+]1cccc(C)c1.O=S(=O)(NS(=O)(=O)C(F)(F)F)C(F)(F)F,exclude,1,0,False,neutral_component_or_incorrect_ion_role
co2,non_test,1938,CCCCCC[n+]1cccc(C)c1,O=S(=O)(NS(=O)(=O)C(F)(F)F)C(F)(F)F,CCCCCC[n+]1cccc(C)c1.O=S(=O)(NS(=O)(=O)C(F)(F)F)C(F)(F)F,exclude,1,0,False,neutral_component_or_incorrect_ion_role
co2,non_test,1941,CCCCCC[n+]1cccc(C)c1,O=S(=O)(NS(=O)(=O)C(F)(F)F)C(F)(F)F,CCCCCC[n+]1cccc(C)c1.O=S(=O)(NS(=O)(=O)C(F)(F)F)C(F)(F)F,exclude,1,0,False,neutral_component_or_incorrect_ion_role
co2,non_test,1943,CCCCCC[n+]1cccc(C)c1,O=S(=O)(NS(=O)(=O)C(F)(F)F)C(F)(F)F,CCCCCC[n+]1cccc(C)c1.O=S(=O)(NS(=O)(=O)C(F)(F)F)C(F)(F)F,exclude,1,0,False,neutral_component_or_incorrect_ion_role
co2,non_test,1945,CCCCCC[n+]1cccc(C)c1,O=S(=O)(NS(=O)(=O)C(F)(F)F)C(F)(F)F,CCCCCC[n+]1cccc(C)c1.O=S(=O)(NS(=O)(=O)C(F)(F)F)C(F)(F)F,exclude,1,0,False,neutral_component_or_incorrect_ion_role
co2,non_test,1949,CCCCCC[n+]1cccc(C)c1,O=S(=O)(NS(=O)(=O)C(F)(F)F)C(F)(F)F,CCCCCC[n+]1cccc(C)c1.O=S(=O)(NS(=O)(=O)C(F)(F)F)C(F)(F)F,exclude,1,0,False,neutral_component_or_incorrect_ion_role
co2,non_test,1955,CCCCCC[n+]1cccc(C)c1,O=S(=O)(NS(=O)(=O)C(F)(F)F)C(F)(F)F,CCCCCC[n+]1cccc(C)c1.O=S(=O)(NS(=O)(=O)C(F)(F)F)C(F)(F)F,exclude,1,0,False,neutral_component_or_incorrect_ion_role
co2,non_test,1958,CCCCCC[n+]1cccc(C)c1,O=S(=O)(NS(=O)(=O)C(F)(F)F)C(F)(F)F,CCCCCC[n+]1cccc(C)c1.O=S(=O)(NS(=O)(=O)C(F)(F)F)C(F)(F)F,exclude,1,0,False,neutral_component_or_incorrect_ion_role
co2,non_test,1961,CCCCCC[n+]1cccc(C)c1,O=S(=O)(NS(=O)(=O)C(F)(F)F)C(F)(F)F,CCCCCC[n+]1cccc(C)c1.O=S(=O)(NS(=O)(=O)C(F)(F)F)C(F)(F)F,exclude,1,0,False,neutral_component_or_incorrect_ion_role
co2,non_test,1964,CCCCCC[n+]1cccc(C)c1,O=S(=O)(NS(=O)(=O)C(F)(F)F)C(F)(F)F,CCCCCC[n+]1cccc(C)c1.O=S(=O)(NS(=O)(=O)C(F)(F)F)C(F)(F)F,exclude,1,0,False,neutral_component_or_incorrect_ion_role
co2,non_test,1970,CCCCCC[n+]1cccc(C)c1,O=S(=O)(NS(=O)(=O)C(F)(F)F)C(F)(F)F,CCCCCC[n+]1cccc(C)c1.O=S(=O)(NS(=O)(=O)C(F)(F)F)C(F)(F)F,exclude,1,0,False,neutral_component_or_incorrect_ion_role
co2,non_test,1971,CCCCCC[n+]1cccc(C)c1,O=S(=O)(NS(=O)(=O)C(F)(F)F)C(F)(F)F,CCCCCC[n+]1cccc(C)c1.O=S(=O)(NS(=O)(=O)C(F)(F)F)C(F)(F)F,exclude,1,0,False,neutral_component_or_incorrect_ion_role
co2,non_test,1974,CCCCCC[n+]1cccc(C)c1,O=S(=O)(NS(=O)(=O)C(F)(F)F)C(F)(F)F,CCCCCC[n+]1cccc(C)c1.O=S(=O)(NS(=O)(=O)C(F)(F)F)C(F)(F)F,exclude,1,0,False,neutral_component_or_incorrect_ion_role
co2,non_test,1980,CCCCCC[n+]1cccc(C)c1,O=S(=O)(NS(=O)(=O)C(F)(F)F)C(F)(F)F,CCCCCC[n+]1cccc(C)c1.O=S(=O)(NS(=O)(=O)C(F)(F)F)C(F)(F)F,exclude,1,0,False,neutral_component_or_incorrect_ion_role
co2,non_test,1983,CCCCCC[n+]1cccc(C)c1,O=S(=O)(NS(=O)(=O)C(F)(F)F)C(F)(F)F,CCCCCC[n+]1cccc(C)c1.O=S(=O)(NS(=O)(=O)C(F)(F)F)C(F)(F)F,exclude,1,0,False,neutral_component_or_incorrect_ion_role
co2,non_test,1989,CCCCCC[n+]1cccc(C)c1,O=S(=O)(NS(=O)(=O)C(F)(F)F)C(F)(F)F,CCCCCC[n+]1cccc(C)c1.O=S(=O)(NS(=O)(=O)C(F)(F)F)C(F)(F)F,exclude,1,0,False,neutral_component_or_incorrect_ion_role
co2,non_test,1991,CCCCCC[n+]1cccc(C)c1,O=S(=O)(NS(=O)(=O)C(F)(F)F)C(F)(F)F,CCCCCC[n+]1cccc(C)c1.O=S(=O)(NS(=O)(=O)C(F)(F)F)C(F)(F)F,exclude,1,0,False,neutral_component_or_incorrect_ion_role
co2,non_test,1994,CCCCCC[n+]1cccc(C)c1,O=S(=O)(NS(=O)(=O)C(F)(F)F)C(F)(F)F,CCCCCC[n+]1cccc(C)c1.O=S(=O)(NS(=O)(=O)C(F)(F)F)C(F)(F)F,exclude,1,0,False,neutral_component_or_incorrect_ion_role
co2,non_test,1995,CCCCCC[n+]1cccc(C)c1,O=S(=O)(NS(=O)(=O)C(F)(F)F)C(F)(F)F,CCCCCC[n+]1cccc(C)c1.O=S(=O)(NS(=O)(=O)C(F)(F)F)C(F)(F)F,exclude,1,0,False,neutral_component_or_incorrect_ion_role
co2,non_test,7136,CCCCCC[n+]1cccc(C)c1,O=S(=O)(NS(=O)(=O)C(F)(F)F)C(F)(F)F,CCCCCC[n+]1cccc(C)c1.O=S(=O)(NS(=O)(=O)C(F)(F)F)C(F)(F)F,exclude,1,0,False,neutral_component_or_incorrect_ion_role
co2,non_test,7150,CCCCCC[n+]1cccc(C)c1,O=S(=O)(NS(=O)(=O)C(F)(F)F)C(F)(F)F,CCCCCC[n+]1cccc(C)c1.O=S(=O)(NS(=O)(=O)C(F)(F)F)C(F)(F)F,exclude,1,0,False,neutral_component_or_incorrect_ion_role
co2,non_test,7173,CCCCCC[n+]1cccc(C)c1,O=S(=O)(NS(=O)(=O)C(F)(F)F)C(F)(F)F,CCCCCC[n+]1cccc(C)c1.O=S(=O)(NS(=O)(=O)C(F)(F)F)C(F)(F)F,exclude,1,0,False,neutral_component_or_incorrect_ion_role
co2,non_test,7200,CCCCCC[n+]1cccc(C)c1,O=S(=O)(NS(=O)(=O)C(F)(F)F)C(F)(F)F,CCCCCC[n+]1cccc(C)c1.O=S(=O)(NS(=O)(=O)C(F)(F)F)C(F)(F)F,exclude,1,0,False,neutral_component_or_incorrect_ion_role
co2,non_test,7238,CCCCCC[n+]1cccc(C)c1,O=S(=O)(NS(=O)(=O)C(F)(F)F)C(F)(F)F,CCCCCC[n+]1cccc(C)c1.O=S(=O)(NS(=O)(=O)C(F)(F)F)C(F)(F)F,exclude,1,0,False,neutral_component_or_incorrect_ion_role
co2,non_test,7284,CCCCCC[n+]1cccc(C)c1,O=S(=O)(NS(=O)(=O)C(F)(F)F)C(F)(F)F,CCCCCC[n+]1cccc(C)c1.O=S(=O)(NS(=O)(=O)C(F)(F)F)C(F)(F)F,exclude,1,0,False,neutral_component_or_incorrect_ion_role
co2,non_test,7321,CCCCCC[n+]1cccc(C)c1,O=S(=O)(NS(=O)(=O)C(F)(F)F)C(F)(F)F,CCCCCC[n+]1cccc(C)c1.O=S(=O)(NS(=O)(=O)C(F)(F)F)C(F)(F)F,exclude,1,0,False,neutral_component_or_incorrect_ion_role
co2,non_test,7354,CCCCCC[n+]1cccc(C)c1,O=S(=O)(NS(=O)(=O)C(F)(F)F)C(F)(F)F,CCCCCC[n+]1cccc(C)c1.O=S(=O)(NS(=O)(=O)C(F)(F)F)C(F)(F)F,exclude,1,0,False,neutral_component_or_incorrect_ion_role
co2,non_test,7455,CCCCCC[n+]1cccc(C)c1,O=S(=O)(NS(=O)(=O)C(F)(F)F)C(F)(F)F,CCCCCC[n+]1cccc(C)c1.O=S(=O)(NS(=O)(=O)C(F)(F)F)C(F)(F)F,exclude,1,0,False,neutral_component_or_incorrect_ion_role
co2,non_test,7569,CCCCCC[n+]1cccc(C)c1,O=S(=O)(NS(=O)(=O)C(F)(F)F)C(F)(F)F,CCCCCC[n+]1cccc(C)c1.O=S(=O)(NS(=O)(=O)C(F)(F)F)C(F)(F)F,exclude,1,0,False,neutral_component_or_incorrect_ion_role
co2,non_test,7617,CCCCCC[n+]1cccc(C)c1,O=S(=O)(NS(=O)(=O)C(F)(F)F)C(F)(F)F,CCCCCC[n+]1cccc(C)c1.O=S(=O)(NS(=O)(=O)C(F)(F)F)C(F)(F)F,exclude,1,0,False,neutral_component_or_incorrect_ion_role
co2,non_test,7689,CCCCCC[n+]1cccc(C)c1,O=S(=O)(NS(=O)(=O)C(F)(F)F)C(F)(F)F,CCCCCC[n+]1cccc(C)c1.O=S(=O)(NS(=O)(=O)C(F)(F)F)C(F)(F)F,exclude,1,0,False,neutral_component_or_incorrect_ion_role
co2,non_test,7743,CCCCCC[n+]1cccc(C)c1,O=S(=O)(NS(=O)(=O)C(F)(F)F)C(F)(F)F,CCCCCC[n+]1cccc(C)c1.O=S(=O)(NS(=O)(=O)C(F)(F)F)C(F)(F)F,exclude,1,0,False,neutral_component_or_incorrect_ion_role
co2,non_test,7800,CCCCCC[n+]1cccc(C)c1,O=S(=O)(NS(=O)(=O)C(F)(F)F)C(F)(F)F,CCCCCC[n+]1cccc(C)c1.O=S(=O)(NS(=O)(=O)C(F)(F)F)C(F)(F)F,exclude,1,0,False,neutral_component_or_incorrect_ion_role
co2,non_test,7818,CCCCCC[n+]1cccc(C)c1,O=S(=O)(NS(=O)(=O)C(F)(F)F)C(F)(F)F,CCCCCC[n+]1cccc(C)c1.O=S(=O)(NS(=O)(=O)C(F)(F)F)C(F)(F)F,exclude,1,0,False,neutral_component_or_incorrect_ion_role
co2,non_test,7838,CCCCCC[n+]1cccc(C)c1,O=S(=O)(NS(=O)(=O)C(F)(F)F)C(F)(F)F,CCCCCC[n+]1cccc(C)c1.O=S(=O)(NS(=O)(=O)C(F)(F)F)C(F)(F)F,exclude,1,0,False,neutral_component_or_incorrect_ion_role
co2,non_test,7847,CCCCCC[n+]1cccc(C)c1,O=S(=O)(NS(=O)(=O)C(F)(F)F)C(F)(F)F,CCCCCC[n+]1cccc(C)c1.O=S(=O)(NS(=O)(=O)C(F)(F)F)C(F)(F)F,exclude,1,0,False,neutral_component_or_incorrect_ion_role
co2,non_test,7864,CCCCCC[n+]1cccc(C)c1,O=S(=O)(NS(=O)(=O)C(F)(F)F)C(F)(F)F,CCCCCC[n+]1cccc(C)c1.O=S(=O)(NS(=O)(=O)C(F)(F)F)C(F)(F)F,exclude,1,0,False,neutral_component_or_incorrect_ion_role
co2,non_test,4644,CCC[N+](C)(C)CC,O=S(=O)(NS(=O)(=O)C(F)(F)F)C(F)(F)F,CCC[N+](C)(C)CC.O=S(=O)(NS(=O)(=O)C(F)(F)F)C(F)(F)F,exclude,1,0,False,neutral_component_or_incorrect_ion_role
co2,non_test,4681,CCC[N+](C)(C)CC,O=S(=O)(NS(=O)(=O)C(F)(F)F)C(F)(F)F,CCC[N+](C)(C)CC.O=S(=O)(NS(=O)(=O)C(F)(F)F)C(F)(F)F,exclude,1,0,False,neutral_component_or_incorrect_ion_role
co2,non_test,4727,CCC[N+](C)(C)CC,O=S(=O)(NS(=O)(=O)C(F)(F)F)C(F)(F)F,CCC[N+](C)(C)CC.O=S(=O)(NS(=O)(=O)C(F)(F)F)C(F)(F)F,exclude,1,0,False,neutral_component_or_incorrect_ion_role
co2,non_test,4778,CCC[N+](C)(C)CC,O=S(=O)(NS(=O)(=O)C(F)(F)F)C(F)(F)F,CCC[N+](C)(C)CC.O=S(=O)(NS(=O)(=O)C(F)(F)F)C(F)(F)F,exclude,1,0,False,neutral_component_or_incorrect_ion_role
co2,non_test,4820,CCC[N+](C)(C)CC,O=S(=O)(NS(=O)(=O)C(F)(F)F)C(F)(F)F,CCC[N+](C)(C)CC.O=S(=O)(NS(=O)(=O)C(F)(F)F)C(F)(F)F,exclude,1,0,False,neutral_component_or_incorrect_ion_role
co2,non_test,4853,CCC[N+](C)(C)CC,O=S(=O)(NS(=O)(=O)C(F)(F)F)C(F)(F)F,CCC[N+](C)(C)CC.O=S(=O)(NS(=O)(=O)C(F)(F)F)C(F)(F)F,exclude,1,0,False,neutral_component_or_incorrect_ion_role
co2,non_test,4873,CCC[N+](C)(C)CC,O=S(=O)(NS(=O)(=O)C(F)(F)F)C(F)(F)F,CCC[N+](C)(C)CC.O=S(=O)(NS(=O)(=O)C(F)(F)F)C(F)(F)F,exclude,1,0,False,neutral_component_or_incorrect_ion_role
co2,non_test,4926,CCC[N+](C)(C)CC,O=S(=O)(NS(=O)(=O)C(F)(F)F)C(F)(F)F,CCC[N+](C)(C)CC.O=S(=O)(NS(=O)(=O)C(F)(F)F)C(F)(F)F,exclude,1,0,False,neutral_component_or_incorrect_ion_role
co2,non_test,5009,CCC[N+](C)(C)CC,O=S(=O)(NS(=O)(=O)C(F)(F)F)C(F)(F)F,CCC[N+](C)(C)CC.O=S(=O)(NS(=O)(=O)C(F)(F)F)C(F)(F)F,exclude,1,0,False,neutral_component_or_incorrect_ion_role
co2,non_test,5065,CCC[N+](C)(C)CC,O=S(=O)(NS(=O)(=O)C(F)(F)F)C(F)(F)F,CCC[N+](C)(C)CC.O=S(=O)(NS(=O)(=O)C(F)(F)F)C(F)(F)F,exclude,1,0,False,neutral_component_or_incorrect_ion_role
co2,non_test,5103,CCC[N+](C)(C)CC,O=S(=O)(NS(=O)(=O)C(F)(F)F)C(F)(F)F,CCC[N+](C)(C)CC.O=S(=O)(NS(=O)(=O)C(F)(F)F)C(F)(F)F,exclude,1,0,False,neutral_component_or_incorrect_ion_role
co2,non_test,5119,CCC[N+](C)(C)CC,O=S(=O)(NS(=O)(=O)C(F)(F)F)C(F)(F)F,CCC[N+](C)(C)CC.O=S(=O)(NS(=O)(=O)C(F)(F)F)C(F)(F)F,exclude,1,0,False,neutral_component_or_incorrect_ion_role
co2,non_test,5130,CCC[N+](C)(C)CC,O=S(=O)(NS(=O)(=O)C(F)(F)F)C(F)(F)F,CCC[N+](C)(C)CC.O=S(=O)(NS(=O)(=O)C(F)(F)F)C(F)(F)F,exclude,1,0,False,neutral_component_or_incorrect_ion_role
co2,non_test,7081,CCC[N+](C)(C)CC,O=S(=O)(NS(=O)(=O)C(F)(F)F)C(F)(F)F,CCC[N+](C)(C)CC.O=S(=O)(NS(=O)(=O)C(F)(F)F)C(F)(F)F,exclude,1,0,False,neutral_component_or_incorrect_ion_role
co2,non_test,7112,CCC[N+](C)(C)CC,O=S(=O)(NS(=O)(=O)C(F)(F)F)C(F)(F)F,CCC[N+](C)(C)CC.O=S(=O)(NS(=O)(=O)C(F)(F)F)C(F)(F)F,exclude,1,0,False,neutral_component_or_incorrect_ion_role
co2,non_test,7141,CCC[N+](C)(C)CC,O=S(=O)(NS(=O)(=O)C(F)(F)F)C(F)(F)F,CCC[N+](C)(C)CC.O=S(=O)(NS(=O)(=O)C(F)(F)F)C(F)(F)F,exclude,1,0,False,neutral_component_or_incorrect_ion_role
co2,non_test,7172,CCC[N+](C)(C)CC,O=S(=O)(NS(=O)(=O)C(F)(F)F)C(F)(F)F,CCC[N+](C)(C)CC.O=S(=O)(NS(=O)(=O)C(F)(F)F)C(F)(F)F,exclude,1,0,False,neutral_component_or_incorrect_ion_role
co2,non_test,7217,CCC[N+](C)(C)CC,O=S(=O)(NS(=O)(=O)C(F)(F)F)C(F)(F)F,CCC[N+](C)(C)CC.O=S(=O)(NS(=O)(=O)C(F)(F)F)C(F)(F)F,exclude,1,0,False,neutral_component_or_incorrect_ion_role
co2,non_test,7245,CCC[N+](C)(C)CC,O=S(=O)(NS(=O)(=O)C(F)(F)F)C(F)(F)F,CCC[N+](C)(C)CC.O=S(=O)(NS(=O)(=O)C(F)(F)F)C(F)(F)F,exclude,1,0,False,neutral_component_or_incorrect_ion_role
co2,non_test,7265,CCC[N+](C)(C)CC,O=S(=O)(NS(=O)(=O)C(F)(F)F)C(F)(F)F,CCC[N+](C)(C)CC.O=S(=O)(NS(=O)(=O)C(F)(F)F)C(F)(F)F,exclude,1,0,False,neutral_component_or_incorrect_ion_role
co2,non_test,7333,CCC[N+](C)(C)CC,O=S(=O)(NS(=O)(=O)C(F)(F)F)C(F)(F)F,CCC[N+](C)(C)CC.O=S(=O)(NS(=O)(=O)C(F)(F)F)C(F)(F)F,exclude,1,0,False,neutral_component_or_incorrect_ion_role
co2,non_test,7506,CCC[N+](C)(C)CC,O=S(=O)(NS(=O)(=O)C(F)(F)F)C(F)(F)F,CCC[N+](C)(C)CC.O=S(=O)(NS(=O)(=O)C(F)(F)F)C(F)(F)F,exclude,1,0,False,neutral_component_or_incorrect_ion_role
co2,non_test,7639,CCC[N+](C)(C)CC,O=S(=O)(NS(=O)(=O)C(F)(F)F)C(F)(F)F,CCC[N+](C)(C)CC.O=S(=O)(NS(=O)(=O)C(F)(F)F)C(F)(F)F,exclude,1,0,False,neutral_component_or_incorrect_ion_role
co2,non_test,7708,CCC[N+](C)(C)CC,O=S(=O)(NS(=O)(=O)C(F)(F)F)C(F)(F)F,CCC[N+](C)(C)CC.O=S(=O)(NS(=O)(=O)C(F)(F)F)C(F)(F)F,exclude,1,0,False,neutral_component_or_incorrect_ion_role
co2,non_test,7765,CCC[N+](C)(C)CC,O=S(=O)(NS(=O)(=O)C(F)(F)F)C(F)(F)F,CCC[N+](C)(C)CC.O=S(=O)(NS(=O)(=O)C(F)(F)F)C(F)(F)F,exclude,1,0,False,neutral_component_or_incorrect_ion_role
co2,non_test,7821,CCC[N+](C)(C)CC,O=S(=O)(NS(=O)(=O)C(F)(F)F)C(F)(F)F,CCC[N+](C)(C)CC.O=S(=O)(NS(=O)(=O)C(F)(F)F)C(F)(F)F,exclude,1,0,False,neutral_component_or_incorrect_ion_role
co2,non_test,9326,CCC[N+](C)(C)CC,O=S(=O)(NS(=O)(=O)C(F)(F)F)C(F)(F)F,CCC[N+](C)(C)CC.O=S(=O)(NS(=O)(=O)C(F)(F)F)C(F)(F)F,exclude,1,0,False,neutral_component_or_incorrect_ion_role
co2,non_test,9350,CCC[N+](C)(C)CC,O=S(=O)(NS(=O)(=O)C(F)(F)F)C(F)(F)F,CCC[N+](C)(C)CC.O=S(=O)(NS(=O)(=O)C(F)(F)F)C(F)(F)F,exclude,1,0,False,neutral_component_or_incorrect_ion_role
co2,non_test,9378,CCC[N+](C)(C)CC,O=S(=O)(NS(=O)(=O)C(F)(F)F)C(F)(F)F,CCC[N+](C)(C)CC.O=S(=O)(NS(=O)(=O)C(F)(F)F)C(F)(F)F,exclude,1,0,False,neutral_component_or_incorrect_ion_role
co2,non_test,9414,CCC[N+](C)(C)CC,O=S(=O)(NS(=O)(=O)C(F)(F)F)C(F)(F)F,CCC[N+](C)(C)CC.O=S(=O)(NS(=O)(=O)C(F)(F)F)C(F)(F)F,exclude,1,0,False,neutral_component_or_incorrect_ion_role
co2,non_test,9452,CCC[N+](C)(C)CC,O=S(=O)(NS(=O)(=O)C(F)(F)F)C(F)(F)F,CCC[N+](C)(C)CC.O=S(=O)(NS(=O)(=O)C(F)(F)F)C(F)(F)F,exclude,1,0,False,neutral_component_or_incorrect_ion_role
co2,non_test,9471,CCC[N+](C)(C)CC,O=S(=O)(NS(=O)(=O)C(F)(F)F)C(F)(F)F,CCC[N+](C)(C)CC.O=S(=O)(NS(=O)(=O)C(F)(F)F)C(F)(F)F,exclude,1,0,False,neutral_component_or_incorrect_ion_role
co2,non_test,9483,CCC[N+](C)(C)CC,O=S(=O)(NS(=O)(=O)C(F)(F)F)C(F)(F)F,CCC[N+](C)(C)CC.O=S(=O)(NS(=O)(=O)C(F)(F)F)C(F)(F)F,exclude,1,0,False,neutral_component_or_incorrect_ion_role
co2,non_test,9516,CCC[N+](C)(C)CC,O=S(=O)(NS(=O)(=O)C(F)(F)F)C(F)(F)F,CCC[N+](C)(C)CC.O=S(=O)(NS(=O)(=O)C(F)(F)F)C(F)(F)F,exclude,1,0,False,neutral_component_or_incorrect_ion_role
co2,non_test,9584,CCC[N+](C)(C)CC,O=S(=O)(NS(=O)(=O)C(F)(F)F)C(F)(F)F,CCC[N+](C)(C)CC.O=S(=O)(NS(=O)(=O)C(F)(F)F)C(F)(F)F,exclude,1,0,False,neutral_component_or_incorrect_ion_role
co2,non_test,9630,CCC[N+](C)(C)CC,O=S(=O)(NS(=O)(=O)C(F)(F)F)C(F)(F)F,CCC[N+](C)(C)CC.O=S(=O)(NS(=O)(=O)C(F)(F)F)C(F)(F)F,exclude,1,0,False,neutral_component_or_incorrect_ion_role
co2,non_test,9655,CCC[N+](C)(C)CC,O=S(=O)(NS(=O)(=O)C(F)(F)F)C(F)(F)F,CCC[N+](C)(C)CC.O=S(=O)(NS(=O)(=O)C(F)(F)F)C(F)(F)F,exclude,1,0,False,neutral_component_or_incorrect_ion_role
co2,non_test,9664,CCC[N+](C)(C)CC,O=S(=O)(NS(=O)(=O)C(F)(F)F)C(F)(F)F,CCC[N+](C)(C)CC.O=S(=O)(NS(=O)(=O)C(F)(F)F)C(F)(F)F,exclude,1,0,False,neutral_component_or_incorrect_ion_role
co2,non_test,9669,CCC[N+](C)(C)CC,O=S(=O)(NS(=O)(=O)C(F)(F)F)C(F)(F)F,CCC[N+](C)(C)CC.O=S(=O)(NS(=O)(=O)C(F)(F)F)C(F)(F)F,exclude,1,0,False,neutral_component_or_incorrect_ion_role
co2,non_test,1223,CC[N+](C)(C)CCOCCOC,O=S(=O)(NS(=O)(=O)C(F)(F)F)C(F)(F)F,CC[N+](C)(C)CCOCCOC.O=S(=O)(NS(=O)(=O)C(F)(F)F)C(F)(F)F,exclude,1,0,False,neutral_component_or_incorrect_ion_role
co2,non_test,1234,CC[N+](C)(C)CCOCCOC,O=S(=O)(NS(=O)(=O)C(F)(F)F)C(F)(F)F,CC[N+](C)(C)CCOCCOC.O=S(=O)(NS(=O)(=O)C(F)(F)F)C(F)(F)F,exclude,1,0,False,neutral_component_or_incorrect_ion_role
co2,non_test,1245,CC[N+](C)(C)CCOCCOC,O=S(=O)(NS(=O)(=O)C(F)(F)F)C(F)(F)F,CC[N+](C)(C)CCOCCOC.O=S(=O)(NS(=O)(=O)C(F)(F)F)C(F)(F)F,exclude,1,0,False,neutral_component_or_incorrect_ion_role
co2,non_test,1274,CC[N+](C)(C)CCOCCOC,O=S(=O)(NS(=O)(=O)C(F)(F)F)C(F)(F)F,CC[N+](C)(C)CCOCCOC.O=S(=O)(NS(=O)(=O)C(F)(F)F)C(F)(F)F,exclude,1,0,False,neutral_component_or_incorrect_ion_role
co2,non_test,1306,CC[N+](C)(C)CCOCCOC,O=S(=O)(NS(=O)(=O)C(F)(F)F)C(F)(F)F,CC[N+](C)(C)CCOCCOC.O=S(=O)(NS(=O)(=O)C(F)(F)F)C(F)(F)F,exclude,1,0,False,neutral_component_or_incorrect_ion_role
co2,non_test,1349,CC[N+](C)(C)CCOCCOC,O=S(=O)(NS(=O)(=O)C(F)(F)F)C(F)(F)F,CC[N+](C)(C)CCOCCOC.O=S(=O)(NS(=O)(=O)C(F)(F)F)C(F)(F)F,exclude,1,0,False,neutral_component_or_incorrect_ion_role
co2,non_test,1393,CC[N+](C)(C)CCOCCOC,O=S(=O)(NS(=O)(=O)C(F)(F)F)C(F)(F)F,CC[N+](C)(C)CCOCCOC.O=S(=O)(NS(=O)(=O)C(F)(F)F)C(F)(F)F,exclude,1,0,False,neutral_component_or_incorrect_ion_role
co2,non_test,1454,CC[N+](C)(C)CCOCCOC,O=S(=O)(NS(=O)(=O)C(F)(F)F)C(F)(F)F,CC[N+](C)(C)CCOCCOC.O=S(=O)(NS(=O)(=O)C(F)(F)F)C(F)(F)F,exclude,1,0,False,neutral_component_or_incorrect_ion_role
co2,non_test,1560,CC[N+](C)(C)CCOCCOC,O=S(=O)(NS(=O)(=O)C(F)(F)F)C(F)(F)F,CC[N+](C)(C)CCOCCOC.O=S(=O)(NS(=O)(=O)C(F)(F)F)C(F)(F)F,exclude,1,0,False,neutral_component_or_incorrect_ion_role
co2,non_test,4282,CC[N+](C)(C)CCOCCOC,O=S(=O)(NS(=O)(=O)C(F)(F)F)C(F)(F)F,CC[N+](C)(C)CCOCCOC.O=S(=O)(NS(=O)(=O)C(F)(F)F)C(F)(F)F,exclude,1,0,False,neutral_component_or_incorrect_ion_role
co2,non_test,4348,CC[N+](C)(C)CCOCCOC,O=S(=O)(NS(=O)(=O)C(F)(F)F)C(F)(F)F,CC[N+](C)(C)CCOCCOC.O=S(=O)(NS(=O)(=O)C(F)(F)F)C(F)(F)F,exclude,1,0,False,neutral_component_or_incorrect_ion_role
co2,non_test,4386,CC[N+](C)(C)CCOCCOC,O=S(=O)(NS(=O)(=O)C(F)(F)F)C(F)(F)F,CC[N+](C)(C)CCOCCOC.O=S(=O)(NS(=O)(=O)C(F)(F)F)C(F)(F)F,exclude,1,0,False,neutral_component_or_incorrect_ion_role
co2,non_test,4446,CC[N+](C)(C)CCOCCOC,O=S(=O)(NS(=O)(=O)C(F)(F)F)C(F)(F)F,CC[N+](C)(C)CCOCCOC.O=S(=O)(NS(=O)(=O)C(F)(F)F)C(F)(F)F,exclude,1,0,False,neutral_component_or_incorrect_ion_role
co2,non_test,4506,CC[N+](C)(C)CCOCCOC,O=S(=O)(NS(=O)(=O)C(F)(F)F)C(F)(F)F,CC[N+](C)(C)CCOCCOC.O=S(=O)(NS(=O)(=O)C(F)(F)F)C(F)(F)F,exclude,1,0,False,neutral_component_or_incorrect_ion_role
co2,non_test,4602,CC[N+](C)(C)CCOCCOC,O=S(=O)(NS(=O)(=O)C(F)(F)F)C(F)(F)F,CC[N+](C)(C)CCOCCOC.O=S(=O)(NS(=O)(=O)C(F)(F)F)C(F)(F)F,exclude,1,0,False,neutral_component_or_incorrect_ion_role
co2,non_test,4668,CC[N+](C)(C)CCOCCOC,O=S(=O)(NS(=O)(=O)C(F)(F)F)C(F)(F)F,CC[N+](C)(C)CCOCCOC.O=S(=O)(NS(=O)(=O)C(F)(F)F)C(F)(F)F,exclude,1,0,False,neutral_component_or_incorrect_ion_role
co2,non_test,4732,CC[N+](C)(C)CCOCCOC,O=S(=O)(NS(=O)(=O)C(F)(F)F)C(F)(F)F,CC[N+](C)(C)CCOCCOC.O=S(=O)(NS(=O)(=O)C(F)(F)F)C(F)(F)F,exclude,1,0,False,neutral_component_or_incorrect_ion_role
co2,non_test,4937,CC[N+](C)(C)CCOCCOC,O=S(=O)(NS(=O)(=O)C(F)(F)F)C(F)(F)F,CC[N+](C)(C)CCOCCOC.O=S(=O)(NS(=O)(=O)C(F)(F)F)C(F)(F)F,exclude,1,0,False,neutral_component_or_incorrect_ion_role
co2,non_test,9014,CC[N+](C)(C)CCOCCOC,O=S(=O)(NS(=O)(=O)C(F)(F)F)C(F)(F)F,CC[N+](C)(C)CCOCCOC.O=S(=O)(NS(=O)(=O)C(F)(F)F)C(F)(F)F,exclude,1,0,False,neutral_component_or_incorrect_ion_role
co2,non_test,9073,CC[N+](C)(C)CCOCCOC,O=S(=O)(NS(=O)(=O)C(F)(F)F)C(F)(F)F,CC[N+](C)(C)CCOCCOC.O=S(=O)(NS(=O)(=O)C(F)(F)F)C(F)(F)F,exclude,1,0,False,neutral_component_or_incorrect_ion_role
co2,non_test,9103,CC[N+](C)(C)CCOCCOC,O=S(=O)(NS(=O)(=O)C(F)(F)F)C(F)(F)F,CC[N+](C)(C)CCOCCOC.O=S(=O)(NS(=O)(=O)C(F)(F)F)C(F)(F)F,exclude,1,0,False,neutral_component_or_incorrect_ion_role
co2,non_test,9142,CC[N+](C)(C)CCOCCOC,O=S(=O)(NS(=O)(=O)C(F)(F)F)C(F)(F)F,CC[N+](C)(C)CCOCCOC.O=S(=O)(NS(=O)(=O)C(F)(F)F)C(F)(F)F,exclude,1,0,False,neutral_component_or_incorrect_ion_role
co2,non_test,9160,CC[N+](C)(C)CCOCCOC,O=S(=O)(NS(=O)(=O)C(F)(F)F)C(F)(F)F,CC[N+](C)(C)CCOCCOC.O=S(=O)(NS(=O)(=O)C(F)(F)F)C(F)(F)F,exclude,1,0,False,neutral_component_or_incorrect_ion_role
co2,non_test,9261,CC[N+](C)(C)CCOCCOC,O=S(=O)(NS(=O)(=O)C(F)(F)F)C(F)(F)F,CC[N+](C)(C)CCOCCOC.O=S(=O)(NS(=O)(=O)C(F)(F)F)C(F)(F)F,exclude,1,0,False,neutral_component_or_incorrect_ion_role
co2,non_test,9313,CC[N+](C)(C)CCOCCOC,O=S(=O)(NS(=O)(=O)C(F)(F)F)C(F)(F)F,CC[N+](C)(C)CCOCCOC.O=S(=O)(NS(=O)(=O)C(F)(F)F)C(F)(F)F,exclude,1,0,False,neutral_component_or_incorrect_ion_role
co2,non_test,9384,CC[N+](C)(C)CCOCCOC,O=S(=O)(NS(=O)(=O)C(F)(F)F)C(F)(F)F,CC[N+](C)(C)CCOCCOC.O=S(=O)(NS(=O)(=O)C(F)(F)F)C(F)(F)F,exclude,1,0,False,neutral_component_or_incorrect_ion_role
co2,non_test,9529,CC[N+](C)(C)CCOCCOC,O=S(=O)(NS(=O)(=O)C(F)(F)F)C(F)(F)F,CC[N+](C)(C)CCOCCOC.O=S(=O)(NS(=O)(=O)C(F)(F)F)C(F)(F)F,exclude,1,0,False,neutral_component_or_incorrect_ion_role
co2,non_test,3094,CC[n+]1ccn(C)c1,O=S(=O)(NS(=O)(=O)C(F)(F)C(F)(F)F)C(F)(F)C(F)(F)F,CC[n+]1ccn(C)c1.O=S(=O)(NS(=O)(=O)C(F)(F)C(F)(F)F)C(F)(F)C(F)(F)F,exclude,1,0,False,neutral_component_or_incorrect_ion_role
co2,non_test,3102,CC[n+]1ccn(C)c1,O=S(=O)(NS(=O)(=O)C(F)(F)C(F)(F)F)C(F)(F)C(F)(F)F,CC[n+]1ccn(C)c1.O=S(=O)(NS(=O)(=O)C(F)(F)C(F)(F)F)C(F)(F)C(F)(F)F,exclude,1,0,False,neutral_component_or_incorrect_ion_role
co2,non_test,3118,CC[n+]1ccn(C)c1,O=S(=O)(NS(=O)(=O)C(F)(F)C(F)(F)F)C(F)(F)C(F)(F)F,CC[n+]1ccn(C)c1.O=S(=O)(NS(=O)(=O)C(F)(F)C(F)(F)F)C(F)(F)C(F)(F)F,exclude,1,0,False,neutral_component_or_incorrect_ion_role
co2,non_test,3129,CC[n+]1ccn(C)c1,O=S(=O)(NS(=O)(=O)C(F)(F)C(F)(F)F)C(F)(F)C(F)(F)F,CC[n+]1ccn(C)c1.O=S(=O)(NS(=O)(=O)C(F)(F)C(F)(F)F)C(F)(F)C(F)(F)F,exclude,1,0,False,neutral_component_or_incorrect_ion_role
co2,non_test,3150,CC[n+]1ccn(C)c1,O=S(=O)(NS(=O)(=O)C(F)(F)C(F)(F)F)C(F)(F)C(F)(F)F,CC[n+]1ccn(C)c1.O=S(=O)(NS(=O)(=O)C(F)(F)C(F)(F)F)C(F)(F)C(F)(F)F,exclude,1,0,False,neutral_component_or_incorrect_ion_role
co2,non_test,3155,CC[n+]1ccn(C)c1,O=S(=O)(NS(=O)(=O)C(F)(F)C(F)(F)F)C(F)(F)C(F)(F)F,CC[n+]1ccn(C)c1.O=S(=O)(NS(=O)(=O)C(F)(F)C(F)(F)F)C(F)(F)C(F)(F)F,exclude,1,0,False,neutral_component_or_incorrect_ion_role
co2,non_test,3172,CC[n+]1ccn(C)c1,O=S(=O)(NS(=O)(=O)C(F)(F)C(F)(F)F)C(F)(F)C(F)(F)F,CC[n+]1ccn(C)c1.O=S(=O)(NS(=O)(=O)C(F)(F)C(F)(F)F)C(F)(F)C(F)(F)F,exclude,1,0,False,neutral_component_or_incorrect_ion_role
co2,non_test,3187,CC[n+]1ccn(C)c1,O=S(=O)(NS(=O)(=O)C(F)(F)C(F)(F)F)C(F)(F)C(F)(F)F,CC[n+]1ccn(C)c1.O=S(=O)(NS(=O)(=O)C(F)(F)C(F)(F)F)C(F)(F)C(F)(F)F,exclude,1,0,False,neutral_component_or_incorrect_ion_role
co2,non_test,4255,CC[n+]1ccn(C)c1,O=S(=O)(NS(=O)(=O)C(F)(F)C(F)(F)F)C(F)(F)C(F)(F)F,CC[n+]1ccn(C)c1.O=S(=O)(NS(=O)(=O)C(F)(F)C(F)(F)F)C(F)(F)C(F)(F)F,exclude,1,0,False,neutral_component_or_incorrect_ion_role
co2,non_test,4299,CC[n+]1ccn(C)c1,O=S(=O)(NS(=O)(=O)C(F)(F)C(F)(F)F)C(F)(F)C(F)(F)F,CC[n+]1ccn(C)c1.O=S(=O)(NS(=O)(=O)C(F)(F)C(F)(F)F)C(F)(F)C(F)(F)F,exclude,1,0,False,neutral_component_or_incorrect_ion_role
co2,non_test,4371,CC[n+]1ccn(C)c1,O=S(=O)(NS(=O)(=O)C(F)(F)C(F)(F)F)C(F)(F)C(F)(F)F,CC[n+]1ccn(C)c1.O=S(=O)(NS(=O)(=O)C(F)(F)C(F)(F)F)C(F)(F)C(F)(F)F,exclude,1,0,False,neutral_component_or_incorrect_ion_role
co2,non_test,4477,CC[n+]1ccn(C)c1,O=S(=O)(NS(=O)(=O)C(F)(F)C(F)(F)F)C(F)(F)C(F)(F)F,CC[n+]1ccn(C)c1.O=S(=O)(NS(=O)(=O)C(F)(F)C(F)(F)F)C(F)(F)C(F)(F)F,exclude,1,0,False,neutral_component_or_incorrect_ion_role
co2,non_test,4614,CC[n+]1ccn(C)c1,O=S(=O)(NS(=O)(=O)C(F)(F)C(F)(F)F)C(F)(F)C(F)(F)F,CC[n+]1ccn(C)c1.O=S(=O)(NS(=O)(=O)C(F)(F)C(F)(F)F)C(F)(F)C(F)(F)F,exclude,1,0,False,neutral_component_or_incorrect_ion_role
co2,non_test,4834,CC[n+]1ccn(C)c1,O=S(=O)(NS(=O)(=O)C(F)(F)C(F)(F)F)C(F)(F)C(F)(F)F,CC[n+]1ccn(C)c1.O=S(=O)(NS(=O)(=O)C(F)(F)C(F)(F)F)C(F)(F)C(F)(F)F,exclude,1,0,False,neutral_component_or_incorrect_ion_role
co2,non_test,4979,CC[n+]1ccn(C)c1,O=S(=O)(NS(=O)(=O)C(F)(F)C(F)(F)F)C(F)(F)C(F)(F)F,CC[n+]1ccn(C)c1.O=S(=O)(NS(=O)(=O)C(F)(F)C(F)(F)F)C(F)(F)C(F)(F)F,exclude,1,0,False,neutral_component_or_incorrect_ion_role
co2,non_test,5275,CC[n+]1ccn(C)c1,O=S(=O)(NS(=O)(=O)C(F)(F)C(F)(F)F)C(F)(F)C(F)(F)F,CC[n+]1ccn(C)c1.O=S(=O)(NS(=O)(=O)C(F)(F)C(F)(F)F)C(F)(F)C(F)(F)F,exclude,1,0,False,neutral_component_or_incorrect_ion_role
co2,non_test,5289,CC[n+]1ccn(C)c1,O=S(=O)(NS(=O)(=O)C(F)(F)C(F)(F)F)C(F)(F)C(F)(F)F,CC[n+]1ccn(C)c1.O=S(=O)(NS(=O)(=O)C(F)(F)C(F)(F)F)C(F)(F)C(F)(F)F,exclude,1,0,False,neutral_component_or_incorrect_ion_role
co2,non_test,5313,CC[n+]1ccn(C)c1,O=S(=O)(NS(=O)(=O)C(F)(F)C(F)(F)F)C(F)(F)C(F)(F)F,CC[n+]1ccn(C)c1.O=S(=O)(NS(=O)(=O)C(F)(F)C(F)(F)F)C(F)(F)C(F)(F)F,exclude,1,0,False,neutral_component_or_incorrect_ion_role
co2,non_test,5328,CC[n+]1ccn(C)c1,O=S(=O)(NS(=O)(=O)C(F)(F)C(F)(F)F)C(F)(F)C(F)(F)F,CC[n+]1ccn(C)c1.O=S(=O)(NS(=O)(=O)C(F)(F)C(F)(F)F)C(F)(F)C(F)(F)F,exclude,1,0,False,neutral_component_or_incorrect_ion_role
co2,non_test,5363,CC[n+]1ccn(C)c1,O=S(=O)(NS(=O)(=O)C(F)(F)C(F)(F)F)C(F)(F)C(F)(F)F,CC[n+]1ccn(C)c1.O=S(=O)(NS(=O)(=O)C(F)(F)C(F)(F)F)C(F)(F)C(F)(F)F,exclude,1,0,False,neutral_component_or_incorrect_ion_role
co2,non_test,5372,CC[n+]1ccn(C)c1,O=S(=O)(NS(=O)(=O)C(F)(F)C(F)(F)F)C(F)(F)C(F)(F)F,CC[n+]1ccn(C)c1.O=S(=O)(NS(=O)(=O)C(F)(F)C(F)(F)F)C(F)(F)C(F)(F)F,exclude,1,0,False,neutral_component_or_incorrect_ion_role
co2,non_test,5403,CC[n+]1ccn(C)c1,O=S(=O)(NS(=O)(=O)C(F)(F)C(F)(F)F)C(F)(F)C(F)(F)F,CC[n+]1ccn(C)c1.O=S(=O)(NS(=O)(=O)C(F)(F)C(F)(F)F)C(F)(F)C(F)(F)F,exclude,1,0,False,neutral_component_or_incorrect_ion_role
co2,non_test,5438,CC[n+]1ccn(C)c1,O=S(=O)(NS(=O)(=O)C(F)(F)C(F)(F)F)C(F)(F)C(F)(F)F,CC[n+]1ccn(C)c1.O=S(=O)(NS(=O)(=O)C(F)(F)C(F)(F)F)C(F)(F)C(F)(F)F,exclude,1,0,False,neutral_component_or_incorrect_ion_role
co2,non_test,7955,CC[n+]1ccn(C)c1,O=S(=O)(NS(=O)(=O)C(F)(F)C(F)(F)F)C(F)(F)C(F)(F)F,CC[n+]1ccn(C)c1.O=S(=O)(NS(=O)(=O)C(F)(F)C(F)(F)F)C(F)(F)C(F)(F)F,exclude,1,0,False,neutral_component_or_incorrect_ion_role
co2,non_test,7965,CC[n+]1ccn(C)c1,O=S(=O)(NS(=O)(=O)C(F)(F)C(F)(F)F)C(F)(F)C(F)(F)F,CC[n+]1ccn(C)c1.O=S(=O)(NS(=O)(=O)C(F)(F)C(F)(F)F)C(F)(F)C(F)(F)F,exclude,1,0,False,neutral_component_or_incorrect_ion_role
co2,non_test,7983,CC[n+]1ccn(C)c1,O=S(=O)(NS(=O)(=O)C(F)(F)C(F)(F)F)C(F)(F)C(F)(F)F,CC[n+]1ccn(C)c1.O=S(=O)(NS(=O)(=O)C(F)(F)C(F)(F)F)C(F)(F)C(F)(F)F,exclude,1,0,False,neutral_component_or_incorrect_ion_role
co2,non_test,7994,CC[n+]1ccn(C)c1,O=S(=O)(NS(=O)(=O)C(F)(F)C(F)(F)F)C(F)(F)C(F)(F)F,CC[n+]1ccn(C)c1.O=S(=O)(NS(=O)(=O)C(F)(F)C(F)(F)F)C(F)(F)C(F)(F)F,exclude,1,0,False,neutral_component_or_incorrect_ion_role
co2,non_test,8019,CC[n+]1ccn(C)c1,O=S(=O)(NS(=O)(=O)C(F)(F)C(F)(F)F)C(F)(F)C(F)(F)F,CC[n+]1ccn(C)c1.O=S(=O)(NS(=O)(=O)C(F)(F)C(F)(F)F)C(F)(F)C(F)(F)F,exclude,1,0,False,neutral_component_or_incorrect_ion_role
co2,non_test,8027,CC[n+]1ccn(C)c1,O=S(=O)(NS(=O)(=O)C(F)(F)C(F)(F)F)C(F)(F)C(F)(F)F,CC[n+]1ccn(C)c1.O=S(=O)(NS(=O)(=O)C(F)(F)C(F)(F)F)C(F)(F)C(F)(F)F,exclude,1,0,False,neutral_component_or_incorrect_ion_role
co2,non_test,8044,CC[n+]1ccn(C)c1,O=S(=O)(NS(=O)(=O)C(F)(F)C(F)(F)F)C(F)(F)C(F)(F)F,CC[n+]1ccn(C)c1.O=S(=O)(NS(=O)(=O)C(F)(F)C(F)(F)F)C(F)(F)C(F)(F)F,exclude,1,0,False,neutral_component_or_incorrect_ion_role
co2,non_test,8064,CC[n+]1ccn(C)c1,O=S(=O)(NS(=O)(=O)C(F)(F)C(F)(F)F)C(F)(F)C(F)(F)F,CC[n+]1ccn(C)c1.O=S(=O)(NS(=O)(=O)C(F)(F)C(F)(F)F)C(F)(F)C(F)(F)F,exclude,1,0,False,neutral_component_or_incorrect_ion_role
co2,non_test,9708,CC[n+]1ccn(C)c1,O=S(=O)(NS(=O)(=O)C(F)(F)C(F)(F)F)C(F)(F)C(F)(F)F,CC[n+]1ccn(C)c1.O=S(=O)(NS(=O)(=O)C(F)(F)C(F)(F)F)C(F)(F)C(F)(F)F,exclude,1,0,False,neutral_component_or_incorrect_ion_role
co2,non_test,9712,CC[n+]1ccn(C)c1,O=S(=O)(NS(=O)(=O)C(F)(F)C(F)(F)F)C(F)(F)C(F)(F)F,CC[n+]1ccn(C)c1.O=S(=O)(NS(=O)(=O)C(F)(F)C(F)(F)F)C(F)(F)C(F)(F)F,exclude,1,0,False,neutral_component_or_incorrect_ion_role
co2,non_test,9742,CC[n+]1ccn(C)c1,O=S(=O)(NS(=O)(=O)C(F)(F)C(F)(F)F)C(F)(F)C(F)(F)F,CC[n+]1ccn(C)c1.O=S(=O)(NS(=O)(=O)C(F)(F)C(F)(F)F)C(F)(F)C(F)(F)F,exclude,1,0,False,neutral_component_or_incorrect_ion_role
co2,non_test,9763,CC[n+]1ccn(C)c1,O=S(=O)(NS(=O)(=O)C(F)(F)C(F)(F)F)C(F)(F)C(F)(F)F,CC[n+]1ccn(C)c1.O=S(=O)(NS(=O)(=O)C(F)(F)C(F)(F)F)C(F)(F)C(F)(F)F,exclude,1,0,False,neutral_component_or_incorrect_ion_role
co2,non_test,9797,CC[n+]1ccn(C)c1,O=S(=O)(NS(=O)(=O)C(F)(F)C(F)(F)F)C(F)(F)C(F)(F)F,CC[n+]1ccn(C)c1.O=S(=O)(NS(=O)(=O)C(F)(F)C(F)(F)F)C(F)(F)C(F)(F)F,exclude,1,0,False,neutral_component_or_incorrect_ion_role
co2,non_test,9808,CC[n+]1ccn(C)c1,O=S(=O)(NS(=O)(=O)C(F)(F)C(F)(F)F)C(F)(F)C(F)(F)F,CC[n+]1ccn(C)c1.O=S(=O)(NS(=O)(=O)C(F)(F)C(F)(F)F)C(F)(F)C(F)(F)F,exclude,1,0,False,neutral_component_or_incorrect_ion_role
co2,non_test,9829,CC[n+]1ccn(C)c1,O=S(=O)(NS(=O)(=O)C(F)(F)C(F)(F)F)C(F)(F)C(F)(F)F,CC[n+]1ccn(C)c1.O=S(=O)(NS(=O)(=O)C(F)(F)C(F)(F)F)C(F)(F)C(F)(F)F,exclude,1,0,False,neutral_component_or_incorrect_ion_role
co2,non_test,9857,CC[n+]1ccn(C)c1,O=S(=O)(NS(=O)(=O)C(F)(F)C(F)(F)F)C(F)(F)C(F)(F)F,CC[n+]1ccn(C)c1.O=S(=O)(NS(=O)(=O)C(F)(F)C(F)(F)F)C(F)(F)C(F)(F)F,exclude,1,0,False,neutral_component_or_incorrect_ion_role
co2,non_test,11365,CC[n+]1ccn(C)c1,O=S(=O)(NS(=O)(=O)C(F)(F)C(F)(F)F)C(F)(F)C(F)(F)F,CC[n+]1ccn(C)c1.O=S(=O)(NS(=O)(=O)C(F)(F)C(F)(F)F)C(F)(F)C(F)(F)F,exclude,1,0,False,neutral_component_or_incorrect_ion_role
co2,non_test,11368,CC[n+]1ccn(C)c1,O=S(=O)(NS(=O)(=O)C(F)(F)C(F)(F)F)C(F)(F)C(F)(F)F,CC[n+]1ccn(C)c1.O=S(=O)(NS(=O)(=O)C(F)(F)C(F)(F)F)C(F)(F)C(F)(F)F,exclude,1,0,False,neutral_component_or_incorrect_ion_role
co2,non_test,11379,CC[n+]1ccn(C)c1,O=S(=O)(NS(=O)(=O)C(F)(F)C(F)(F)F)C(F)(F)C(F)(F)F,CC[n+]1ccn(C)c1.O=S(=O)(NS(=O)(=O)C(F)(F)C(F)(F)F)C(F)(F)C(F)(F)F,exclude,1,0,False,neutral_component_or_incorrect_ion_role
co2,non_test,11389,CC[n+]1ccn(C)c1,O=S(=O)(NS(=O)(=O)C(F)(F)C(F)(F)F)C(F)(F)C(F)(F)F,CC[n+]1ccn(C)c1.O=S(=O)(NS(=O)(=O)C(F)(F)C(F)(F)F)C(F)(F)C(F)(F)F,exclude,1,0,False,neutral_component_or_incorrect_ion_role
co2,non_test,11405,CC[n+]1ccn(C)c1,O=S(=O)(NS(=O)(=O)C(F)(F)C(F)(F)F)C(F)(F)C(F)(F)F,CC[n+]1ccn(C)c1.O=S(=O)(NS(=O)(=O)C(F)(F)C(F)(F)F)C(F)(F)C(F)(F)F,exclude,1,0,False,neutral_component_or_incorrect_ion_role
co2,non_test,11412,CC[n+]1ccn(C)c1,O=S(=O)(NS(=O)(=O)C(F)(F)C(F)(F)F)C(F)(F)C(F)(F)F,CC[n+]1ccn(C)c1.O=S(=O)(NS(=O)(=O)C(F)(F)C(F)(F)F)C(F)(F)C(F)(F)F,exclude,1,0,False,neutral_component_or_incorrect_ion_role
co2,non_test,11424,CC[n+]1ccn(C)c1,O=S(=O)(NS(=O)(=O)C(F)(F)C(F)(F)F)C(F)(F)C(F)(F)F,CC[n+]1ccn(C)c1.O=S(=O)(NS(=O)(=O)C(F)(F)C(F)(F)F)C(F)(F)C(F)(F)F,exclude,1,0,False,neutral_component_or_incorrect_ion_role
co2,non_test,11437,CC[n+]1ccn(C)c1,O=S(=O)(NS(=O)(=O)C(F)(F)C(F)(F)F)C(F)(F)C(F)(F)F,CC[n+]1ccn(C)c1.O=S(=O)(NS(=O)(=O)C(F)(F)C(F)(F)F)C(F)(F)C(F)(F)F,exclude,1,0,False,neutral_component_or_incorrect_ion_role
co2,non_test,12450,CC[n+]1ccn(C)c1,O=S(=O)(NS(=O)(=O)C(F)(F)C(F)(F)F)C(F)(F)C(F)(F)F,CC[n+]1ccn(C)c1.O=S(=O)(NS(=O)(=O)C(F)(F)C(F)(F)F)C(F)(F)C(F)(F)F,exclude,1,0,False,neutral_component_or_incorrect_ion_role
co2,non_test,12453,CC[n+]1ccn(C)c1,O=S(=O)(NS(=O)(=O)C(F)(F)C(F)(F)F)C(F)(F)C(F)(F)F,CC[n+]1ccn(C)c1.O=S(=O)(NS(=O)(=O)C(F)(F)C(F)(F)F)C(F)(F)C(F)(F)F,exclude,1,0,False,neutral_component_or_incorrect_ion_role
co2,non_test,12463,CC[n+]1ccn(C)c1,O=S(=O)(NS(=O)(=O)C(F)(F)C(F)(F)F)C(F)(F)C(F)(F)F,CC[n+]1ccn(C)c1.O=S(=O)(NS(=O)(=O)C(F)(F)C(F)(F)F)C(F)(F)C(F)(F)F,exclude,1,0,False,neutral_component_or_incorrect_ion_role
co2,non_test,12472,CC[n+]1ccn(C)c1,O=S(=O)(NS(=O)(=O)C(F)(F)C(F)(F)F)C(F)(F)C(F)(F)F,CC[n+]1ccn(C)c1.O=S(=O)(NS(=O)(=O)C(F)(F)C(F)(F)F)C(F)(F)C(F)(F)F,exclude,1,0,False,neutral_component_or_incorrect_ion_role
co2,non_test,12487,CC[n+]1ccn(C)c1,O=S(=O)(NS(=O)(=O)C(F)(F)C(F)(F)F)C(F)(F)C(F)(F)F,CC[n+]1ccn(C)c1.O=S(=O)(NS(=O)(=O)C(F)(F)C(F)(F)F)C(F)(F)C(F)(F)F,exclude,1,0,False,neutral_component_or_incorrect_ion_role
co2,non_test,12495,CC[n+]1ccn(C)c1,O=S(=O)(NS(=O)(=O)C(F)(F)C(F)(F)F)C(F)(F)C(F)(F)F,CC[n+]1ccn(C)c1.O=S(=O)(NS(=O)(=O)C(F)(F)C(F)(F)F)C(F)(F)C(F)(F)F,exclude,1,0,False,neutral_component_or_incorrect_ion_role
co2,non_test,12508,CC[n+]1ccn(C)c1,O=S(=O)(NS(=O)(=O)C(F)(F)C(F)(F)F)C(F)(F)C(F)(F)F,CC[n+]1ccn(C)c1.O=S(=O)(NS(=O)(=O)C(F)(F)C(F)(F)F)C(F)(F)C(F)(F)F,exclude,1,0,False,neutral_component_or_incorrect_ion_role
co2,non_test,12524,CC[n+]1ccn(C)c1,O=S(=O)(NS(=O)(=O)C(F)(F)C(F)(F)F)C(F)(F)C(F)(F)F,CC[n+]1ccn(C)c1.O=S(=O)(NS(=O)(=O)C(F)(F)C(F)(F)F)C(F)(F)C(F)(F)F,exclude,1,0,False,neutral_component_or_incorrect_ion_role
co2,non_test,13211,CC[n+]1ccn(C)c1,O=S(=O)(NS(=O)(=O)C(F)(F)C(F)(F)F)C(F)(F)C(F)(F)F,CC[n+]1ccn(C)c1.O=S(=O)(NS(=O)(=O)C(F)(F)C(F)(F)F)C(F)(F)C(F)(F)F,exclude,1,0,False,neutral_component_or_incorrect_ion_role
co2,non_test,13214,CC[n+]1ccn(C)c1,O=S(=O)(NS(=O)(=O)C(F)(F)C(F)(F)F)C(F)(F)C(F)(F)F,CC[n+]1ccn(C)c1.O=S(=O)(NS(=O)(=O)C(F)(F)C(F)(F)F)C(F)(F)C(F)(F)F,exclude,1,0,False,neutral_component_or_incorrect_ion_role
co2,non_test,13223,CC[n+]1ccn(C)c1,O=S(=O)(NS(=O)(=O)C(F)(F)C(F)(F)F)C(F)(F)C(F)(F)F,CC[n+]1ccn(C)c1.O=S(=O)(NS(=O)(=O)C(F)(F)C(F)(F)F)C(F)(F)C(F)(F)F,exclude,1,0,False,neutral_component_or_incorrect_ion_role
co2,non_test,13233,CC[n+]1ccn(C)c1,O=S(=O)(NS(=O)(=O)C(F)(F)C(F)(F)F)C(F)(F)C(F)(F)F,CC[n+]1ccn(C)c1.O=S(=O)(NS(=O)(=O)C(F)(F)C(F)(F)F)C(F)(F)C(F)(F)F,exclude,1,0,False,neutral_component_or_incorrect_ion_role
co2,non_test,13247,CC[n+]1ccn(C)c1,O=S(=O)(NS(=O)(=O)C(F)(F)C(F)(F)F)C(F)(F)C(F)(F)F,CC[n+]1ccn(C)c1.O=S(=O)(NS(=O)(=O)C(F)(F)C(F)(F)F)C(F)(F)C(F)(F)F,exclude,1,0,False,neutral_component_or_incorrect_ion_role
co2,non_test,13253,CC[n+]1ccn(C)c1,O=S(=O)(NS(=O)(=O)C(F)(F)C(F)(F)F)C(F)(F)C(F)(F)F,CC[n+]1ccn(C)c1.O=S(=O)(NS(=O)(=O)C(F)(F)C(F)(F)F)C(F)(F)C(F)(F)F,exclude,1,0,False,neutral_component_or_incorrect_ion_role
co2,non_test,13264,CC[n+]1ccn(C)c1,O=S(=O)(NS(=O)(=O)C(F)(F)C(F)(F)F)C(F)(F)C(F)(F)F,CC[n+]1ccn(C)c1.O=S(=O)(NS(=O)(=O)C(F)(F)C(F)(F)F)C(F)(F)C(F)(F)F,exclude,1,0,False,neutral_component_or_incorrect_ion_role
co2,non_test,13275,CC[n+]1ccn(C)c1,O=S(=O)(NS(=O)(=O)C(F)(F)C(F)(F)F)C(F)(F)C(F)(F)F,CC[n+]1ccn(C)c1.O=S(=O)(NS(=O)(=O)C(F)(F)C(F)(F)F)C(F)(F)C(F)(F)F,exclude,1,0,False,neutral_component_or_incorrect_ion_role
co2,non_test,13711,CC[n+]1ccn(C)c1,O=S(=O)(NS(=O)(=O)C(F)(F)C(F)(F)F)C(F)(F)C(F)(F)F,CC[n+]1ccn(C)c1.O=S(=O)(NS(=O)(=O)C(F)(F)C(F)(F)F)C(F)(F)C(F)(F)F,exclude,1,0,False,neutral_component_or_incorrect_ion_role
co2,non_test,13714,CC[n+]1ccn(C)c1,O=S(=O)(NS(=O)(=O)C(F)(F)C(F)(F)F)C(F)(F)C(F)(F)F,CC[n+]1ccn(C)c1.O=S(=O)(NS(=O)(=O)C(F)(F)C(F)(F)F)C(F)(F)C(F)(F)F,exclude,1,0,False,neutral_component_or_incorrect_ion_role
co2,non_test,13723,CC[n+]1ccn(C)c1,O=S(=O)(NS(=O)(=O)C(F)(F)C(F)(F)F)C(F)(F)C(F)(F)F,CC[n+]1ccn(C)c1.O=S(=O)(NS(=O)(=O)C(F)(F)C(F)(F)F)C(F)(F)C(F)(F)F,exclude,1,0,False,neutral_component_or_incorrect_ion_role
co2,non_test,13733,CC[n+]1ccn(C)c1,O=S(=O)(NS(=O)(=O)C(F)(F)C(F)(F)F)C(F)(F)C(F)(F)F,CC[n+]1ccn(C)c1.O=S(=O)(NS(=O)(=O)C(F)(F)C(F)(F)F)C(F)(F)C(F)(F)F,exclude,1,0,False,neutral_component_or_incorrect_ion_role
co2,non_test,13750,CC[n+]1ccn(C)c1,O=S(=O)(NS(=O)(=O)C(F)(F)C(F)(F)F)C(F)(F)C(F)(F)F,CC[n+]1ccn(C)c1.O=S(=O)(NS(=O)(=O)C(F)(F)C(F)(F)F)C(F)(F)C(F)(F)F,exclude,1,0,False,neutral_component_or_incorrect_ion_role
co2,non_test,13759,CC[n+]1ccn(C)c1,O=S(=O)(NS(=O)(=O)C(F)(F)C(F)(F)F)C(F)(F)C(F)(F)F,CC[n+]1ccn(C)c1.O=S(=O)(NS(=O)(=O)C(F)(F)C(F)(F)F)C(F)(F)C(F)(F)F,exclude,1,0,False,neutral_component_or_incorrect_ion_role
co2,non_test,13772,CC[n+]1ccn(C)c1,O=S(=O)(NS(=O)(=O)C(F)(F)C(F)(F)F)C(F)(F)C(F)(F)F,CC[n+]1ccn(C)c1.O=S(=O)(NS(=O)(=O)C(F)(F)C(F)(F)F)C(F)(F)C(F)(F)F,exclude,1,0,False,neutral_component_or_incorrect_ion_role
co2,non_test,13788,CC[n+]1ccn(C)c1,O=S(=O)(NS(=O)(=O)C(F)(F)C(F)(F)F)C(F)(F)C(F)(F)F,CC[n+]1ccn(C)c1.O=S(=O)(NS(=O)(=O)C(F)(F)C(F)(F)F)C(F)(F)C(F)(F)F,exclude,1,0,False,neutral_component_or_incorrect_ion_role
co2,non_test,0,CCCCCCCCn1cc[n+](C)c1,O=S(=O)(NS(=O)(=O)C(F)(F)F)C(F)(F)F,CCCCCCCCn1cc[n+](C)c1.O=S(=O)(NS(=O)(=O)C(F)(F)F)C(F)(F)F,exclude,1,0,False,neutral_component_or_incorrect_ion_role
co2,non_test,1,CCCCCCCCn1cc[n+](C)c1,O=S(=O)(NS(=O)(=O)C(F)(F)F)C(F)(F)F,CCCCCCCCn1cc[n+](C)c1.O=S(=O)(NS(=O)(=O)C(F)(F)F)C(F)(F)F,exclude,1,0,False,neutral_component_or_incorrect_ion_role
co2,non_test,2,CCCCCCCCn1cc[n+](C)c1,O=S(=O)(NS(=O)(=O)C(F)(F)F)C(F)(F)F,CCCCCCCCn1cc[n+](C)c1.O=S(=O)(NS(=O)(=O)C(F)(F)F)C(F)(F)F,exclude,1,0,False,neutral_component_or_incorrect_ion_role
co2,non_test,3,CCCCCCCCn1cc[n+](C)c1,O=S(=O)(NS(=O)(=O)C(F)(F)F)C(F)(F)F,CCCCCCCCn1cc[n+](C)c1.O=S(=O)(NS(=O)(=O)C(F)(F)F)C(F)(F)F,exclude,1,0,False,neutral_component_or_incorrect_ion_role
co2,non_test,4,CCCCCCCCn1cc[n+](C)c1,O=S(=O)(NS(=O)(=O)C(F)(F)F)C(F)(F)F,CCCCCCCCn1cc[n+](C)c1.O=S(=O)(NS(=O)(=O)C(F)(F)F)C(F)(F)F,exclude,1,0,False,neutral_component_or_incorrect_ion_role
co2,non_test,5,CCCCCCCCn1cc[n+](C)c1,O=S(=O)(NS(=O)(=O)C(F)(F)F)C(F)(F)F,CCCCCCCCn1cc[n+](C)c1.O=S(=O)(NS(=O)(=O)C(F)(F)F)C(F)(F)F,exclude,1,0,False,neutral_component_or_incorrect_ion_role
co2,non_test,6,CCCCCCCCn1cc[n+](C)c1,O=S(=O)(NS(=O)(=O)C(F)(F)F)C(F)(F)F,CCCCCCCCn1cc[n+](C)c1.O=S(=O)(NS(=O)(=O)C(F)(F)F)C(F)(F)F,exclude,1,0,False,neutral_component_or_incorrect_ion_role
co2,non_test,7,CCCCCCCCn1cc[n+](C)c1,O=S(=O)(NS(=O)(=O)C(F)(F)F)C(F)(F)F,CCCCCCCCn1cc[n+](C)c1.O=S(=O)(NS(=O)(=O)C(F)(F)F)C(F)(F)F,exclude,1,0,False,neutral_component_or_incorrect_ion_role
co2,non_test,8,CCCCCCCCn1cc[n+](C)c1,O=S(=O)(NS(=O)(=O)C(F)(F)F)C(F)(F)F,CCCCCCCCn1cc[n+](C)c1.O=S(=O)(NS(=O)(=O)C(F)(F)F)C(F)(F)F,exclude,1,0,False,neutral_component_or_incorrect_ion_role
co2,non_test,9,CCCCCCCCn1cc[n+](C)c1,O=S(=O)(NS(=O)(=O)C(F)(F)F)C(F)(F)F,CCCCCCCCn1cc[n+](C)c1.O=S(=O)(NS(=O)(=O)C(F)(F)F)C(F)(F)F,exclude,1,0,False,neutral_component_or_incorrect_ion_role
co2,non_test,10,CCCCCCCCn1cc[n+](C)c1,O=S(=O)(NS(=O)(=O)C(F)(F)F)C(F)(F)F,CCCCCCCCn1cc[n+](C)c1.O=S(=O)(NS(=O)(=O)C(F)(F)F)C(F)(F)F,exclude,1,0,False,neutral_component_or_incorrect_ion_role
co2,non_test,11,CCCCCCCCn1cc[n+](C)c1,O=S(=O)(NS(=O)(=O)C(F)(F)F)C(F)(F)F,CCCCCCCCn1cc[n+](C)c1.O=S(=O)(NS(=O)(=O)C(F)(F)F)C(F)(F)F,exclude,1,0,False,neutral_component_or_incorrect_ion_role
co2,non_test,12,CCCCCCCCn1cc[n+](C)c1,O=S(=O)(NS(=O)(=O)C(F)(F)F)C(F)(F)F,CCCCCCCCn1cc[n+](C)c1.O=S(=O)(NS(=O)(=O)C(F)(F)F)C(F)(F)F,exclude,1,0,False,neutral_component_or_incorrect_ion_role
co2,non_test,13,CCCCCCCCn1cc[n+](C)c1,O=S(=O)(NS(=O)(=O)C(F)(F)F)C(F)(F)F,CCCCCCCCn1cc[n+](C)c1.O=S(=O)(NS(=O)(=O)C(F)(F)F)C(F)(F)F,exclude,1,0,False,neutral_component_or_incorrect_ion_role
co2,non_test,14,CCCCCCCCn1cc[n+](C)c1,O=S(=O)(NS(=O)(=O)C(F)(F)F)C(F)(F)F,CCCCCCCCn1cc[n+](C)c1.O=S(=O)(NS(=O)(=O)C(F)(F)F)C(F)(F)F,exclude,1,0,False,neutral_component_or_incorrect_ion_role
co2,non_test,15,CCCCCCCCn1cc[n+](C)c1,O=S(=O)(NS(=O)(=O)C(F)(F)F)C(F)(F)F,CCCCCCCCn1cc[n+](C)c1.O=S(=O)(NS(=O)(=O)C(F)(F)F)C(F)(F)F,exclude,1,0,False,neutral_component_or_incorrect_ion_role
co2,non_test,16,CCCCCCCCn1cc[n+](C)c1,O=S(=O)(NS(=O)(=O)C(F)(F)F)C(F)(F)F,CCCCCCCCn1cc[n+](C)c1.O=S(=O)(NS(=O)(=O)C(F)(F)F)C(F)(F)F,exclude,1,0,False,neutral_component_or_incorrect_ion_role
co2,non_test,17,CCCCCCCCn1cc[n+](C)c1,O=S(=O)(NS(=O)(=O)C(F)(F)F)C(F)(F)F,CCCCCCCCn1cc[n+](C)c1.O=S(=O)(NS(=O)(=O)C(F)(F)F)C(F)(F)F,exclude,1,0,False,neutral_component_or_incorrect_ion_role
co2,non_test,42,CCCCCCCCn1cc[n+](C)c1,O=S(=O)(NS(=O)(=O)C(F)(F)F)C(F)(F)F,CCCCCCCCn1cc[n+](C)c1.O=S(=O)(NS(=O)(=O)C(F)(F)F)C(F)(F)F,exclude,1,0,False,neutral_component_or_incorrect_ion_role
co2,non_test,43,CCCCCCCCn1cc[n+](C)c1,O=S(=O)(NS(=O)(=O)C(F)(F)F)C(F)(F)F,CCCCCCCCn1cc[n+](C)c1.O=S(=O)(NS(=O)(=O)C(F)(F)F)C(F)(F)F,exclude,1,0,False,neutral_component_or_incorrect_ion_role
co2,non_test,44,CCCCCCCCn1cc[n+](C)c1,O=S(=O)(NS(=O)(=O)C(F)(F)F)C(F)(F)F,CCCCCCCCn1cc[n+](C)c1.O=S(=O)(NS(=O)(=O)C(F)(F)F)C(F)(F)F,exclude,1,0,False,neutral_component_or_incorrect_ion_role
co2,non_test,45,CCCCCCCCn1cc[n+](C)c1,O=S(=O)(NS(=O)(=O)C(F)(F)F)C(F)(F)F,CCCCCCCCn1cc[n+](C)c1.O=S(=O)(NS(=O)(=O)C(F)(F)F)C(F)(F)F,exclude,1,0,False,neutral_component_or_incorrect_ion_role
co2,non_test,46,CCCCCCCCn1cc[n+](C)c1,O=S(=O)(NS(=O)(=O)C(F)(F)F)C(F)(F)F,CCCCCCCCn1cc[n+](C)c1.O=S(=O)(NS(=O)(=O)C(F)(F)F)C(F)(F)F,exclude,1,0,False,neutral_component_or_incorrect_ion_role
co2,non_test,47,CCCCCCCCn1cc[n+](C)c1,O=S(=O)(NS(=O)(=O)C(F)(F)F)C(F)(F)F,CCCCCCCCn1cc[n+](C)c1.O=S(=O)(NS(=O)(=O)C(F)(F)F)C(F)(F)F,exclude,1,0,False,neutral_component_or_incorrect_ion_role
co2,non_test,818,CCCCCCCCn1cc[n+](C)c1,O=S(=O)(NS(=O)(=O)C(F)(F)F)C(F)(F)F,CCCCCCCCn1cc[n+](C)c1.O=S(=O)(NS(=O)(=O)C(F)(F)F)C(F)(F)F,exclude,1,0,False,neutral_component_or_incorrect_ion_role
co2,non_test,819,CCCCCCCCn1cc[n+](C)c1,O=S(=O)(NS(=O)(=O)C(F)(F)F)C(F)(F)F,CCCCCCCCn1cc[n+](C)c1.O=S(=O)(NS(=O)(=O)C(F)(F)F)C(F)(F)F,exclude,1,0,False,neutral_component_or_incorrect_ion_role
co2,non_test,820,CCCCCCCCn1cc[n+](C)c1,O=S(=O)(NS(=O)(=O)C(F)(F)F)C(F)(F)F,CCCCCCCCn1cc[n+](C)c1.O=S(=O)(NS(=O)(=O)C(F)(F)F)C(F)(F)F,exclude,1,0,False,neutral_component_or_incorrect_ion_role
co2,non_test,821,CCCCCCCCn1cc[n+](C)c1,O=S(=O)(NS(=O)(=O)C(F)(F)F)C(F)(F)F,CCCCCCCCn1cc[n+](C)c1.O=S(=O)(NS(=O)(=O)C(F)(F)F)C(F)(F)F,exclude,1,0,False,neutral_component_or_incorrect_ion_role
co2,non_test,822,CCCCCCCCn1cc[n+](C)c1,O=S(=O)(NS(=O)(=O)C(F)(F)F)C(F)(F)F,CCCCCCCCn1cc[n+](C)c1.O=S(=O)(NS(=O)(=O)C(F)(F)F)C(F)(F)F,exclude,1,0,False,neutral_component_or_incorrect_ion_role
co2,non_test,829,CCCCCCCCn1cc[n+](C)c1,O=S(=O)(NS(=O)(=O)C(F)(F)F)C(F)(F)F,CCCCCCCCn1cc[n+](C)c1.O=S(=O)(NS(=O)(=O)C(F)(F)F)C(F)(F)F,exclude,1,0,False,neutral_component_or_incorrect_ion_role
co2,non_test,830,CCCCCCCCn1cc[n+](C)c1,O=S(=O)(NS(=O)(=O)C(F)(F)F)C(F)(F)F,CCCCCCCCn1cc[n+](C)c1.O=S(=O)(NS(=O)(=O)C(F)(F)F)C(F)(F)F,exclude,1,0,False,neutral_component_or_incorrect_ion_role
co2,non_test,831,CCCCCCCCn1cc[n+](C)c1,O=S(=O)(NS(=O)(=O)C(F)(F)F)C(F)(F)F,CCCCCCCCn1cc[n+](C)c1.O=S(=O)(NS(=O)(=O)C(F)(F)F)C(F)(F)F,exclude,1,0,False,neutral_component_or_incorrect_ion_role
co2,non_test,832,CCCCCCCCn1cc[n+](C)c1,O=S(=O)(NS(=O)(=O)C(F)(F)F)C(F)(F)F,CCCCCCCCn1cc[n+](C)c1.O=S(=O)(NS(=O)(=O)C(F)(F)F)C(F)(F)F,exclude,1,0,False,neutral_component_or_incorrect_ion_role
co2,non_test,833,CCCCCCCCn1cc[n+](C)c1,O=S(=O)(NS(=O)(=O)C(F)(F)F)C(F)(F)F,CCCCCCCCn1cc[n+](C)c1.O=S(=O)(NS(=O)(=O)C(F)(F)F)C(F)(F)F,exclude,1,0,False,neutral_component_or_incorrect_ion_role
co2,non_test,835,CCCCCCCCn1cc[n+](C)c1,O=S(=O)(NS(=O)(=O)C(F)(F)F)C(F)(F)F,CCCCCCCCn1cc[n+](C)c1.O=S(=O)(NS(=O)(=O)C(F)(F)F)C(F)(F)F,exclude,1,0,False,neutral_component_or_incorrect_ion_role
co2,non_test,836,CCCCCCCCn1cc[n+](C)c1,O=S(=O)(NS(=O)(=O)C(F)(F)F)C(F)(F)F,CCCCCCCCn1cc[n+](C)c1.O=S(=O)(NS(=O)(=O)C(F)(F)F)C(F)(F)F,exclude,1,0,False,neutral_component_or_incorrect_ion_role
co2,non_test,837,CCCCCCCCn1cc[n+](C)c1,O=S(=O)(NS(=O)(=O)C(F)(F)F)C(F)(F)F,CCCCCCCCn1cc[n+](C)c1.O=S(=O)(NS(=O)(=O)C(F)(F)F)C(F)(F)F,exclude,1,0,False,neutral_component_or_incorrect_ion_role
co2,non_test,838,CCCCCCCCn1cc[n+](C)c1,O=S(=O)(NS(=O)(=O)C(F)(F)F)C(F)(F)F,CCCCCCCCn1cc[n+](C)c1.O=S(=O)(NS(=O)(=O)C(F)(F)F)C(F)(F)F,exclude,1,0,False,neutral_component_or_incorrect_ion_role
co2,non_test,839,CCCCCCCCn1cc[n+](C)c1,O=S(=O)(NS(=O)(=O)C(F)(F)F)C(F)(F)F,CCCCCCCCn1cc[n+](C)c1.O=S(=O)(NS(=O)(=O)C(F)(F)F)C(F)(F)F,exclude,1,0,False,neutral_component_or_incorrect_ion_role
co2,non_test,841,CCCCCCCCn1cc[n+](C)c1,O=S(=O)(NS(=O)(=O)C(F)(F)F)C(F)(F)F,CCCCCCCCn1cc[n+](C)c1.O=S(=O)(NS(=O)(=O)C(F)(F)F)C(F)(F)F,exclude,1,0,False,neutral_component_or_incorrect_ion_role
co2,non_test,843,CCCCCCCCn1cc[n+](C)c1,O=S(=O)(NS(=O)(=O)C(F)(F)F)C(F)(F)F,CCCCCCCCn1cc[n+](C)c1.O=S(=O)(NS(=O)(=O)C(F)(F)F)C(F)(F)F,exclude,1,0,False,neutral_component_or_incorrect_ion_role
co2,non_test,845,CCCCCCCCn1cc[n+](C)c1,O=S(=O)(NS(=O)(=O)C(F)(F)F)C(F)(F)F,CCCCCCCCn1cc[n+](C)c1.O=S(=O)(NS(=O)(=O)C(F)(F)F)C(F)(F)F,exclude,1,0,False,neutral_component_or_incorrect_ion_role
co2,non_test,847,CCCCCCCCn1cc[n+](C)c1,O=S(=O)(NS(=O)(=O)C(F)(F)F)C(F)(F)F,CCCCCCCCn1cc[n+](C)c1.O=S(=O)(NS(=O)(=O)C(F)(F)F)C(F)(F)F,exclude,1,0,False,neutral_component_or_incorrect_ion_role
co2,non_test,850,CCCCCCCCn1cc[n+](C)c1,O=S(=O)(NS(=O)(=O)C(F)(F)F)C(F)(F)F,CCCCCCCCn1cc[n+](C)c1.O=S(=O)(NS(=O)(=O)C(F)(F)F)C(F)(F)F,exclude,1,0,False,neutral_component_or_incorrect_ion_role
co2,non_test,851,CCCCCCCCn1cc[n+](C)c1,O=S(=O)(NS(=O)(=O)C(F)(F)F)C(F)(F)F,CCCCCCCCn1cc[n+](C)c1.O=S(=O)(NS(=O)(=O)C(F)(F)F)C(F)(F)F,exclude,1,0,False,neutral_component_or_incorrect_ion_role
co2,non_test,852,CCCCCCCCn1cc[n+](C)c1,O=S(=O)(NS(=O)(=O)C(F)(F)F)C(F)(F)F,CCCCCCCCn1cc[n+](C)c1.O=S(=O)(NS(=O)(=O)C(F)(F)F)C(F)(F)F,exclude,1,0,False,neutral_component_or_incorrect_ion_role
co2,non_test,853,CCCCCCCCn1cc[n+](C)c1,O=S(=O)(NS(=O)(=O)C(F)(F)F)C(F)(F)F,CCCCCCCCn1cc[n+](C)c1.O=S(=O)(NS(=O)(=O)C(F)(F)F)C(F)(F)F,exclude,1,0,False,neutral_component_or_incorrect_ion_role
co2,non_test,854,CCCCCCCCn1cc[n+](C)c1,O=S(=O)(NS(=O)(=O)C(F)(F)F)C(F)(F)F,CCCCCCCCn1cc[n+](C)c1.O=S(=O)(NS(=O)(=O)C(F)(F)F)C(F)(F)F,exclude,1,0,False,neutral_component_or_incorrect_ion_role
co2,non_test,855,CCCCCCCCn1cc[n+](C)c1,O=S(=O)(NS(=O)(=O)C(F)(F)F)C(F)(F)F,CCCCCCCCn1cc[n+](C)c1.O=S(=O)(NS(=O)(=O)C(F)(F)F)C(F)(F)F,exclude,1,0,False,neutral_component_or_incorrect_ion_role
co2,non_test,856,CCCCCCCCn1cc[n+](C)c1,O=S(=O)(NS(=O)(=O)C(F)(F)F)C(F)(F)F,CCCCCCCCn1cc[n+](C)c1.O=S(=O)(NS(=O)(=O)C(F)(F)F)C(F)(F)F,exclude,1,0,False,neutral_component_or_incorrect_ion_role
co2,non_test,857,CCCCCCCCn1cc[n+](C)c1,O=S(=O)(NS(=O)(=O)C(F)(F)F)C(F)(F)F,CCCCCCCCn1cc[n+](C)c1.O=S(=O)(NS(=O)(=O)C(F)(F)F)C(F)(F)F,exclude,1,0,False,neutral_component_or_incorrect_ion_role
co2,non_test,858,CCCCCCCCn1cc[n+](C)c1,O=S(=O)(NS(=O)(=O)C(F)(F)F)C(F)(F)F,CCCCCCCCn1cc[n+](C)c1.O=S(=O)(NS(=O)(=O)C(F)(F)F)C(F)(F)F,exclude,1,0,False,neutral_component_or_incorrect_ion_role
co2,non_test,859,CCCCCCCCn1cc[n+](C)c1,O=S(=O)(NS(=O)(=O)C(F)(F)F)C(F)(F)F,CCCCCCCCn1cc[n+](C)c1.O=S(=O)(NS(=O)(=O)C(F)(F)F)C(F)(F)F,exclude,1,0,False,neutral_component_or_incorrect_ion_role
co2,non_test,860,CCCCCCCCn1cc[n+](C)c1,O=S(=O)(NS(=O)(=O)C(F)(F)F)C(F)(F)F,CCCCCCCCn1cc[n+](C)c1.O=S(=O)(NS(=O)(=O)C(F)(F)F)C(F)(F)F,exclude,1,0,False,neutral_component_or_incorrect_ion_role
co2,non_test,902,CCCCCCCCn1cc[n+](C)c1,O=S(=O)(NS(=O)(=O)C(F)(F)F)C(F)(F)F,CCCCCCCCn1cc[n+](C)c1.O=S(=O)(NS(=O)(=O)C(F)(F)F)C(F)(F)F,exclude,1,0,False,neutral_component_or_incorrect_ion_role
co2,non_test,911,CCCCCCCCn1cc[n+](C)c1,O=S(=O)(NS(=O)(=O)C(F)(F)F)C(F)(F)F,CCCCCCCCn1cc[n+](C)c1.O=S(=O)(NS(=O)(=O)C(F)(F)F)C(F)(F)F,exclude,1,0,False,neutral_component_or_incorrect_ion_role
co2,non_test,912,CCCCCCCCn1cc[n+](C)c1,O=S(=O)(NS(=O)(=O)C(F)(F)F)C(F)(F)F,CCCCCCCCn1cc[n+](C)c1.O=S(=O)(NS(=O)(=O)C(F)(F)F)C(F)(F)F,exclude,1,0,False,neutral_component_or_incorrect_ion_role
co2,non_test,913,CCCCCCCCn1cc[n+](C)c1,O=S(=O)(NS(=O)(=O)C(F)(F)F)C(F)(F)F,CCCCCCCCn1cc[n+](C)c1.O=S(=O)(NS(=O)(=O)C(F)(F)F)C(F)(F)F,exclude,1,0,False,neutral_component_or_incorrect_ion_role
co2,non_test,914,CCCCCCCCn1cc[n+](C)c1,O=S(=O)(NS(=O)(=O)C(F)(F)F)C(F)(F)F,CCCCCCCCn1cc[n+](C)c1.O=S(=O)(NS(=O)(=O)C(F)(F)F)C(F)(F)F,exclude,1,0,False,neutral_component_or_incorrect_ion_role
co2,non_test,915,CCCCCCCCn1cc[n+](C)c1,O=S(=O)(NS(=O)(=O)C(F)(F)F)C(F)(F)F,CCCCCCCCn1cc[n+](C)c1.O=S(=O)(NS(=O)(=O)C(F)(F)F)C(F)(F)F,exclude,1,0,False,neutral_component_or_incorrect_ion_role
co2,non_test,1326,CCCCCCCCn1cc[n+](C)c1,O=S(=O)(NS(=O)(=O)C(F)(F)F)C(F)(F)F,CCCCCCCCn1cc[n+](C)c1.O=S(=O)(NS(=O)(=O)C(F)(F)F)C(F)(F)F,exclude,1,0,False,neutral_component_or_incorrect_ion_role
co2,non_test,1375,CCCCCCCCn1cc[n+](C)c1,O=S(=O)(NS(=O)(=O)C(F)(F)F)C(F)(F)F,CCCCCCCCn1cc[n+](C)c1.O=S(=O)(NS(=O)(=O)C(F)(F)F)C(F)(F)F,exclude,1,0,False,neutral_component_or_incorrect_ion_role
co2,non_test,1446,CCCCCCCCn1cc[n+](C)c1,O=S(=O)(NS(=O)(=O)C(F)(F)F)C(F)(F)F,CCCCCCCCn1cc[n+](C)c1.O=S(=O)(NS(=O)(=O)C(F)(F)F)C(F)(F)F,exclude,1,0,False,neutral_component_or_incorrect_ion_role
co2,non_test,1588,CCCCCCCCn1cc[n+](C)c1,O=S(=O)(NS(=O)(=O)C(F)(F)F)C(F)(F)F,CCCCCCCCn1cc[n+](C)c1.O=S(=O)(NS(=O)(=O)C(F)(F)F)C(F)(F)F,exclude,1,0,False,neutral_component_or_incorrect_ion_role
co2,non_test,1782,CCCCCCCCn1cc[n+](C)c1,O=S(=O)(NS(=O)(=O)C(F)(F)F)C(F)(F)F,CCCCCCCCn1cc[n+](C)c1.O=S(=O)(NS(=O)(=O)C(F)(F)F)C(F)(F)F,exclude,1,0,False,neutral_component_or_incorrect_ion_role
co2,non_test,2326,CCCCCCCCn1cc[n+](C)c1,O=S(=O)(NS(=O)(=O)C(F)(F)F)C(F)(F)F,CCCCCCCCn1cc[n+](C)c1.O=S(=O)(NS(=O)(=O)C(F)(F)F)C(F)(F)F,exclude,1,0,False,neutral_component_or_incorrect_ion_role
co2,non_test,2340,CCCCCCCCn1cc[n+](C)c1,O=S(=O)(NS(=O)(=O)C(F)(F)F)C(F)(F)F,CCCCCCCCn1cc[n+](C)c1.O=S(=O)(NS(=O)(=O)C(F)(F)F)C(F)(F)F,exclude,1,0,False,neutral_component_or_incorrect_ion_role
co2,non_test,2359,CCCCCCCCn1cc[n+](C)c1,O=S(=O)(NS(=O)(=O)C(F)(F)F)C(F)(F)F,CCCCCCCCn1cc[n+](C)c1.O=S(=O)(NS(=O)(=O)C(F)(F)F)C(F)(F)F,exclude,1,0,False,neutral_component_or_incorrect_ion_role
co2,non_test,2385,CCCCCCCCn1cc[n+](C)c1,O=S(=O)(NS(=O)(=O)C(F)(F)F)C(F)(F)F,CCCCCCCCn1cc[n+](C)c1.O=S(=O)(NS(=O)(=O)C(F)(F)F)C(F)(F)F,exclude,1,0,False,neutral_component_or_incorrect_ion_role
co2,non_test,2386,CCCCCCCCn1cc[n+](C)c1,O=S(=O)(NS(=O)(=O)C(F)(F)F)C(F)(F)F,CCCCCCCCn1cc[n+](C)c1.O=S(=O)(NS(=O)(=O)C(F)(F)F)C(F)(F)F,exclude,1,0,False,neutral_component_or_incorrect_ion_role
co2,non_test,2394,CCCCCCCCn1cc[n+](C)c1,O=S(=O)(NS(=O)(=O)C(F)(F)F)C(F)(F)F,CCCCCCCCn1cc[n+](C)c1.O=S(=O)(NS(=O)(=O)C(F)(F)F)C(F)(F)F,exclude,1,0,False,neutral_component_or_incorrect_ion_role
co2,non_test,2410,CCCCCCCCn1cc[n+](C)c1,O=S(=O)(NS(=O)(=O)C(F)(F)F)C(F)(F)F,CCCCCCCCn1cc[n+](C)c1.O=S(=O)(NS(=O)(=O)C(F)(F)F)C(F)(F)F,exclude,1,0,False,neutral_component_or_incorrect_ion_role
co2,non_test,2412,CCCCCCCCn1cc[n+](C)c1,O=S(=O)(NS(=O)(=O)C(F)(F)F)C(F)(F)F,CCCCCCCCn1cc[n+](C)c1.O=S(=O)(NS(=O)(=O)C(F)(F)F)C(F)(F)F,exclude,1,0,False,neutral_component_or_incorrect_ion_role
co2,non_test,2413,CCCCCCCCn1cc[n+](C)c1,O=S(=O)(NS(=O)(=O)C(F)(F)F)C(F)(F)F,CCCCCCCCn1cc[n+](C)c1.O=S(=O)(NS(=O)(=O)C(F)(F)F)C(F)(F)F,exclude,1,0,False,neutral_component_or_incorrect_ion_role
co2,non_test,2414,CCCCCCCCn1cc[n+](C)c1,O=S(=O)(NS(=O)(=O)C(F)(F)F)C(F)(F)F,CCCCCCCCn1cc[n+](C)c1.O=S(=O)(NS(=O)(=O)C(F)(F)F)C(F)(F)F,exclude,1,0,False,neutral_component_or_incorrect_ion_role
co2,non_test,2415,CCCCCCCCn1cc[n+](C)c1,O=S(=O)(NS(=O)(=O)C(F)(F)F)C(F)(F)F,CCCCCCCCn1cc[n+](C)c1.O=S(=O)(NS(=O)(=O)C(F)(F)F)C(F)(F)F,exclude,1,0,False,neutral_component_or_incorrect_ion_role
co2,non_test,2416,CCCCCCCCn1cc[n+](C)c1,O=S(=O)(NS(=O)(=O)C(F)(F)F)C(F)(F)F,CCCCCCCCn1cc[n+](C)c1.O=S(=O)(NS(=O)(=O)C(F)(F)F)C(F)(F)F,exclude,1,0,False,neutral_component_or_incorrect_ion_role
co2,non_test,2430,CCCCCCCCn1cc[n+](C)c1,O=S(=O)(NS(=O)(=O)C(F)(F)F)C(F)(F)F,CCCCCCCCn1cc[n+](C)c1.O=S(=O)(NS(=O)(=O)C(F)(F)F)C(F)(F)F,exclude,1,0,False,neutral_component_or_incorrect_ion_role
co2,non_test,2433,CCCCCCCCn1cc[n+](C)c1,O=S(=O)(NS(=O)(=O)C(F)(F)F)C(F)(F)F,CCCCCCCCn1cc[n+](C)c1.O=S(=O)(NS(=O)(=O)C(F)(F)F)C(F)(F)F,exclude,1,0,False,neutral_component_or_incorrect_ion_role
co2,non_test,2435,CCCCCCCCn1cc[n+](C)c1,O=S(=O)(NS(=O)(=O)C(F)(F)F)C(F)(F)F,CCCCCCCCn1cc[n+](C)c1.O=S(=O)(NS(=O)(=O)C(F)(F)F)C(F)(F)F,exclude,1,0,False,neutral_component_or_incorrect_ion_role
co2,non_test,2704,CCCCCCCCn1cc[n+](C)c1,O=S(=O)(NS(=O)(=O)C(F)(F)F)C(F)(F)F,CCCCCCCCn1cc[n+](C)c1.O=S(=O)(NS(=O)(=O)C(F)(F)F)C(F)(F)F,exclude,1,0,False,neutral_component_or_incorrect_ion_role
co2,non_test,2747,CCCCCCCCn1cc[n+](C)c1,O=S(=O)(NS(=O)(=O)C(F)(F)F)C(F)(F)F,CCCCCCCCn1cc[n+](C)c1.O=S(=O)(NS(=O)(=O)C(F)(F)F)C(F)(F)F,exclude,1,0,False,neutral_component_or_incorrect_ion_role
co2,non_test,2788,CCCCCCCCn1cc[n+](C)c1,O=S(=O)(NS(=O)(=O)C(F)(F)F)C(F)(F)F,CCCCCCCCn1cc[n+](C)c1.O=S(=O)(NS(=O)(=O)C(F)(F)F)C(F)(F)F,exclude,1,0,False,neutral_component_or_incorrect_ion_role
co2,non_test,2835,CCCCCCCCn1cc[n+](C)c1,O=S(=O)(NS(=O)(=O)C(F)(F)F)C(F)(F)F,CCCCCCCCn1cc[n+](C)c1.O=S(=O)(NS(=O)(=O)C(F)(F)F)C(F)(F)F,exclude,1,0,False,neutral_component_or_incorrect_ion_role
co2,non_test,2894,CCCCCCCCn1cc[n+](C)c1,O=S(=O)(NS(=O)(=O)C(F)(F)F)C(F)(F)F,CCCCCCCCn1cc[n+](C)c1.O=S(=O)(NS(=O)(=O)C(F)(F)F)C(F)(F)F,exclude,1,0,False,neutral_component_or_incorrect_ion_role
co2,non_test,2936,CCCCCCCCn1cc[n+](C)c1,O=S(=O)(NS(=O)(=O)C(F)(F)F)C(F)(F)F,CCCCCCCCn1cc[n+](C)c1.O=S(=O)(NS(=O)(=O)C(F)(F)F)C(F)(F)F,exclude,1,0,False,neutral_component_or_incorrect_ion_role
co2,non_test,2976,CCCCCCCCn1cc[n+](C)c1,O=S(=O)(NS(=O)(=O)C(F)(F)F)C(F)(F)F,CCCCCCCCn1cc[n+](C)c1.O=S(=O)(NS(=O)(=O)C(F)(F)F)C(F)(F)F,exclude,1,0,False,neutral_component_or_incorrect_ion_role
co2,non_test,3352,CCCCCCCCn1cc[n+](C)c1,O=S(=O)(NS(=O)(=O)C(F)(F)F)C(F)(F)F,CCCCCCCCn1cc[n+](C)c1.O=S(=O)(NS(=O)(=O)C(F)(F)F)C(F)(F)F,exclude,1,0,False,neutral_component_or_incorrect_ion_role
co2,non_test,3353,CCCCCCCCn1cc[n+](C)c1,O=S(=O)(NS(=O)(=O)C(F)(F)F)C(F)(F)F,CCCCCCCCn1cc[n+](C)c1.O=S(=O)(NS(=O)(=O)C(F)(F)F)C(F)(F)F,exclude,1,0,False,neutral_component_or_incorrect_ion_role
co2,non_test,3357,CCCCCCCCn1cc[n+](C)c1,O=S(=O)(NS(=O)(=O)C(F)(F)F)C(F)(F)F,CCCCCCCCn1cc[n+](C)c1.O=S(=O)(NS(=O)(=O)C(F)(F)F)C(F)(F)F,exclude,1,0,False,neutral_component_or_incorrect_ion_role
co2,non_test,3362,CCCCCCCCn1cc[n+](C)c1,O=S(=O)(NS(=O)(=O)C(F)(F)F)C(F)(F)F,CCCCCCCCn1cc[n+](C)c1.O=S(=O)(NS(=O)(=O)C(F)(F)F)C(F)(F)F,exclude,1,0,False,neutral_component_or_incorrect_ion_role
co2,non_test,3367,CCCCCCCCn1cc[n+](C)c1,O=S(=O)(NS(=O)(=O)C(F)(F)F)C(F)(F)F,CCCCCCCCn1cc[n+](C)c1.O=S(=O)(NS(=O)(=O)C(F)(F)F)C(F)(F)F,exclude,1,0,False,neutral_component_or_incorrect_ion_role
co2,non_test,3371,CCCCCCCCn1cc[n+](C)c1,O=S(=O)(NS(=O)(=O)C(F)(F)F)C(F)(F)F,CCCCCCCCn1cc[n+](C)c1.O=S(=O)(NS(=O)(=O)C(F)(F)F)C(F)(F)F,exclude,1,0,False,neutral_component_or_incorrect_ion_role
co2,non_test,3378,CCCCCCCCn1cc[n+](C)c1,O=S(=O)(NS(=O)(=O)C(F)(F)F)C(F)(F)F,CCCCCCCCn1cc[n+](C)c1.O=S(=O)(NS(=O)(=O)C(F)(F)F)C(F)(F)F,exclude,1,0,False,neutral_component_or_incorrect_ion_role
co2,non_test,3382,CCCCCCCCn1cc[n+](C)c1,O=S(=O)(NS(=O)(=O)C(F)(F)F)C(F)(F)F,CCCCCCCCn1cc[n+](C)c1.O=S(=O)(NS(=O)(=O)C(F)(F)F)C(F)(F)F,exclude,1,0,False,neutral_component_or_incorrect_ion_role
co2,non_test,3393,CCCCCCCCn1cc[n+](C)c1,O=S(=O)(NS(=O)(=O)C(F)(F)F)C(F)(F)F,CCCCCCCCn1cc[n+](C)c1.O=S(=O)(NS(=O)(=O)C(F)(F)F)C(F)(F)F,exclude,1,0,False,neutral_component_or_incorrect_ion_role
co2,non_test,3410,CCCCCCCCn1cc[n+](C)c1,O=S(=O)(NS(=O)(=O)C(F)(F)F)C(F)(F)F,CCCCCCCCn1cc[n+](C)c1.O=S(=O)(NS(=O)(=O)C(F)(F)F)C(F)(F)F,exclude,1,0,False,neutral_component_or_incorrect_ion_role
co2,non_test,3417,CCCCCCCCn1cc[n+](C)c1,O=S(=O)(NS(=O)(=O)C(F)(F)F)C(F)(F)F,CCCCCCCCn1cc[n+](C)c1.O=S(=O)(NS(=O)(=O)C(F)(F)F)C(F)(F)F,exclude,1,0,False,neutral_component_or_incorrect_ion_role
co2,non_test,3426,CCCCCCCCn1cc[n+](C)c1,O=S(=O)(NS(=O)(=O)C(F)(F)F)C(F)(F)F,CCCCCCCCn1cc[n+](C)c1.O=S(=O)(NS(=O)(=O)C(F)(F)F)C(F)(F)F,exclude,1,0,False,neutral_component_or_incorrect_ion_role
co2,non_test,3435,CCCCCCCCn1cc[n+](C)c1,O=S(=O)(NS(=O)(=O)C(F)(F)F)C(F)(F)F,CCCCCCCCn1cc[n+](C)c1.O=S(=O)(NS(=O)(=O)C(F)(F)F)C(F)(F)F,exclude,1,0,False,neutral_component_or_incorrect_ion_role
co2,non_test,3440,CCCCCCCCn1cc[n+](C)c1,O=S(=O)(NS(=O)(=O)C(F)(F)F)C(F)(F)F,CCCCCCCCn1cc[n+](C)c1.O=S(=O)(NS(=O)(=O)C(F)(F)F)C(F)(F)F,exclude,1,0,False,neutral_component_or_incorrect_ion_role
co2,non_test,3448,CCCCCCCCn1cc[n+](C)c1,O=S(=O)(NS(=O)(=O)C(F)(F)F)C(F)(F)F,CCCCCCCCn1cc[n+](C)c1.O=S(=O)(NS(=O)(=O)C(F)(F)F)C(F)(F)F,exclude,1,0,False,neutral_component_or_incorrect_ion_role
co2,non_test,3456,CCCCCCCCn1cc[n+](C)c1,O=S(=O)(NS(=O)(=O)C(F)(F)F)C(F)(F)F,CCCCCCCCn1cc[n+](C)c1.O=S(=O)(NS(=O)(=O)C(F)(F)F)C(F)(F)F,exclude,1,0,False,neutral_component_or_incorrect_ion_role
co2,non_test,3568,CCCCCCCCn1cc[n+](C)c1,O=S(=O)(NS(=O)(=O)C(F)(F)F)C(F)(F)F,CCCCCCCCn1cc[n+](C)c1.O=S(=O)(NS(=O)(=O)C(F)(F)F)C(F)(F)F,exclude,1,0,False,neutral_component_or_incorrect_ion_role
co2,non_test,3572,CCCCCCCCn1cc[n+](C)c1,O=S(=O)(NS(=O)(=O)C(F)(F)F)C(F)(F)F,CCCCCCCCn1cc[n+](C)c1.O=S(=O)(NS(=O)(=O)C(F)(F)F)C(F)(F)F,exclude,1,0,False,neutral_component_or_incorrect_ion_role
co2,non_test,3576,CCCCCCCCn1cc[n+](C)c1,O=S(=O)(NS(=O)(=O)C(F)(F)F)C(F)(F)F,CCCCCCCCn1cc[n+](C)c1.O=S(=O)(NS(=O)(=O)C(F)(F)F)C(F)(F)F,exclude,1,0,False,neutral_component_or_incorrect_ion_role
co2,non_test,3579,CCCCCCCCn1cc[n+](C)c1,O=S(=O)(NS(=O)(=O)C(F)(F)F)C(F)(F)F,CCCCCCCCn1cc[n+](C)c1.O=S(=O)(NS(=O)(=O)C(F)(F)F)C(F)(F)F,exclude,1,0,False,neutral_component_or_incorrect_ion_role
co2,non_test,3581,CCCCCCCCn1cc[n+](C)c1,O=S(=O)(NS(=O)(=O)C(F)(F)F)C(F)(F)F,CCCCCCCCn1cc[n+](C)c1.O=S(=O)(NS(=O)(=O)C(F)(F)F)C(F)(F)F,exclude,1,0,False,neutral_component_or_incorrect_ion_role
co2,non_test,3604,CCCCCCCCn1cc[n+](C)c1,O=S(=O)(NS(=O)(=O)C(F)(F)F)C(F)(F)F,CCCCCCCCn1cc[n+](C)c1.O=S(=O)(NS(=O)(=O)C(F)(F)F)C(F)(F)F,exclude,1,0,False,neutral_component_or_incorrect_ion_role
co2,non_test,3617,CCCCCCCCn1cc[n+](C)c1,O=S(=O)(NS(=O)(=O)C(F)(F)F)C(F)(F)F,CCCCCCCCn1cc[n+](C)c1.O=S(=O)(NS(=O)(=O)C(F)(F)F)C(F)(F)F,exclude,1,0,False,neutral_component_or_incorrect_ion_role
co2,non_test,3636,CCCCCCCCn1cc[n+](C)c1,O=S(=O)(NS(=O)(=O)C(F)(F)F)C(F)(F)F,CCCCCCCCn1cc[n+](C)c1.O=S(=O)(NS(=O)(=O)C(F)(F)F)C(F)(F)F,exclude,1,0,False,neutral_component_or_incorrect_ion_role
co2,non_test,3668,CCCCCCCCn1cc[n+](C)c1,O=S(=O)(NS(=O)(=O)C(F)(F)F)C(F)(F)F,CCCCCCCCn1cc[n+](C)c1.O=S(=O)(NS(=O)(=O)C(F)(F)F)C(F)(F)F,exclude,1,0,False,neutral_component_or_incorrect_ion_role
co2,non_test,3746,CCCCCCCCn1cc[n+](C)c1,O=S(=O)(NS(=O)(=O)C(F)(F)F)C(F)(F)F,CCCCCCCCn1cc[n+](C)c1.O=S(=O)(NS(=O)(=O)C(F)(F)F)C(F)(F)F,exclude,1,0,False,neutral_component_or_incorrect_ion_role
co2,non_test,4541,CCCCCCCCn1cc[n+](C)c1,O=S(=O)(NS(=O)(=O)C(F)(F)F)C(F)(F)F,CCCCCCCCn1cc[n+](C)c1.O=S(=O)(NS(=O)(=O)C(F)(F)F)C(F)(F)F,exclude,1,0,False,neutral_component_or_incorrect_ion_role
co2,non_test,4632,CCCCCCCCn1cc[n+](C)c1,O=S(=O)(NS(=O)(=O)C(F)(F)F)C(F)(F)F,CCCCCCCCn1cc[n+](C)c1.O=S(=O)(NS(=O)(=O)C(F)(F)F)C(F)(F)F,exclude,1,0,False,neutral_component_or_incorrect_ion_role
co2,non_test,4735,CCCCCCCCn1cc[n+](C)c1,O=S(=O)(NS(=O)(=O)C(F)(F)F)C(F)(F)F,CCCCCCCCn1cc[n+](C)c1.O=S(=O)(NS(=O)(=O)C(F)(F)F)C(F)(F)F,exclude,1,0,False,neutral_component_or_incorrect_ion_role
co2,non_test,4856,CCCCCCCCn1cc[n+](C)c1,O=S(=O)(NS(=O)(=O)C(F)(F)F)C(F)(F)F,CCCCCCCCn1cc[n+](C)c1.O=S(=O)(NS(=O)(=O)C(F)(F)F)C(F)(F)F,exclude,1,0,False,neutral_component_or_incorrect_ion_role
co2,non_test,4952,CCCCCCCCn1cc[n+](C)c1,O=S(=O)(NS(=O)(=O)C(F)(F)F)C(F)(F)F,CCCCCCCCn1cc[n+](C)c1.O=S(=O)(NS(=O)(=O)C(F)(F)F)C(F)(F)F,exclude,1,0,False,neutral_component_or_incorrect_ion_role
co2,non_test,5026,CCCCCCCCn1cc[n+](C)c1,O=S(=O)(NS(=O)(=O)C(F)(F)F)C(F)(F)F,CCCCCCCCn1cc[n+](C)c1.O=S(=O)(NS(=O)(=O)C(F)(F)F)C(F)(F)F,exclude,1,0,False,neutral_component_or_incorrect_ion_role
co2,non_test,5097,CCCCCCCCn1cc[n+](C)c1,O=S(=O)(NS(=O)(=O)C(F)(F)F)C(F)(F)F,CCCCCCCCn1cc[n+](C)c1.O=S(=O)(NS(=O)(=O)C(F)(F)F)C(F)(F)F,exclude,1,0,False,neutral_component_or_incorrect_ion_role
co2,non_test,5255,CCCCCCCCn1cc[n+](C)c1,O=S(=O)(NS(=O)(=O)C(F)(F)F)C(F)(F)F,CCCCCCCCn1cc[n+](C)c1.O=S(=O)(NS(=O)(=O)C(F)(F)F)C(F)(F)F,exclude,1,0,False,neutral_component_or_incorrect_ion_role
co2,non_test,5273,CCCCCCCCn1cc[n+](C)c1,O=S(=O)(NS(=O)(=O)C(F)(F)F)C(F)(F)F,CCCCCCCCn1cc[n+](C)c1.O=S(=O)(NS(=O)(=O)C(F)(F)F)C(F)(F)F,exclude,1,0,False,neutral_component_or_incorrect_ion_role
co2,non_test,5277,CCCCCCCCn1cc[n+](C)c1,O=S(=O)(NS(=O)(=O)C(F)(F)F)C(F)(F)F,CCCCCCCCn1cc[n+](C)c1.O=S(=O)(NS(=O)(=O)C(F)(F)F)C(F)(F)F,exclude,1,0,False,neutral_component_or_incorrect_ion_role
co2,non_test,5291,CCCCCCCCn1cc[n+](C)c1,O=S(=O)(NS(=O)(=O)C(F)(F)F)C(F)(F)F,CCCCCCCCn1cc[n+](C)c1.O=S(=O)(NS(=O)(=O)C(F)(F)F)C(F)(F)F,exclude,1,0,False,neutral_component_or_incorrect_ion_role
co2,non_test,5295,CCCCCCCCn1cc[n+](C)c1,O=S(=O)(NS(=O)(=O)C(F)(F)F)C(F)(F)F,CCCCCCCCn1cc[n+](C)c1.O=S(=O)(NS(=O)(=O)C(F)(F)F)C(F)(F)F,exclude,1,0,False,neutral_component_or_incorrect_ion_role
co2,non_test,5318,CCCCCCCCn1cc[n+](C)c1,O=S(=O)(NS(=O)(=O)C(F)(F)F)C(F)(F)F,CCCCCCCCn1cc[n+](C)c1.O=S(=O)(NS(=O)(=O)C(F)(F)F)C(F)(F)F,exclude,1,0,False,neutral_component_or_incorrect_ion_role
co2,non_test,5321,CCCCCCCCn1cc[n+](C)c1,O=S(=O)(NS(=O)(=O)C(F)(F)F)C(F)(F)F,CCCCCCCCn1cc[n+](C)c1.O=S(=O)(NS(=O)(=O)C(F)(F)F)C(F)(F)F,exclude,1,0,False,neutral_component_or_incorrect_ion_role
co2,non_test,5345,CCCCCCCCn1cc[n+](C)c1,O=S(=O)(NS(=O)(=O)C(F)(F)F)C(F)(F)F,CCCCCCCCn1cc[n+](C)c1.O=S(=O)(NS(=O)(=O)C(F)(F)F)C(F)(F)F,exclude,1,0,False,neutral_component_or_incorrect_ion_role
co2,non_test,5359,CCCCCCCCn1cc[n+](C)c1,O=S(=O)(NS(=O)(=O)C(F)(F)F)C(F)(F)F,CCCCCCCCn1cc[n+](C)c1.O=S(=O)(NS(=O)(=O)C(F)(F)F)C(F)(F)F,exclude,1,0,False,neutral_component_or_incorrect_ion_role
co2,non_test,5397,CCCCCCCCn1cc[n+](C)c1,O=S(=O)(NS(=O)(=O)C(F)(F)F)C(F)(F)F,CCCCCCCCn1cc[n+](C)c1.O=S(=O)(NS(=O)(=O)C(F)(F)F)C(F)(F)F,exclude,1,0,False,neutral_component_or_incorrect_ion_role
co2,non_test,5412,CCCCCCCCn1cc[n+](C)c1,O=S(=O)(NS(=O)(=O)C(F)(F)F)C(F)(F)F,CCCCCCCCn1cc[n+](C)c1.O=S(=O)(NS(=O)(=O)C(F)(F)F)C(F)(F)F,exclude,1,0,False,neutral_component_or_incorrect_ion_role
co2,non_test,5829,CCCCCCCCn1cc[n+](C)c1,O=S(=O)(NS(=O)(=O)C(F)(F)F)C(F)(F)F,CCCCCCCCn1cc[n+](C)c1.O=S(=O)(NS(=O)(=O)C(F)(F)F)C(F)(F)F,exclude,1,0,False,neutral_component_or_incorrect_ion_role
co2,non_test,5830,CCCCCCCCn1cc[n+](C)c1,O=S(=O)(NS(=O)(=O)C(F)(F)F)C(F)(F)F,CCCCCCCCn1cc[n+](C)c1.O=S(=O)(NS(=O)(=O)C(F)(F)F)C(F)(F)F,exclude,1,0,False,neutral_component_or_incorrect_ion_role
co2,non_test,5834,CCCCCCCCn1cc[n+](C)c1,O=S(=O)(NS(=O)(=O)C(F)(F)F)C(F)(F)F,CCCCCCCCn1cc[n+](C)c1.O=S(=O)(NS(=O)(=O)C(F)(F)F)C(F)(F)F,exclude,1,0,False,neutral_component_or_incorrect_ion_role
co2,non_test,5839,CCCCCCCCn1cc[n+](C)c1,O=S(=O)(NS(=O)(=O)C(F)(F)F)C(F)(F)F,CCCCCCCCn1cc[n+](C)c1.O=S(=O)(NS(=O)(=O)C(F)(F)F)C(F)(F)F,exclude,1,0,False,neutral_component_or_incorrect_ion_role
co2,non_test,5843,CCCCCCCCn1cc[n+](C)c1,O=S(=O)(NS(=O)(=O)C(F)(F)F)C(F)(F)F,CCCCCCCCn1cc[n+](C)c1.O=S(=O)(NS(=O)(=O)C(F)(F)F)C(F)(F)F,exclude,1,0,False,neutral_component_or_incorrect_ion_role
co2,non_test,5847,CCCCCCCCn1cc[n+](C)c1,O=S(=O)(NS(=O)(=O)C(F)(F)F)C(F)(F)F,CCCCCCCCn1cc[n+](C)c1.O=S(=O)(NS(=O)(=O)C(F)(F)F)C(F)(F)F,exclude,1,0,False,neutral_component_or_incorrect_ion_role
co2,non_test,5855,CCCCCCCCn1cc[n+](C)c1,O=S(=O)(NS(=O)(=O)C(F)(F)F)C(F)(F)F,CCCCCCCCn1cc[n+](C)c1.O=S(=O)(NS(=O)(=O)C(F)(F)F)C(F)(F)F,exclude,1,0,False,neutral_component_or_incorrect_ion_role
co2,non_test,5859,CCCCCCCCn1cc[n+](C)c1,O=S(=O)(NS(=O)(=O)C(F)(F)F)C(F)(F)F,CCCCCCCCn1cc[n+](C)c1.O=S(=O)(NS(=O)(=O)C(F)(F)F)C(F)(F)F,exclude,1,0,False,neutral_component_or_incorrect_ion_role
co2,non_test,5870,CCCCCCCCn1cc[n+](C)c1,O=S(=O)(NS(=O)(=O)C(F)(F)F)C(F)(F)F,CCCCCCCCn1cc[n+](C)c1.O=S(=O)(NS(=O)(=O)C(F)(F)F)C(F)(F)F,exclude,1,0,False,neutral_component_or_incorrect_ion_role
co2,non_test,5886,CCCCCCCCn1cc[n+](C)c1,O=S(=O)(NS(=O)(=O)C(F)(F)F)C(F)(F)F,CCCCCCCCn1cc[n+](C)c1.O=S(=O)(NS(=O)(=O)C(F)(F)F)C(F)(F)F,exclude,1,0,False,neutral_component_or_incorrect_ion_role
co2,non_test,5894,CCCCCCCCn1cc[n+](C)c1,O=S(=O)(NS(=O)(=O)C(F)(F)F)C(F)(F)F,CCCCCCCCn1cc[n+](C)c1.O=S(=O)(NS(=O)(=O)C(F)(F)F)C(F)(F)F,exclude,1,0,False,neutral_component_or_incorrect_ion_role
co2,non_test,5902,CCCCCCCCn1cc[n+](C)c1,O=S(=O)(NS(=O)(=O)C(F)(F)F)C(F)(F)F,CCCCCCCCn1cc[n+](C)c1.O=S(=O)(NS(=O)(=O)C(F)(F)F)C(F)(F)F,exclude,1,0,False,neutral_component_or_incorrect_ion_role
co2,non_test,5910,CCCCCCCCn1cc[n+](C)c1,O=S(=O)(NS(=O)(=O)C(F)(F)F)C(F)(F)F,CCCCCCCCn1cc[n+](C)c1.O=S(=O)(NS(=O)(=O)C(F)(F)F)C(F)(F)F,exclude,1,0,False,neutral_component_or_incorrect_ion_role
co2,non_test,5916,CCCCCCCCn1cc[n+](C)c1,O=S(=O)(NS(=O)(=O)C(F)(F)F)C(F)(F)F,CCCCCCCCn1cc[n+](C)c1.O=S(=O)(NS(=O)(=O)C(F)(F)F)C(F)(F)F,exclude,1,0,False,neutral_component_or_incorrect_ion_role
co2,non_test,5925,CCCCCCCCn1cc[n+](C)c1,O=S(=O)(NS(=O)(=O)C(F)(F)F)C(F)(F)F,CCCCCCCCn1cc[n+](C)c1.O=S(=O)(NS(=O)(=O)C(F)(F)F)C(F)(F)F,exclude,1,0,False,neutral_component_or_incorrect_ion_role
co2,non_test,5933,CCCCCCCCn1cc[n+](C)c1,O=S(=O)(NS(=O)(=O)C(F)(F)F)C(F)(F)F,CCCCCCCCn1cc[n+](C)c1.O=S(=O)(NS(=O)(=O)C(F)(F)F)C(F)(F)F,exclude,1,0,False,neutral_component_or_incorrect_ion_role
co2,non_test,6647,CCCCCCCCn1cc[n+](C)c1,O=S(=O)(NS(=O)(=O)C(F)(F)F)C(F)(F)F,CCCCCCCCn1cc[n+](C)c1.O=S(=O)(NS(=O)(=O)C(F)(F)F)C(F)(F)F,exclude,1,0,False,neutral_component_or_incorrect_ion_role
co2,non_test,6652,CCCCCCCCn1cc[n+](C)c1,O=S(=O)(NS(=O)(=O)C(F)(F)F)C(F)(F)F,CCCCCCCCn1cc[n+](C)c1.O=S(=O)(NS(=O)(=O)C(F)(F)F)C(F)(F)F,exclude,1,0,False,neutral_component_or_incorrect_ion_role
co2,non_test,6661,CCCCCCCCn1cc[n+](C)c1,O=S(=O)(NS(=O)(=O)C(F)(F)F)C(F)(F)F,CCCCCCCCn1cc[n+](C)c1.O=S(=O)(NS(=O)(=O)C(F)(F)F)C(F)(F)F,exclude,1,0,False,neutral_component_or_incorrect_ion_role
co2,non_test,6667,CCCCCCCCn1cc[n+](C)c1,O=S(=O)(NS(=O)(=O)C(F)(F)F)C(F)(F)F,CCCCCCCCn1cc[n+](C)c1.O=S(=O)(NS(=O)(=O)C(F)(F)F)C(F)(F)F,exclude,1,0,False,neutral_component_or_incorrect_ion_role
co2,non_test,6671,CCCCCCCCn1cc[n+](C)c1,O=S(=O)(NS(=O)(=O)C(F)(F)F)C(F)(F)F,CCCCCCCCn1cc[n+](C)c1.O=S(=O)(NS(=O)(=O)C(F)(F)F)C(F)(F)F,exclude,1,0,False,neutral_component_or_incorrect_ion_role
co2,non_test,6986,CCCCCCCCn1cc[n+](C)c1,O=S(=O)(NS(=O)(=O)C(F)(F)F)C(F)(F)F,CCCCCCCCn1cc[n+](C)c1.O=S(=O)(NS(=O)(=O)C(F)(F)F)C(F)(F)F,exclude,1,0,False,neutral_component_or_incorrect_ion_role
co2,non_test,7006,CCCCCCCCn1cc[n+](C)c1,O=S(=O)(NS(=O)(=O)C(F)(F)F)C(F)(F)F,CCCCCCCCn1cc[n+](C)c1.O=S(=O)(NS(=O)(=O)C(F)(F)F)C(F)(F)F,exclude,1,0,False,neutral_component_or_incorrect_ion_role
co2,non_test,7036,CCCCCCCCn1cc[n+](C)c1,O=S(=O)(NS(=O)(=O)C(F)(F)F)C(F)(F)F,CCCCCCCCn1cc[n+](C)c1.O=S(=O)(NS(=O)(=O)C(F)(F)F)C(F)(F)F,exclude,1,0,False,neutral_component_or_incorrect_ion_role
co2,non_test,7074,CCCCCCCCn1cc[n+](C)c1,O=S(=O)(NS(=O)(=O)C(F)(F)F)C(F)(F)F,CCCCCCCCn1cc[n+](C)c1.O=S(=O)(NS(=O)(=O)C(F)(F)F)C(F)(F)F,exclude,1,0,False,neutral_component_or_incorrect_ion_role
co2,non_test,7106,CCCCCCCCn1cc[n+](C)c1,O=S(=O)(NS(=O)(=O)C(F)(F)F)C(F)(F)F,CCCCCCCCn1cc[n+](C)c1.O=S(=O)(NS(=O)(=O)C(F)(F)F)C(F)(F)F,exclude,1,0,False,neutral_component_or_incorrect_ion_role
co2,non_test,7168,CCCCCCCCn1cc[n+](C)c1,O=S(=O)(NS(=O)(=O)C(F)(F)F)C(F)(F)F,CCCCCCCCn1cc[n+](C)c1.O=S(=O)(NS(=O)(=O)C(F)(F)F)C(F)(F)F,exclude,1,0,False,neutral_component_or_incorrect_ion_role
co2,non_test,7204,CCCCCCCCn1cc[n+](C)c1,O=S(=O)(NS(=O)(=O)C(F)(F)F)C(F)(F)F,CCCCCCCCn1cc[n+](C)c1.O=S(=O)(NS(=O)(=O)C(F)(F)F)C(F)(F)F,exclude,1,0,False,neutral_component_or_incorrect_ion_role
co2,non_test,7311,CCCCCCCCn1cc[n+](C)c1,O=S(=O)(NS(=O)(=O)C(F)(F)F)C(F)(F)F,CCCCCCCCn1cc[n+](C)c1.O=S(=O)(NS(=O)(=O)C(F)(F)F)C(F)(F)F,exclude,1,0,False,neutral_component_or_incorrect_ion_role
co2,non_test,7351,CCCCCCCCn1cc[n+](C)c1,O=S(=O)(NS(=O)(=O)C(F)(F)F)C(F)(F)F,CCCCCCCCn1cc[n+](C)c1.O=S(=O)(NS(=O)(=O)C(F)(F)F)C(F)(F)F,exclude,1,0,False,neutral_component_or_incorrect_ion_role
co2,non_test,7470,CCCCCCCCn1cc[n+](C)c1,O=S(=O)(NS(=O)(=O)C(F)(F)F)C(F)(F)F,CCCCCCCCn1cc[n+](C)c1.O=S(=O)(NS(=O)(=O)C(F)(F)F)C(F)(F)F,exclude,1,0,False,neutral_component_or_incorrect_ion_role
co2,non_test,7637,CCCCCCCCn1cc[n+](C)c1,O=S(=O)(NS(=O)(=O)C(F)(F)F)C(F)(F)F,CCCCCCCCn1cc[n+](C)c1.O=S(=O)(NS(=O)(=O)C(F)(F)F)C(F)(F)F,exclude,1,0,False,neutral_component_or_incorrect_ion_role
co2,non_test,7678,CCCCCCCCn1cc[n+](C)c1,O=S(=O)(NS(=O)(=O)C(F)(F)F)C(F)(F)F,CCCCCCCCn1cc[n+](C)c1.O=S(=O)(NS(=O)(=O)C(F)(F)F)C(F)(F)F,exclude,1,0,False,neutral_component_or_incorrect_ion_role
co2,non_test,8265,CCCCCCCCn1cc[n+](C)c1,O=S(=O)(NS(=O)(=O)C(F)(F)F)C(F)(F)F,CCCCCCCCn1cc[n+](C)c1.O=S(=O)(NS(=O)(=O)C(F)(F)F)C(F)(F)F,exclude,1,0,False,neutral_component_or_incorrect_ion_role
co2,non_test,8266,CCCCCCCCn1cc[n+](C)c1,O=S(=O)(NS(=O)(=O)C(F)(F)F)C(F)(F)F,CCCCCCCCn1cc[n+](C)c1.O=S(=O)(NS(=O)(=O)C(F)(F)F)C(F)(F)F,exclude,1,0,False,neutral_component_or_incorrect_ion_role
co2,non_test,8270,CCCCCCCCn1cc[n+](C)c1,O=S(=O)(NS(=O)(=O)C(F)(F)F)C(F)(F)F,CCCCCCCCn1cc[n+](C)c1.O=S(=O)(NS(=O)(=O)C(F)(F)F)C(F)(F)F,exclude,1,0,False,neutral_component_or_incorrect_ion_role
co2,non_test,8275,CCCCCCCCn1cc[n+](C)c1,O=S(=O)(NS(=O)(=O)C(F)(F)F)C(F)(F)F,CCCCCCCCn1cc[n+](C)c1.O=S(=O)(NS(=O)(=O)C(F)(F)F)C(F)(F)F,exclude,1,0,False,neutral_component_or_incorrect_ion_role
co2,non_test,8279,CCCCCCCCn1cc[n+](C)c1,O=S(=O)(NS(=O)(=O)C(F)(F)F)C(F)(F)F,CCCCCCCCn1cc[n+](C)c1.O=S(=O)(NS(=O)(=O)C(F)(F)F)C(F)(F)F,exclude,1,0,False,neutral_component_or_incorrect_ion_role
co2,non_test,8283,CCCCCCCCn1cc[n+](C)c1,O=S(=O)(NS(=O)(=O)C(F)(F)F)C(F)(F)F,CCCCCCCCn1cc[n+](C)c1.O=S(=O)(NS(=O)(=O)C(F)(F)F)C(F)(F)F,exclude,1,0,False,neutral_component_or_incorrect_ion_role
co2,non_test,8291,CCCCCCCCn1cc[n+](C)c1,O=S(=O)(NS(=O)(=O)C(F)(F)F)C(F)(F)F,CCCCCCCCn1cc[n+](C)c1.O=S(=O)(NS(=O)(=O)C(F)(F)F)C(F)(F)F,exclude,1,0,False,neutral_component_or_incorrect_ion_role
co2,non_test,8295,CCCCCCCCn1cc[n+](C)c1,O=S(=O)(NS(=O)(=O)C(F)(F)F)C(F)(F)F,CCCCCCCCn1cc[n+](C)c1.O=S(=O)(NS(=O)(=O)C(F)(F)F)C(F)(F)F,exclude,1,0,False,neutral_component_or_incorrect_ion_role
co2,non_test,8306,CCCCCCCCn1cc[n+](C)c1,O=S(=O)(NS(=O)(=O)C(F)(F)F)C(F)(F)F,CCCCCCCCn1cc[n+](C)c1.O=S(=O)(NS(=O)(=O)C(F)(F)F)C(F)(F)F,exclude,1,0,False,neutral_component_or_incorrect_ion_role
co2,non_test,8324,CCCCCCCCn1cc[n+](C)c1,O=S(=O)(NS(=O)(=O)C(F)(F)F)C(F)(F)F,CCCCCCCCn1cc[n+](C)c1.O=S(=O)(NS(=O)(=O)C(F)(F)F)C(F)(F)F,exclude,1,0,False,neutral_component_or_incorrect_ion_role
co2,non_test,8331,CCCCCCCCn1cc[n+](C)c1,O=S(=O)(NS(=O)(=O)C(F)(F)F)C(F)(F)F,CCCCCCCCn1cc[n+](C)c1.O=S(=O)(NS(=O)(=O)C(F)(F)F)C(F)(F)F,exclude,1,0,False,neutral_component_or_incorrect_ion_role
co2,non_test,8341,CCCCCCCCn1cc[n+](C)c1,O=S(=O)(NS(=O)(=O)C(F)(F)F)C(F)(F)F,CCCCCCCCn1cc[n+](C)c1.O=S(=O)(NS(=O)(=O)C(F)(F)F)C(F)(F)F,exclude,1,0,False,neutral_component_or_incorrect_ion_role
co2,non_test,8350,CCCCCCCCn1cc[n+](C)c1,O=S(=O)(NS(=O)(=O)C(F)(F)F)C(F)(F)F,CCCCCCCCn1cc[n+](C)c1.O=S(=O)(NS(=O)(=O)C(F)(F)F)C(F)(F)F,exclude,1,0,False,neutral_component_or_incorrect_ion_role
co2,non_test,8355,CCCCCCCCn1cc[n+](C)c1,O=S(=O)(NS(=O)(=O)C(F)(F)F)C(F)(F)F,CCCCCCCCn1cc[n+](C)c1.O=S(=O)(NS(=O)(=O)C(F)(F)F)C(F)(F)F,exclude,1,0,False,neutral_component_or_incorrect_ion_role
co2,non_test,8365,CCCCCCCCn1cc[n+](C)c1,O=S(=O)(NS(=O)(=O)C(F)(F)F)C(F)(F)F,CCCCCCCCn1cc[n+](C)c1.O=S(=O)(NS(=O)(=O)C(F)(F)F)C(F)(F)F,exclude,1,0,False,neutral_component_or_incorrect_ion_role
co2,non_test,8373,CCCCCCCCn1cc[n+](C)c1,O=S(=O)(NS(=O)(=O)C(F)(F)F)C(F)(F)F,CCCCCCCCn1cc[n+](C)c1.O=S(=O)(NS(=O)(=O)C(F)(F)F)C(F)(F)F,exclude,1,0,False,neutral_component_or_incorrect_ion_role
co2,non_test,9162,CCCCCCCCn1cc[n+](C)c1,O=S(=O)(NS(=O)(=O)C(F)(F)F)C(F)(F)F,CCCCCCCCn1cc[n+](C)c1.O=S(=O)(NS(=O)(=O)C(F)(F)F)C(F)(F)F,exclude,1,0,False,neutral_component_or_incorrect_ion_role
co2,non_test,9224,CCCCCCCCn1cc[n+](C)c1,O=S(=O)(NS(=O)(=O)C(F)(F)F)C(F)(F)F,CCCCCCCCn1cc[n+](C)c1.O=S(=O)(NS(=O)(=O)C(F)(F)F)C(F)(F)F,exclude,1,0,False,neutral_component_or_incorrect_ion_role
co2,non_test,9305,CCCCCCCCn1cc[n+](C)c1,O=S(=O)(NS(=O)(=O)C(F)(F)F)C(F)(F)F,CCCCCCCCn1cc[n+](C)c1.O=S(=O)(NS(=O)(=O)C(F)(F)F)C(F)(F)F,exclude,1,0,False,neutral_component_or_incorrect_ion_role
co2,non_test,9404,CCCCCCCCn1cc[n+](C)c1,O=S(=O)(NS(=O)(=O)C(F)(F)F)C(F)(F)F,CCCCCCCCn1cc[n+](C)c1.O=S(=O)(NS(=O)(=O)C(F)(F)F)C(F)(F)F,exclude,1,0,False,neutral_component_or_incorrect_ion_role
co2,non_test,9497,CCCCCCCCn1cc[n+](C)c1,O=S(=O)(NS(=O)(=O)C(F)(F)F)C(F)(F)F,CCCCCCCCn1cc[n+](C)c1.O=S(=O)(NS(=O)(=O)C(F)(F)F)C(F)(F)F,exclude,1,0,False,neutral_component_or_incorrect_ion_role
co2,non_test,9562,CCCCCCCCn1cc[n+](C)c1,O=S(=O)(NS(=O)(=O)C(F)(F)F)C(F)(F)F,CCCCCCCCn1cc[n+](C)c1.O=S(=O)(NS(=O)(=O)C(F)(F)F)C(F)(F)F,exclude,1,0,False,neutral_component_or_incorrect_ion_role
co2,non_test,9627,CCCCCCCCn1cc[n+](C)c1,O=S(=O)(NS(=O)(=O)C(F)(F)F)C(F)(F)F,CCCCCCCCn1cc[n+](C)c1.O=S(=O)(NS(=O)(=O)C(F)(F)F)C(F)(F)F,exclude,1,0,False,neutral_component_or_incorrect_ion_role
co2,non_test,9714,CCCCCCCCn1cc[n+](C)c1,O=S(=O)(NS(=O)(=O)C(F)(F)F)C(F)(F)F,CCCCCCCCn1cc[n+](C)c1.O=S(=O)(NS(=O)(=O)C(F)(F)F)C(F)(F)F,exclude,1,0,False,neutral_component_or_incorrect_ion_role
co2,non_test,9715,CCCCCCCCn1cc[n+](C)c1,O=S(=O)(NS(=O)(=O)C(F)(F)F)C(F)(F)F,CCCCCCCCn1cc[n+](C)c1.O=S(=O)(NS(=O)(=O)C(F)(F)F)C(F)(F)F,exclude,1,0,False,neutral_component_or_incorrect_ion_role
co2,non_test,9725,CCCCCCCCn1cc[n+](C)c1,O=S(=O)(NS(=O)(=O)C(F)(F)F)C(F)(F)F,CCCCCCCCn1cc[n+](C)c1.O=S(=O)(NS(=O)(=O)C(F)(F)F)C(F)(F)F,exclude,1,0,False,neutral_component_or_incorrect_ion_role
co2,non_test,9741,CCCCCCCCn1cc[n+](C)c1,O=S(=O)(NS(=O)(=O)C(F)(F)F)C(F)(F)F,CCCCCCCCn1cc[n+](C)c1.O=S(=O)(NS(=O)(=O)C(F)(F)F)C(F)(F)F,exclude,1,0,False,neutral_component_or_incorrect_ion_role
co2,non_test,9762,CCCCCCCCn1cc[n+](C)c1,O=S(=O)(NS(=O)(=O)C(F)(F)F)C(F)(F)F,CCCCCCCCn1cc[n+](C)c1.O=S(=O)(NS(=O)(=O)C(F)(F)F)C(F)(F)F,exclude,1,0,False,neutral_component_or_incorrect_ion_role
co2,non_test,9789,CCCCCCCCn1cc[n+](C)c1,O=S(=O)(NS(=O)(=O)C(F)(F)F)C(F)(F)F,CCCCCCCCn1cc[n+](C)c1.O=S(=O)(NS(=O)(=O)C(F)(F)F)C(F)(F)F,exclude,1,0,False,neutral_component_or_incorrect_ion_role
co2,non_test,9799,CCCCCCCCn1cc[n+](C)c1,O=S(=O)(NS(=O)(=O)C(F)(F)F)C(F)(F)F,CCCCCCCCn1cc[n+](C)c1.O=S(=O)(NS(=O)(=O)C(F)(F)F)C(F)(F)F,exclude,1,0,False,neutral_component_or_incorrect_ion_role
co2,non_test,9814,CCCCCCCCn1cc[n+](C)c1,O=S(=O)(NS(=O)(=O)C(F)(F)F)C(F)(F)F,CCCCCCCCn1cc[n+](C)c1.O=S(=O)(NS(=O)(=O)C(F)(F)F)C(F)(F)F,exclude,1,0,False,neutral_component_or_incorrect_ion_role
co2,non_test,9827,CCCCCCCCn1cc[n+](C)c1,O=S(=O)(NS(=O)(=O)C(F)(F)F)C(F)(F)F,CCCCCCCCn1cc[n+](C)c1.O=S(=O)(NS(=O)(=O)C(F)(F)F)C(F)(F)F,exclude,1,0,False,neutral_component_or_incorrect_ion_role
co2,non_test,9841,CCCCCCCCn1cc[n+](C)c1,O=S(=O)(NS(=O)(=O)C(F)(F)F)C(F)(F)F,CCCCCCCCn1cc[n+](C)c1.O=S(=O)(NS(=O)(=O)C(F)(F)F)C(F)(F)F,exclude,1,0,False,neutral_component_or_incorrect_ion_role
co2,non_test,9845,CCCCCCCCn1cc[n+](C)c1,O=S(=O)(NS(=O)(=O)C(F)(F)F)C(F)(F)F,CCCCCCCCn1cc[n+](C)c1.O=S(=O)(NS(=O)(=O)C(F)(F)F)C(F)(F)F,exclude,1,0,False,neutral_component_or_incorrect_ion_role
co2,non_test,10226,CCCCCCCCn1cc[n+](C)c1,O=S(=O)(NS(=O)(=O)C(F)(F)F)C(F)(F)F,CCCCCCCCn1cc[n+](C)c1.O=S(=O)(NS(=O)(=O)C(F)(F)F)C(F)(F)F,exclude,1,0,False,neutral_component_or_incorrect_ion_role
co2,non_test,10227,CCCCCCCCn1cc[n+](C)c1,O=S(=O)(NS(=O)(=O)C(F)(F)F)C(F)(F)F,CCCCCCCCn1cc[n+](C)c1.O=S(=O)(NS(=O)(=O)C(F)(F)F)C(F)(F)F,exclude,1,0,False,neutral_component_or_incorrect_ion_role
co2,non_test,10231,CCCCCCCCn1cc[n+](C)c1,O=S(=O)(NS(=O)(=O)C(F)(F)F)C(F)(F)F,CCCCCCCCn1cc[n+](C)c1.O=S(=O)(NS(=O)(=O)C(F)(F)F)C(F)(F)F,exclude,1,0,False,neutral_component_or_incorrect_ion_role
co2,non_test,10236,CCCCCCCCn1cc[n+](C)c1,O=S(=O)(NS(=O)(=O)C(F)(F)F)C(F)(F)F,CCCCCCCCn1cc[n+](C)c1.O=S(=O)(NS(=O)(=O)C(F)(F)F)C(F)(F)F,exclude,1,0,False,neutral_component_or_incorrect_ion_role
co2,non_test,10240,CCCCCCCCn1cc[n+](C)c1,O=S(=O)(NS(=O)(=O)C(F)(F)F)C(F)(F)F,CCCCCCCCn1cc[n+](C)c1.O=S(=O)(NS(=O)(=O)C(F)(F)F)C(F)(F)F,exclude,1,0,False,neutral_component_or_incorrect_ion_role
co2,non_test,10244,CCCCCCCCn1cc[n+](C)c1,O=S(=O)(NS(=O)(=O)C(F)(F)F)C(F)(F)F,CCCCCCCCn1cc[n+](C)c1.O=S(=O)(NS(=O)(=O)C(F)(F)F)C(F)(F)F,exclude,1,0,False,neutral_component_or_incorrect_ion_role
co2,non_test,10252,CCCCCCCCn1cc[n+](C)c1,O=S(=O)(NS(=O)(=O)C(F)(F)F)C(F)(F)F,CCCCCCCCn1cc[n+](C)c1.O=S(=O)(NS(=O)(=O)C(F)(F)F)C(F)(F)F,exclude,1,0,False,neutral_component_or_incorrect_ion_role
co2,non_test,10256,CCCCCCCCn1cc[n+](C)c1,O=S(=O)(NS(=O)(=O)C(F)(F)F)C(F)(F)F,CCCCCCCCn1cc[n+](C)c1.O=S(=O)(NS(=O)(=O)C(F)(F)F)C(F)(F)F,exclude,1,0,False,neutral_component_or_incorrect_ion_role
co2,non_test,10267,CCCCCCCCn1cc[n+](C)c1,O=S(=O)(NS(=O)(=O)C(F)(F)F)C(F)(F)F,CCCCCCCCn1cc[n+](C)c1.O=S(=O)(NS(=O)(=O)C(F)(F)F)C(F)(F)F,exclude,1,0,False,neutral_component_or_incorrect_ion_role
co2,non_test,10284,CCCCCCCCn1cc[n+](C)c1,O=S(=O)(NS(=O)(=O)C(F)(F)F)C(F)(F)F,CCCCCCCCn1cc[n+](C)c1.O=S(=O)(NS(=O)(=O)C(F)(F)F)C(F)(F)F,exclude,1,0,False,neutral_component_or_incorrect_ion_role
co2,non_test,10291,CCCCCCCCn1cc[n+](C)c1,O=S(=O)(NS(=O)(=O)C(F)(F)F)C(F)(F)F,CCCCCCCCn1cc[n+](C)c1.O=S(=O)(NS(=O)(=O)C(F)(F)F)C(F)(F)F,exclude,1,0,False,neutral_component_or_incorrect_ion_role
co2,non_test,10300,CCCCCCCCn1cc[n+](C)c1,O=S(=O)(NS(=O)(=O)C(F)(F)F)C(F)(F)F,CCCCCCCCn1cc[n+](C)c1.O=S(=O)(NS(=O)(=O)C(F)(F)F)C(F)(F)F,exclude,1,0,False,neutral_component_or_incorrect_ion_role
co2,non_test,10308,CCCCCCCCn1cc[n+](C)c1,O=S(=O)(NS(=O)(=O)C(F)(F)F)C(F)(F)F,CCCCCCCCn1cc[n+](C)c1.O=S(=O)(NS(=O)(=O)C(F)(F)F)C(F)(F)F,exclude,1,0,False,neutral_component_or_incorrect_ion_role
co2,non_test,10313,CCCCCCCCn1cc[n+](C)c1,O=S(=O)(NS(=O)(=O)C(F)(F)F)C(F)(F)F,CCCCCCCCn1cc[n+](C)c1.O=S(=O)(NS(=O)(=O)C(F)(F)F)C(F)(F)F,exclude,1,0,False,neutral_component_or_incorrect_ion_role
co2,non_test,10322,CCCCCCCCn1cc[n+](C)c1,O=S(=O)(NS(=O)(=O)C(F)(F)F)C(F)(F)F,CCCCCCCCn1cc[n+](C)c1.O=S(=O)(NS(=O)(=O)C(F)(F)F)C(F)(F)F,exclude,1,0,False,neutral_component_or_incorrect_ion_role
co2,non_test,10330,CCCCCCCCn1cc[n+](C)c1,O=S(=O)(NS(=O)(=O)C(F)(F)F)C(F)(F)F,CCCCCCCCn1cc[n+](C)c1.O=S(=O)(NS(=O)(=O)C(F)(F)F)C(F)(F)F,exclude,1,0,False,neutral_component_or_incorrect_ion_role
co2,non_test,11088,CCCCCCCCn1cc[n+](C)c1,O=S(=O)(NS(=O)(=O)C(F)(F)F)C(F)(F)F,CCCCCCCCn1cc[n+](C)c1.O=S(=O)(NS(=O)(=O)C(F)(F)F)C(F)(F)F,exclude,1,0,False,neutral_component_or_incorrect_ion_role
co2,non_test,11122,CCCCCCCCn1cc[n+](C)c1,O=S(=O)(NS(=O)(=O)C(F)(F)F)C(F)(F)F,CCCCCCCCn1cc[n+](C)c1.O=S(=O)(NS(=O)(=O)C(F)(F)F)C(F)(F)F,exclude,1,0,False,neutral_component_or_incorrect_ion_role
co2,non_test,11157,CCCCCCCCn1cc[n+](C)c1,O=S(=O)(NS(=O)(=O)C(F)(F)F)C(F)(F)F,CCCCCCCCn1cc[n+](C)c1.O=S(=O)(NS(=O)(=O)C(F)(F)F)C(F)(F)F,exclude,1,0,False,neutral_component_or_incorrect_ion_role
co2,non_test,11198,CCCCCCCCn1cc[n+](C)c1,O=S(=O)(NS(=O)(=O)C(F)(F)F)C(F)(F)F,CCCCCCCCn1cc[n+](C)c1.O=S(=O)(NS(=O)(=O)C(F)(F)F)C(F)(F)F,exclude,1,0,False,neutral_component_or_incorrect_ion_role
co2,non_test,11237,CCCCCCCCn1cc[n+](C)c1,O=S(=O)(NS(=O)(=O)C(F)(F)F)C(F)(F)F,CCCCCCCCn1cc[n+](C)c1.O=S(=O)(NS(=O)(=O)C(F)(F)F)C(F)(F)F,exclude,1,0,False,neutral_component_or_incorrect_ion_role
co2,non_test,11268,CCCCCCCCn1cc[n+](C)c1,O=S(=O)(NS(=O)(=O)C(F)(F)F)C(F)(F)F,CCCCCCCCn1cc[n+](C)c1.O=S(=O)(NS(=O)(=O)C(F)(F)F)C(F)(F)F,exclude,1,0,False,neutral_component_or_incorrect_ion_role
co2,non_test,11304,CCCCCCCCn1cc[n+](C)c1,O=S(=O)(NS(=O)(=O)C(F)(F)F)C(F)(F)F,CCCCCCCCn1cc[n+](C)c1.O=S(=O)(NS(=O)(=O)C(F)(F)F)C(F)(F)F,exclude,1,0,False,neutral_component_or_incorrect_ion_role
co2,non_test,11580,CCCCCCCCn1cc[n+](C)c1,O=S(=O)(NS(=O)(=O)C(F)(F)F)C(F)(F)F,CCCCCCCCn1cc[n+](C)c1.O=S(=O)(NS(=O)(=O)C(F)(F)F)C(F)(F)F,exclude,1,0,False,neutral_component_or_incorrect_ion_role
co2,non_test,11581,CCCCCCCCn1cc[n+](C)c1,O=S(=O)(NS(=O)(=O)C(F)(F)F)C(F)(F)F,CCCCCCCCn1cc[n+](C)c1.O=S(=O)(NS(=O)(=O)C(F)(F)F)C(F)(F)F,exclude,1,0,False,neutral_component_or_incorrect_ion_role
co2,non_test,11585,CCCCCCCCn1cc[n+](C)c1,O=S(=O)(NS(=O)(=O)C(F)(F)F)C(F)(F)F,CCCCCCCCn1cc[n+](C)c1.O=S(=O)(NS(=O)(=O)C(F)(F)F)C(F)(F)F,exclude,1,0,False,neutral_component_or_incorrect_ion_role
co2,non_test,11590,CCCCCCCCn1cc[n+](C)c1,O=S(=O)(NS(=O)(=O)C(F)(F)F)C(F)(F)F,CCCCCCCCn1cc[n+](C)c1.O=S(=O)(NS(=O)(=O)C(F)(F)F)C(F)(F)F,exclude,1,0,False,neutral_component_or_incorrect_ion_role
co2,non_test,11594,CCCCCCCCn1cc[n+](C)c1,O=S(=O)(NS(=O)(=O)C(F)(F)F)C(F)(F)F,CCCCCCCCn1cc[n+](C)c1.O=S(=O)(NS(=O)(=O)C(F)(F)F)C(F)(F)F,exclude,1,0,False,neutral_component_or_incorrect_ion_role
co2,non_test,11598,CCCCCCCCn1cc[n+](C)c1,O=S(=O)(NS(=O)(=O)C(F)(F)F)C(F)(F)F,CCCCCCCCn1cc[n+](C)c1.O=S(=O)(NS(=O)(=O)C(F)(F)F)C(F)(F)F,exclude,1,0,False,neutral_component_or_incorrect_ion_role
co2,non_test,11606,CCCCCCCCn1cc[n+](C)c1,O=S(=O)(NS(=O)(=O)C(F)(F)F)C(F)(F)F,CCCCCCCCn1cc[n+](C)c1.O=S(=O)(NS(=O)(=O)C(F)(F)F)C(F)(F)F,exclude,1,0,False,neutral_component_or_incorrect_ion_role
co2,non_test,11610,CCCCCCCCn1cc[n+](C)c1,O=S(=O)(NS(=O)(=O)C(F)(F)F)C(F)(F)F,CCCCCCCCn1cc[n+](C)c1.O=S(=O)(NS(=O)(=O)C(F)(F)F)C(F)(F)F,exclude,1,0,False,neutral_component_or_incorrect_ion_role
co2,non_test,11621,CCCCCCCCn1cc[n+](C)c1,O=S(=O)(NS(=O)(=O)C(F)(F)F)C(F)(F)F,CCCCCCCCn1cc[n+](C)c1.O=S(=O)(NS(=O)(=O)C(F)(F)F)C(F)(F)F,exclude,1,0,False,neutral_component_or_incorrect_ion_role
co2,non_test,11638,CCCCCCCCn1cc[n+](C)c1,O=S(=O)(NS(=O)(=O)C(F)(F)F)C(F)(F)F,CCCCCCCCn1cc[n+](C)c1.O=S(=O)(NS(=O)(=O)C(F)(F)F)C(F)(F)F,exclude,1,0,False,neutral_component_or_incorrect_ion_role
co2,non_test,11645,CCCCCCCCn1cc[n+](C)c1,O=S(=O)(NS(=O)(=O)C(F)(F)F)C(F)(F)F,CCCCCCCCn1cc[n+](C)c1.O=S(=O)(NS(=O)(=O)C(F)(F)F)C(F)(F)F,exclude,1,0,False,neutral_component_or_incorrect_ion_role
co2,non_test,11654,CCCCCCCCn1cc[n+](C)c1,O=S(=O)(NS(=O)(=O)C(F)(F)F)C(F)(F)F,CCCCCCCCn1cc[n+](C)c1.O=S(=O)(NS(=O)(=O)C(F)(F)F)C(F)(F)F,exclude,1,0,False,neutral_component_or_incorrect_ion_role
co2,non_test,11662,CCCCCCCCn1cc[n+](C)c1,O=S(=O)(NS(=O)(=O)C(F)(F)F)C(F)(F)F,CCCCCCCCn1cc[n+](C)c1.O=S(=O)(NS(=O)(=O)C(F)(F)F)C(F)(F)F,exclude,1,0,False,neutral_component_or_incorrect_ion_role
co2,non_test,11667,CCCCCCCCn1cc[n+](C)c1,O=S(=O)(NS(=O)(=O)C(F)(F)F)C(F)(F)F,CCCCCCCCn1cc[n+](C)c1.O=S(=O)(NS(=O)(=O)C(F)(F)F)C(F)(F)F,exclude,1,0,False,neutral_component_or_incorrect_ion_role
co2,non_test,11676,CCCCCCCCn1cc[n+](C)c1,O=S(=O)(NS(=O)(=O)C(F)(F)F)C(F)(F)F,CCCCCCCCn1cc[n+](C)c1.O=S(=O)(NS(=O)(=O)C(F)(F)F)C(F)(F)F,exclude,1,0,False,neutral_component_or_incorrect_ion_role
co2,non_test,11684,CCCCCCCCn1cc[n+](C)c1,O=S(=O)(NS(=O)(=O)C(F)(F)F)C(F)(F)F,CCCCCCCCn1cc[n+](C)c1.O=S(=O)(NS(=O)(=O)C(F)(F)F)C(F)(F)F,exclude,1,0,False,neutral_component_or_incorrect_ion_role
co2,non_test,12185,CCCCCCCCn1cc[n+](C)c1,O=S(=O)(NS(=O)(=O)C(F)(F)F)C(F)(F)F,CCCCCCCCn1cc[n+](C)c1.O=S(=O)(NS(=O)(=O)C(F)(F)F)C(F)(F)F,exclude,1,0,False,neutral_component_or_incorrect_ion_role
co2,non_test,12225,CCCCCCCCn1cc[n+](C)c1,O=S(=O)(NS(=O)(=O)C(F)(F)F)C(F)(F)F,CCCCCCCCn1cc[n+](C)c1.O=S(=O)(NS(=O)(=O)C(F)(F)F)C(F)(F)F,exclude,1,0,False,neutral_component_or_incorrect_ion_role
co2,non_test,12267,CCCCCCCCn1cc[n+](C)c1,O=S(=O)(NS(=O)(=O)C(F)(F)F)C(F)(F)F,CCCCCCCCn1cc[n+](C)c1.O=S(=O)(NS(=O)(=O)C(F)(F)F)C(F)(F)F,exclude,1,0,False,neutral_component_or_incorrect_ion_role
co2,non_test,12304,CCCCCCCCn1cc[n+](C)c1,O=S(=O)(NS(=O)(=O)C(F)(F)F)C(F)(F)F,CCCCCCCCn1cc[n+](C)c1.O=S(=O)(NS(=O)(=O)C(F)(F)F)C(F)(F)F,exclude,1,0,False,neutral_component_or_incorrect_ion_role
co2,non_test,12331,CCCCCCCCn1cc[n+](C)c1,O=S(=O)(NS(=O)(=O)C(F)(F)F)C(F)(F)F,CCCCCCCCn1cc[n+](C)c1.O=S(=O)(NS(=O)(=O)C(F)(F)F)C(F)(F)F,exclude,1,0,False,neutral_component_or_incorrect_ion_role
co2,non_test,12363,CCCCCCCCn1cc[n+](C)c1,O=S(=O)(NS(=O)(=O)C(F)(F)F)C(F)(F)F,CCCCCCCCn1cc[n+](C)c1.O=S(=O)(NS(=O)(=O)C(F)(F)F)C(F)(F)F,exclude,1,0,False,neutral_component_or_incorrect_ion_role
co2,non_test,12396,CCCCCCCCn1cc[n+](C)c1,O=S(=O)(NS(=O)(=O)C(F)(F)F)C(F)(F)F,CCCCCCCCn1cc[n+](C)c1.O=S(=O)(NS(=O)(=O)C(F)(F)F)C(F)(F)F,exclude,1,0,False,neutral_component_or_incorrect_ion_role
co2,non_test,1145,C[NH+]1C=CN(CCC(F)(F)C(F)(F)C(F)(F)C(F)(F)F)C1,O=S(=O)(NS(=O)(=O)C(F)(F)F)C(F)(F)F,C[NH+]1C=CN(CCC(F)(F)C(F)(F)C(F)(F)C(F)(F)F)C1.O=S(=O)(NS(=O)(=O)C(F)(F)F)C(F)(F)F,exclude,1,0,False,neutral_component_or_incorrect_ion_role
co2,non_test,1146,C[NH+]1C=CN(CCC(F)(F)C(F)(F)C(F)(F)C(F)(F)F)C1,O=S(=O)(NS(=O)(=O)C(F)(F)F)C(F)(F)F,C[NH+]1C=CN(CCC(F)(F)C(F)(F)C(F)(F)C(F)(F)F)C1.O=S(=O)(NS(=O)(=O)C(F)(F)F)C(F)(F)F,exclude,1,0,False,neutral_component_or_incorrect_ion_role
co2,non_test,1147,C[NH+]1C=CN(CCC(F)(F)C(F)(F)C(F)(F)C(F)(F)F)C1,O=S(=O)(NS(=O)(=O)C(F)(F)F)C(F)(F)F,C[NH+]1C=CN(CCC(F)(F)C(F)(F)C(F)(F)C(F)(F)F)C1.O=S(=O)(NS(=O)(=O)C(F)(F)F)C(F)(F)F,exclude,1,0,False,neutral_component_or_incorrect_ion_role
co2,non_test,1148,C[NH+]1C=CN(CCC(F)(F)C(F)(F)C(F)(F)C(F)(F)F)C1,O=S(=O)(NS(=O)(=O)C(F)(F)F)C(F)(F)F,C[NH+]1C=CN(CCC(F)(F)C(F)(F)C(F)(F)C(F)(F)F)C1.O=S(=O)(NS(=O)(=O)C(F)(F)F)C(F)(F)F,exclude,1,0,False,neutral_component_or_incorrect_ion_role
co2,non_test,1150,C[NH+]1C=CN(CCC(F)(F)C(F)(F)C(F)(F)C(F)(F)F)C1,O=S(=O)(NS(=O)(=O)C(F)(F)F)C(F)(F)F,C[NH+]1C=CN(CCC(F)(F)C(F)(F)C(F)(F)C(F)(F)F)C1.O=S(=O)(NS(=O)(=O)C(F)(F)F)C(F)(F)F,exclude,1,0,False,neutral_component_or_incorrect_ion_role
co2,non_test,1153,C[NH+]1C=CN(CCC(F)(F)C(F)(F)C(F)(F)C(F)(F)F)C1,O=S(=O)(NS(=O)(=O)C(F)(F)F)C(F)(F)F,C[NH+]1C=CN(CCC(F)(F)C(F)(F)C(F)(F)C(F)(F)F)C1.O=S(=O)(NS(=O)(=O)C(F)(F)F)C(F)(F)F,exclude,1,0,False,neutral_component_or_incorrect_ion_role
co2,non_test,1933,C[NH+]1C=CN(CCC(F)(F)C(F)(F)C(F)(F)C(F)(F)F)C1,O=S(=O)(NS(=O)(=O)C(F)(F)F)C(F)(F)F,C[NH+]1C=CN(CCC(F)(F)C(F)(F)C(F)(F)C(F)(F)F)C1.O=S(=O)(NS(=O)(=O)C(F)(F)F)C(F)(F)F,exclude,1,0,False,neutral_component_or_incorrect_ion_role
co2,non_test,1935,C[NH+]1C=CN(CCC(F)(F)C(F)(F)C(F)(F)C(F)(F)F)C1,O=S(=O)(NS(=O)(=O)C(F)(F)F)C(F)(F)F,C[NH+]1C=CN(CCC(F)(F)C(F)(F)C(F)(F)C(F)(F)F)C1.O=S(=O)(NS(=O)(=O)C(F)(F)F)C(F)(F)F,exclude,1,0,False,neutral_component_or_incorrect_ion_role
co2,non_test,1939,C[NH+]1C=CN(CCC(F)(F)C(F)(F)C(F)(F)C(F)(F)F)C1,O=S(=O)(NS(=O)(=O)C(F)(F)F)C(F)(F)F,C[NH+]1C=CN(CCC(F)(F)C(F)(F)C(F)(F)C(F)(F)F)C1.O=S(=O)(NS(=O)(=O)C(F)(F)F)C(F)(F)F,exclude,1,0,False,neutral_component_or_incorrect_ion_role
co2,non_test,1942,C[NH+]1C=CN(CCC(F)(F)C(F)(F)C(F)(F)C(F)(F)F)C1,O=S(=O)(NS(=O)(=O)C(F)(F)F)C(F)(F)F,C[NH+]1C=CN(CCC(F)(F)C(F)(F)C(F)(F)C(F)(F)F)C1.O=S(=O)(NS(=O)(=O)C(F)(F)F)C(F)(F)F,exclude,1,0,False,neutral_component_or_incorrect_ion_role
co2,non_test,1946,C[NH+]1C=CN(CCC(F)(F)C(F)(F)C(F)(F)C(F)(F)F)C1,O=S(=O)(NS(=O)(=O)C(F)(F)F)C(F)(F)F,C[NH+]1C=CN(CCC(F)(F)C(F)(F)C(F)(F)C(F)(F)F)C1.O=S(=O)(NS(=O)(=O)C(F)(F)F)C(F)(F)F,exclude,1,0,False,neutral_component_or_incorrect_ion_role
co2,non_test,1951,C[NH+]1C=CN(CCC(F)(F)C(F)(F)C(F)(F)C(F)(F)F)C1,O=S(=O)(NS(=O)(=O)C(F)(F)F)C(F)(F)F,C[NH+]1C=CN(CCC(F)(F)C(F)(F)C(F)(F)C(F)(F)F)C1.O=S(=O)(NS(=O)(=O)C(F)(F)F)C(F)(F)F,exclude,1,0,False,neutral_component_or_incorrect_ion_role
co2,non_test,1954,C[NH+]1C=CN(CCC(F)(F)C(F)(F)C(F)(F)C(F)(F)F)C1,O=S(=O)(NS(=O)(=O)C(F)(F)F)C(F)(F)F,C[NH+]1C=CN(CCC(F)(F)C(F)(F)C(F)(F)C(F)(F)F)C1.O=S(=O)(NS(=O)(=O)C(F)(F)F)C(F)(F)F,exclude,1,0,False,neutral_component_or_incorrect_ion_role
co2,non_test,1957,C[NH+]1C=CN(CCC(F)(F)C(F)(F)C(F)(F)C(F)(F)F)C1,O=S(=O)(NS(=O)(=O)C(F)(F)F)C(F)(F)F,C[NH+]1C=CN(CCC(F)(F)C(F)(F)C(F)(F)C(F)(F)F)C1.O=S(=O)(NS(=O)(=O)C(F)(F)F)C(F)(F)F,exclude,1,0,False,neutral_component_or_incorrect_ion_role
co2,non_test,1963,C[NH+]1C=CN(CCC(F)(F)C(F)(F)C(F)(F)C(F)(F)F)C1,O=S(=O)(NS(=O)(=O)C(F)(F)F)C(F)(F)F,C[NH+]1C=CN(CCC(F)(F)C(F)(F)C(F)(F)C(F)(F)F)C1.O=S(=O)(NS(=O)(=O)C(F)(F)F)C(F)(F)F,exclude,1,0,False,neutral_component_or_incorrect_ion_role
co2,non_test,1967,C[NH+]1C=CN(CCC(F)(F)C(F)(F)C(F)(F)C(F)(F)F)C1,O=S(=O)(NS(=O)(=O)C(F)(F)F)C(F)(F)F,C[NH+]1C=CN(CCC(F)(F)C(F)(F)C(F)(F)C(F)(F)F)C1.O=S(=O)(NS(=O)(=O)C(F)(F)F)C(F)(F)F,exclude,1,0,False,neutral_component_or_incorrect_ion_role
co2,non_test,1969,C[NH+]1C=CN(CCC(F)(F)C(F)(F)C(F)(F)C(F)(F)F)C1,O=S(=O)(NS(=O)(=O)C(F)(F)F)C(F)(F)F,C[NH+]1C=CN(CCC(F)(F)C(F)(F)C(F)(F)C(F)(F)F)C1.O=S(=O)(NS(=O)(=O)C(F)(F)F)C(F)(F)F,exclude,1,0,False,neutral_component_or_incorrect_ion_role
co2,non_test,1972,C[NH+]1C=CN(CCC(F)(F)C(F)(F)C(F)(F)C(F)(F)F)C1,O=S(=O)(NS(=O)(=O)C(F)(F)F)C(F)(F)F,C[NH+]1C=CN(CCC(F)(F)C(F)(F)C(F)(F)C(F)(F)F)C1.O=S(=O)(NS(=O)(=O)C(F)(F)F)C(F)(F)F,exclude,1,0,False,neutral_component_or_incorrect_ion_role
co2,non_test,1976,C[NH+]1C=CN(CCC(F)(F)C(F)(F)C(F)(F)C(F)(F)F)C1,O=S(=O)(NS(=O)(=O)C(F)(F)F)C(F)(F)F,C[NH+]1C=CN(CCC(F)(F)C(F)(F)C(F)(F)C(F)(F)F)C1.O=S(=O)(NS(=O)(=O)C(F)(F)F)C(F)(F)F,exclude,1,0,False,neutral_component_or_incorrect_ion_role
co2,non_test,1981,C[NH+]1C=CN(CCC(F)(F)C(F)(F)C(F)(F)C(F)(F)F)C1,O=S(=O)(NS(=O)(=O)C(F)(F)F)C(F)(F)F,C[NH+]1C=CN(CCC(F)(F)C(F)(F)C(F)(F)C(F)(F)F)C1.O=S(=O)(NS(=O)(=O)C(F)(F)F)C(F)(F)F,exclude,1,0,False,neutral_component_or_incorrect_ion_role
co2,non_test,1985,C[NH+]1C=CN(CCC(F)(F)C(F)(F)C(F)(F)C(F)(F)F)C1,O=S(=O)(NS(=O)(=O)C(F)(F)F)C(F)(F)F,C[NH+]1C=CN(CCC(F)(F)C(F)(F)C(F)(F)C(F)(F)F)C1.O=S(=O)(NS(=O)(=O)C(F)(F)F)C(F)(F)F,exclude,1,0,False,neutral_component_or_incorrect_ion_role
co2,non_test,1986,C[NH+]1C=CN(CCC(F)(F)C(F)(F)C(F)(F)C(F)(F)F)C1,O=S(=O)(NS(=O)(=O)C(F)(F)F)C(F)(F)F,C[NH+]1C=CN(CCC(F)(F)C(F)(F)C(F)(F)C(F)(F)F)C1.O=S(=O)(NS(=O)(=O)C(F)(F)F)C(F)(F)F,exclude,1,0,False,neutral_component_or_incorrect_ion_role
co2,non_test,1990,C[NH+]1C=CN(CCC(F)(F)C(F)(F)C(F)(F)C(F)(F)F)C1,O=S(=O)(NS(=O)(=O)C(F)(F)F)C(F)(F)F,C[NH+]1C=CN(CCC(F)(F)C(F)(F)C(F)(F)C(F)(F)F)C1.O=S(=O)(NS(=O)(=O)C(F)(F)F)C(F)(F)F,exclude,1,0,False,neutral_component_or_incorrect_ion_role
co2,non_test,1993,C[NH+]1C=CN(CCC(F)(F)C(F)(F)C(F)(F)C(F)(F)F)C1,O=S(=O)(NS(=O)(=O)C(F)(F)F)C(F)(F)F,C[NH+]1C=CN(CCC(F)(F)C(F)(F)C(F)(F)C(F)(F)F)C1.O=S(=O)(NS(=O)(=O)C(F)(F)F)C(F)(F)F,exclude,1,0,False,neutral_component_or_incorrect_ion_role
co2,non_test,5473,C[NH+]1C=CN(CCC(F)(F)C(F)(F)C(F)(F)C(F)(F)F)C1,O=S(=O)(NS(=O)(=O)C(F)(F)F)C(F)(F)F,C[NH+]1C=CN(CCC(F)(F)C(F)(F)C(F)(F)C(F)(F)F)C1.O=S(=O)(NS(=O)(=O)C(F)(F)F)C(F)(F)F,exclude,1,0,False,neutral_component_or_incorrect_ion_role
co2,non_test,5474,C[NH+]1C=CN(CCC(F)(F)C(F)(F)C(F)(F)C(F)(F)F)C1,O=S(=O)(NS(=O)(=O)C(F)(F)F)C(F)(F)F,C[NH+]1C=CN(CCC(F)(F)C(F)(F)C(F)(F)C(F)(F)F)C1.O=S(=O)(NS(=O)(=O)C(F)(F)F)C(F)(F)F,exclude,1,0,False,neutral_component_or_incorrect_ion_role
co2,non_test,5475,C[NH+]1C=CN(CCC(F)(F)C(F)(F)C(F)(F)C(F)(F)F)C1,O=S(=O)(NS(=O)(=O)C(F)(F)F)C(F)(F)F,C[NH+]1C=CN(CCC(F)(F)C(F)(F)C(F)(F)C(F)(F)F)C1.O=S(=O)(NS(=O)(=O)C(F)(F)F)C(F)(F)F,exclude,1,0,False,neutral_component_or_incorrect_ion_role
co2,non_test,5476,C[NH+]1C=CN(CCC(F)(F)C(F)(F)C(F)(F)C(F)(F)F)C1,O=S(=O)(NS(=O)(=O)C(F)(F)F)C(F)(F)F,C[NH+]1C=CN(CCC(F)(F)C(F)(F)C(F)(F)C(F)(F)F)C1.O=S(=O)(NS(=O)(=O)C(F)(F)F)C(F)(F)F,exclude,1,0,False,neutral_component_or_incorrect_ion_role
co2,non_test,5477,C[NH+]1C=CN(CCC(F)(F)C(F)(F)C(F)(F)C(F)(F)F)C1,O=S(=O)(NS(=O)(=O)C(F)(F)F)C(F)(F)F,C[NH+]1C=CN(CCC(F)(F)C(F)(F)C(F)(F)C(F)(F)F)C1.O=S(=O)(NS(=O)(=O)C(F)(F)F)C(F)(F)F,exclude,1,0,False,neutral_component_or_incorrect_ion_role
co2,non_test,5478,C[NH+]1C=CN(CCC(F)(F)C(F)(F)C(F)(F)C(F)(F)F)C1,O=S(=O)(NS(=O)(=O)C(F)(F)F)C(F)(F)F,C[NH+]1C=CN(CCC(F)(F)C(F)(F)C(F)(F)C(F)(F)F)C1.O=S(=O)(NS(=O)(=O)C(F)(F)F)C(F)(F)F,exclude,1,0,False,neutral_component_or_incorrect_ion_role
co2,non_test,5481,C[NH+]1C=CN(CCC(F)(F)C(F)(F)C(F)(F)C(F)(F)F)C1,O=S(=O)(NS(=O)(=O)C(F)(F)F)C(F)(F)F,C[NH+]1C=CN(CCC(F)(F)C(F)(F)C(F)(F)C(F)(F)F)C1.O=S(=O)(NS(=O)(=O)C(F)(F)F)C(F)(F)F,exclude,1,0,False,neutral_component_or_incorrect_ion_role
co2,non_test,5487,C[NH+]1C=CN(CCC(F)(F)C(F)(F)C(F)(F)C(F)(F)F)C1,O=S(=O)(NS(=O)(=O)C(F)(F)F)C(F)(F)F,C[NH+]1C=CN(CCC(F)(F)C(F)(F)C(F)(F)C(F)(F)F)C1.O=S(=O)(NS(=O)(=O)C(F)(F)F)C(F)(F)F,exclude,1,0,False,neutral_component_or_incorrect_ion_role
co2,non_test,8808,C[NH+]1C=CN(CCC(F)(F)C(F)(F)C(F)(F)C(F)(F)F)C1,O=S(=O)(NS(=O)(=O)C(F)(F)F)C(F)(F)F,C[NH+]1C=CN(CCC(F)(F)C(F)(F)C(F)(F)C(F)(F)F)C1.O=S(=O)(NS(=O)(=O)C(F)(F)F)C(F)(F)F,exclude,1,0,False,neutral_component_or_incorrect_ion_role
co2,non_test,8810,C[NH+]1C=CN(CCC(F)(F)C(F)(F)C(F)(F)C(F)(F)F)C1,O=S(=O)(NS(=O)(=O)C(F)(F)F)C(F)(F)F,C[NH+]1C=CN(CCC(F)(F)C(F)(F)C(F)(F)C(F)(F)F)C1.O=S(=O)(NS(=O)(=O)C(F)(F)F)C(F)(F)F,exclude,1,0,False,neutral_component_or_incorrect_ion_role
co2,non_test,8812,C[NH+]1C=CN(CCC(F)(F)C(F)(F)C(F)(F)C(F)(F)F)C1,O=S(=O)(NS(=O)(=O)C(F)(F)F)C(F)(F)F,C[NH+]1C=CN(CCC(F)(F)C(F)(F)C(F)(F)C(F)(F)F)C1.O=S(=O)(NS(=O)(=O)C(F)(F)F)C(F)(F)F,exclude,1,0,False,neutral_component_or_incorrect_ion_role
co2,non_test,8813,C[NH+]1C=CN(CCC(F)(F)C(F)(F)C(F)(F)C(F)(F)F)C1,O=S(=O)(NS(=O)(=O)C(F)(F)F)C(F)(F)F,C[NH+]1C=CN(CCC(F)(F)C(F)(F)C(F)(F)C(F)(F)F)C1.O=S(=O)(NS(=O)(=O)C(F)(F)F)C(F)(F)F,exclude,1,0,False,neutral_component_or_incorrect_ion_role
co2,non_test,8815,C[NH+]1C=CN(CCC(F)(F)C(F)(F)C(F)(F)C(F)(F)F)C1,O=S(=O)(NS(=O)(=O)C(F)(F)F)C(F)(F)F,C[NH+]1C=CN(CCC(F)(F)C(F)(F)C(F)(F)C(F)(F)F)C1.O=S(=O)(NS(=O)(=O)C(F)(F)F)C(F)(F)F,exclude,1,0,False,neutral_component_or_incorrect_ion_role
co2,non_test,8817,C[NH+]1C=CN(CCC(F)(F)C(F)(F)C(F)(F)C(F)(F)F)C1,O=S(=O)(NS(=O)(=O)C(F)(F)F)C(F)(F)F,C[NH+]1C=CN(CCC(F)(F)C(F)(F)C(F)(F)C(F)(F)F)C1.O=S(=O)(NS(=O)(=O)C(F)(F)F)C(F)(F)F,exclude,1,0,False,neutral_component_or_incorrect_ion_role
co2,non_test,8820,C[NH+]1C=CN(CCC(F)(F)C(F)(F)C(F)(F)C(F)(F)F)C1,O=S(=O)(NS(=O)(=O)C(F)(F)F)C(F)(F)F,C[NH+]1C=CN(CCC(F)(F)C(F)(F)C(F)(F)C(F)(F)F)C1.O=S(=O)(NS(=O)(=O)C(F)(F)F)C(F)(F)F,exclude,1,0,False,neutral_component_or_incorrect_ion_role
co2,non_test,8821,C[NH+]1C=CN(CCC(F)(F)C(F)(F)C(F)(F)C(F)(F)F)C1,O=S(=O)(NS(=O)(=O)C(F)(F)F)C(F)(F)F,C[NH+]1C=CN(CCC(F)(F)C(F)(F)C(F)(F)C(F)(F)F)C1.O=S(=O)(NS(=O)(=O)C(F)(F)F)C(F)(F)F,exclude,1,0,False,neutral_component_or_incorrect_ion_role
co2,non_test,8824,C[NH+]1C=CN(CCC(F)(F)C(F)(F)C(F)(F)C(F)(F)F)C1,O=S(=O)(NS(=O)(=O)C(F)(F)F)C(F)(F)F,C[NH+]1C=CN(CCC(F)(F)C(F)(F)C(F)(F)C(F)(F)F)C1.O=S(=O)(NS(=O)(=O)C(F)(F)F)C(F)(F)F,exclude,1,0,False,neutral_component_or_incorrect_ion_role
co2,non_test,8826,C[NH+]1C=CN(CCC(F)(F)C(F)(F)C(F)(F)C(F)(F)F)C1,O=S(=O)(NS(=O)(=O)C(F)(F)F)C(F)(F)F,C[NH+]1C=CN(CCC(F)(F)C(F)(F)C(F)(F)C(F)(F)F)C1.O=S(=O)(NS(=O)(=O)C(F)(F)F)C(F)(F)F,exclude,1,0,False,neutral_component_or_incorrect_ion_role
co2,non_test,8828,C[NH+]1C=CN(CCC(F)(F)C(F)(F)C(F)(F)C(F)(F)F)C1,O=S(=O)(NS(=O)(=O)C(F)(F)F)C(F)(F)F,C[NH+]1C=CN(CCC(F)(F)C(F)(F)C(F)(F)C(F)(F)F)C1.O=S(=O)(NS(=O)(=O)C(F)(F)F)C(F)(F)F,exclude,1,0,False,neutral_component_or_incorrect_ion_role
co2,non_test,8830,C[NH+]1C=CN(CCC(F)(F)C(F)(F)C(F)(F)C(F)(F)F)C1,O=S(=O)(NS(=O)(=O)C(F)(F)F)C(F)(F)F,C[NH+]1C=CN(CCC(F)(F)C(F)(F)C(F)(F)C(F)(F)F)C1.O=S(=O)(NS(=O)(=O)C(F)(F)F)C(F)(F)F,exclude,1,0,False,neutral_component_or_incorrect_ion_role
co2,non_test,8832,C[NH+]1C=CN(CCC(F)(F)C(F)(F)C(F)(F)C(F)(F)F)C1,O=S(=O)(NS(=O)(=O)C(F)(F)F)C(F)(F)F,C[NH+]1C=CN(CCC(F)(F)C(F)(F)C(F)(F)C(F)(F)F)C1.O=S(=O)(NS(=O)(=O)C(F)(F)F)C(F)(F)F,exclude,1,0,False,neutral_component_or_incorrect_ion_role
co2,non_test,8835,C[NH+]1C=CN(CCC(F)(F)C(F)(F)C(F)(F)C(F)(F)F)C1,O=S(=O)(NS(=O)(=O)C(F)(F)F)C(F)(F)F,C[NH+]1C=CN(CCC(F)(F)C(F)(F)C(F)(F)C(F)(F)F)C1.O=S(=O)(NS(=O)(=O)C(F)(F)F)C(F)(F)F,exclude,1,0,False,neutral_component_or_incorrect_ion_role
co2,non_test,8838,C[NH+]1C=CN(CCC(F)(F)C(F)(F)C(F)(F)C(F)(F)F)C1,O=S(=O)(NS(=O)(=O)C(F)(F)F)C(F)(F)F,C[NH+]1C=CN(CCC(F)(F)C(F)(F)C(F)(F)C(F)(F)F)C1.O=S(=O)(NS(=O)(=O)C(F)(F)F)C(F)(F)F,exclude,1,0,False,neutral_component_or_incorrect_ion_role
co2,non_test,8839,C[NH+]1C=CN(CCC(F)(F)C(F)(F)C(F)(F)C(F)(F)F)C1,O=S(=O)(NS(=O)(=O)C(F)(F)F)C(F)(F)F,C[NH+]1C=CN(CCC(F)(F)C(F)(F)C(F)(F)C(F)(F)F)C1.O=S(=O)(NS(=O)(=O)C(F)(F)F)C(F)(F)F,exclude,1,0,False,neutral_component_or_incorrect_ion_role
co2,non_test,8841,C[NH+]1C=CN(CCC(F)(F)C(F)(F)C(F)(F)C(F)(F)F)C1,O=S(=O)(NS(=O)(=O)C(F)(F)F)C(F)(F)F,C[NH+]1C=CN(CCC(F)(F)C(F)(F)C(F)(F)C(F)(F)F)C1.O=S(=O)(NS(=O)(=O)C(F)(F)F)C(F)(F)F,exclude,1,0,False,neutral_component_or_incorrect_ion_role
co2,non_test,8842,C[NH+]1C=CN(CCC(F)(F)C(F)(F)C(F)(F)C(F)(F)F)C1,O=S(=O)(NS(=O)(=O)C(F)(F)F)C(F)(F)F,C[NH+]1C=CN(CCC(F)(F)C(F)(F)C(F)(F)C(F)(F)F)C1.O=S(=O)(NS(=O)(=O)C(F)(F)F)C(F)(F)F,exclude,1,0,False,neutral_component_or_incorrect_ion_role
co2,non_test,9974,C[NH+]1C=CN(CCC(F)(F)C(F)(F)C(F)(F)C(F)(F)F)C1,O=S(=O)(NS(=O)(=O)C(F)(F)F)C(F)(F)F,C[NH+]1C=CN(CCC(F)(F)C(F)(F)C(F)(F)C(F)(F)F)C1.O=S(=O)(NS(=O)(=O)C(F)(F)F)C(F)(F)F,exclude,1,0,False,neutral_component_or_incorrect_ion_role
co2,non_test,9982,C[NH+]1C=CN(CCC(F)(F)C(F)(F)C(F)(F)C(F)(F)F)C1,O=S(=O)(NS(=O)(=O)C(F)(F)F)C(F)(F)F,C[NH+]1C=CN(CCC(F)(F)C(F)(F)C(F)(F)C(F)(F)F)C1.O=S(=O)(NS(=O)(=O)C(F)(F)F)C(F)(F)F,exclude,1,0,False,neutral_component_or_incorrect_ion_role
co2,non_test,9989,C[NH+]1C=CN(CCC(F)(F)C(F)(F)C(F)(F)C(F)(F)F)C1,O=S(=O)(NS(=O)(=O)C(F)(F)F)C(F)(F)F,C[NH+]1C=CN(CCC(F)(F)C(F)(F)C(F)(F)C(F)(F)F)C1.O=S(=O)(NS(=O)(=O)C(F)(F)F)C(F)(F)F,exclude,1,0,False,neutral_component_or_incorrect_ion_role
co2,non_test,9996,C[NH+]1C=CN(CCC(F)(F)C(F)(F)C(F)(F)C(F)(F)F)C1,O=S(=O)(NS(=O)(=O)C(F)(F)F)C(F)(F)F,C[NH+]1C=CN(CCC(F)(F)C(F)(F)C(F)(F)C(F)(F)F)C1.O=S(=O)(NS(=O)(=O)C(F)(F)F)C(F)(F)F,exclude,1,0,False,neutral_component_or_incorrect_ion_role
co2,non_test,10003,C[NH+]1C=CN(CCC(F)(F)C(F)(F)C(F)(F)C(F)(F)F)C1,O=S(=O)(NS(=O)(=O)C(F)(F)F)C(F)(F)F,C[NH+]1C=CN(CCC(F)(F)C(F)(F)C(F)(F)C(F)(F)F)C1.O=S(=O)(NS(=O)(=O)C(F)(F)F)C(F)(F)F,exclude,1,0,False,neutral_component_or_incorrect_ion_role
co2,non_test,10019,C[NH+]1C=CN(CCC(F)(F)C(F)(F)C(F)(F)C(F)(F)F)C1,O=S(=O)(NS(=O)(=O)C(F)(F)F)C(F)(F)F,C[NH+]1C=CN(CCC(F)(F)C(F)(F)C(F)(F)C(F)(F)F)C1.O=S(=O)(NS(=O)(=O)C(F)(F)F)C(F)(F)F,exclude,1,0,False,neutral_component_or_incorrect_ion_role
co2,non_test,10037,C[NH+]1C=CN(CCC(F)(F)C(F)(F)C(F)(F)C(F)(F)F)C1,O=S(=O)(NS(=O)(=O)C(F)(F)F)C(F)(F)F,C[NH+]1C=CN(CCC(F)(F)C(F)(F)C(F)(F)C(F)(F)F)C1.O=S(=O)(NS(=O)(=O)C(F)(F)F)C(F)(F)F,exclude,1,0,False,neutral_component_or_incorrect_ion_role
co2,non_test,10062,C[NH+]1C=CN(CCC(F)(F)C(F)(F)C(F)(F)C(F)(F)F)C1,O=S(=O)(NS(=O)(=O)C(F)(F)F)C(F)(F)F,C[NH+]1C=CN(CCC(F)(F)C(F)(F)C(F)(F)C(F)(F)F)C1.O=S(=O)(NS(=O)(=O)C(F)(F)F)C(F)(F)F,exclude,1,0,False,neutral_component_or_incorrect_ion_role
co2,non_test,10080,C[NH+]1C=CN(CCC(F)(F)C(F)(F)C(F)(F)C(F)(F)F)C1,O=S(=O)(NS(=O)(=O)C(F)(F)F)C(F)(F)F,C[NH+]1C=CN(CCC(F)(F)C(F)(F)C(F)(F)C(F)(F)F)C1.O=S(=O)(NS(=O)(=O)C(F)(F)F)C(F)(F)F,exclude,1,0,False,neutral_component_or_incorrect_ion_role
co2,non_test,2556,CCCCCCCCCCCCCC[P+](CCCCCC)(CCCCCC)CCCCCC,CCCCCCCCCCCCOS(=O)(=O)c1ccccc1,CCCCCCCCCCCCCC[P+](CCCCCC)(CCCCCC)CCCCCC.CCCCCCCCCCCCOS(=O)(=O)c1ccccc1,exclude,1,0,False,neutral_component_or_incorrect_ion_role
co2,non_test,2558,CCCCCCCCCCCCCC[P+](CCCCCC)(CCCCCC)CCCCCC,CCCCCCCCCCCCOS(=O)(=O)c1ccccc1,CCCCCCCCCCCCCC[P+](CCCCCC)(CCCCCC)CCCCCC.CCCCCCCCCCCCOS(=O)(=O)c1ccccc1,exclude,1,0,False,neutral_component_or_incorrect_ion_role
co2,non_test,2567,CCCCCCCCCCCCCC[P+](CCCCCC)(CCCCCC)CCCCCC,CCCCCCCCCCCCOS(=O)(=O)c1ccccc1,CCCCCCCCCCCCCC[P+](CCCCCC)(CCCCCC)CCCCCC.CCCCCCCCCCCCOS(=O)(=O)c1ccccc1,exclude,1,0,False,neutral_component_or_incorrect_ion_role
co2,non_test,2569,CCCCCCCCCCCCCC[P+](CCCCCC)(CCCCCC)CCCCCC,CCCCCCCCCCCCOS(=O)(=O)c1ccccc1,CCCCCCCCCCCCCC[P+](CCCCCC)(CCCCCC)CCCCCC.CCCCCCCCCCCCOS(=O)(=O)c1ccccc1,exclude,1,0,False,neutral_component_or_incorrect_ion_role
co2,non_test,2580,CCCCCCCCCCCCCC[P+](CCCCCC)(CCCCCC)CCCCCC,CCCCCCCCCCCCOS(=O)(=O)c1ccccc1,CCCCCCCCCCCCCC[P+](CCCCCC)(CCCCCC)CCCCCC.CCCCCCCCCCCCOS(=O)(=O)c1ccccc1,exclude,1,0,False,neutral_component_or_incorrect_ion_role
co2,non_test,2602,CCCCCCCCCCCCCC[P+](CCCCCC)(CCCCCC)CCCCCC,CCCCCCCCCCCCOS(=O)(=O)c1ccccc1,CCCCCCCCCCCCCC[P+](CCCCCC)(CCCCCC)CCCCCC.CCCCCCCCCCCCOS(=O)(=O)c1ccccc1,exclude,1,0,False,neutral_component_or_incorrect_ion_role
co2,non_test,2615,CCCCCCCCCCCCCC[P+](CCCCCC)(CCCCCC)CCCCCC,CCCCCCCCCCCCOS(=O)(=O)c1ccccc1,CCCCCCCCCCCCCC[P+](CCCCCC)(CCCCCC)CCCCCC.CCCCCCCCCCCCOS(=O)(=O)c1ccccc1,exclude,1,0,False,neutral_component_or_incorrect_ion_role
co2,non_test,2652,CCCCCCCCCCCCCC[P+](CCCCCC)(CCCCCC)CCCCCC,CCCCCCCCCCCCOS(=O)(=O)c1ccccc1,CCCCCCCCCCCCCC[P+](CCCCCC)(CCCCCC)CCCCCC.CCCCCCCCCCCCOS(=O)(=O)c1ccccc1,exclude,1,0,False,neutral_component_or_incorrect_ion_role
co2,non_test,2672,CCCCCCCCCCCCCC[P+](CCCCCC)(CCCCCC)CCCCCC,CCCCCCCCCCCCOS(=O)(=O)c1ccccc1,CCCCCCCCCCCCCC[P+](CCCCCC)(CCCCCC)CCCCCC.CCCCCCCCCCCCOS(=O)(=O)c1ccccc1,exclude,1,0,False,neutral_component_or_incorrect_ion_role
co2,non_test,2700,CCCCCCCCCCCCCC[P+](CCCCCC)(CCCCCC)CCCCCC,CCCCCCCCCCCCOS(=O)(=O)c1ccccc1,CCCCCCCCCCCCCC[P+](CCCCCC)(CCCCCC)CCCCCC.CCCCCCCCCCCCOS(=O)(=O)c1ccccc1,exclude,1,0,False,neutral_component_or_incorrect_ion_role
co2,non_test,2726,CCCCCCCCCCCCCC[P+](CCCCCC)(CCCCCC)CCCCCC,CCCCCCCCCCCCOS(=O)(=O)c1ccccc1,CCCCCCCCCCCCCC[P+](CCCCCC)(CCCCCC)CCCCCC.CCCCCCCCCCCCOS(=O)(=O)c1ccccc1,exclude,1,0,False,neutral_component_or_incorrect_ion_role
co2,non_test,2756,CCCCCCCCCCCCCC[P+](CCCCCC)(CCCCCC)CCCCCC,CCCCCCCCCCCCOS(=O)(=O)c1ccccc1,CCCCCCCCCCCCCC[P+](CCCCCC)(CCCCCC)CCCCCC.CCCCCCCCCCCCOS(=O)(=O)c1ccccc1,exclude,1,0,False,neutral_component_or_incorrect_ion_role
co2,non_test,2789,CCCCCCCCCCCCCC[P+](CCCCCC)(CCCCCC)CCCCCC,CCCCCCCCCCCCOS(=O)(=O)c1ccccc1,CCCCCCCCCCCCCC[P+](CCCCCC)(CCCCCC)CCCCCC.CCCCCCCCCCCCOS(=O)(=O)c1ccccc1,exclude,1,0,False,neutral_component_or_incorrect_ion_role
co2,non_test,2822,CCCCCCCCCCCCCC[P+](CCCCCC)(CCCCCC)CCCCCC,CCCCCCCCCCCCOS(=O)(=O)c1ccccc1,CCCCCCCCCCCCCC[P+](CCCCCC)(CCCCCC)CCCCCC.CCCCCCCCCCCCOS(=O)(=O)c1ccccc1,exclude,1,0,False,neutral_component_or_incorrect_ion_role
co2,non_test,2845,CCCCCCCCCCCCCC[P+](CCCCCC)(CCCCCC)CCCCCC,CCCCCCCCCCCCOS(=O)(=O)c1ccccc1,CCCCCCCCCCCCCC[P+](CCCCCC)(CCCCCC)CCCCCC.CCCCCCCCCCCCOS(=O)(=O)c1ccccc1,exclude,1,0,False,neutral_component_or_incorrect_ion_role
co2,non_test,2926,CCCCCCCCCCCCCC[P+](CCCCCC)(CCCCCC)CCCCCC,CCCCCCCCCCCCOS(=O)(=O)c1ccccc1,CCCCCCCCCCCCCC[P+](CCCCCC)(CCCCCC)CCCCCC.CCCCCCCCCCCCOS(=O)(=O)c1ccccc1,exclude,1,0,False,neutral_component_or_incorrect_ion_role
co2,non_test,4175,CCCCCCCCCCCCCC[P+](CCCCCC)(CCCCCC)CCCCCC,CCCCCCCCCCCCOS(=O)(=O)c1ccccc1,CCCCCCCCCCCCCC[P+](CCCCCC)(CCCCCC)CCCCCC.CCCCCCCCCCCCOS(=O)(=O)c1ccccc1,exclude,1,0,False,neutral_component_or_incorrect_ion_role
co2,non_test,4182,CCCCCCCCCCCCCC[P+](CCCCCC)(CCCCCC)CCCCCC,CCCCCCCCCCCCOS(=O)(=O)c1ccccc1,CCCCCCCCCCCCCC[P+](CCCCCC)(CCCCCC)CCCCCC.CCCCCCCCCCCCOS(=O)(=O)c1ccccc1,exclude,1,0,False,neutral_component_or_incorrect_ion_role
co2,non_test,4198,CCCCCCCCCCCCCC[P+](CCCCCC)(CCCCCC)CCCCCC,CCCCCCCCCCCCOS(=O)(=O)c1ccccc1,CCCCCCCCCCCCCC[P+](CCCCCC)(CCCCCC)CCCCCC.CCCCCCCCCCCCOS(=O)(=O)c1ccccc1,exclude,1,0,False,neutral_component_or_incorrect_ion_role
co2,non_test,4205,CCCCCCCCCCCCCC[P+](CCCCCC)(CCCCCC)CCCCCC,CCCCCCCCCCCCOS(=O)(=O)c1ccccc1,CCCCCCCCCCCCCC[P+](CCCCCC)(CCCCCC)CCCCCC.CCCCCCCCCCCCOS(=O)(=O)c1ccccc1,exclude,1,0,False,neutral_component_or_incorrect_ion_role
co2,non_test,4228,CCCCCCCCCCCCCC[P+](CCCCCC)(CCCCCC)CCCCCC,CCCCCCCCCCCCOS(=O)(=O)c1ccccc1,CCCCCCCCCCCCCC[P+](CCCCCC)(CCCCCC)CCCCCC.CCCCCCCCCCCCOS(=O)(=O)c1ccccc1,exclude,1,0,False,neutral_component_or_incorrect_ion_role
co2,non_test,4295,CCCCCCCCCCCCCC[P+](CCCCCC)(CCCCCC)CCCCCC,CCCCCCCCCCCCOS(=O)(=O)c1ccccc1,CCCCCCCCCCCCCC[P+](CCCCCC)(CCCCCC)CCCCCC.CCCCCCCCCCCCOS(=O)(=O)c1ccccc1,exclude,1,0,False,neutral_component_or_incorrect_ion_role
co2,non_test,4329,CCCCCCCCCCCCCC[P+](CCCCCC)(CCCCCC)CCCCCC,CCCCCCCCCCCCOS(=O)(=O)c1ccccc1,CCCCCCCCCCCCCC[P+](CCCCCC)(CCCCCC)CCCCCC.CCCCCCCCCCCCOS(=O)(=O)c1ccccc1,exclude,1,0,False,neutral_component_or_incorrect_ion_role
co2,non_test,4428,CCCCCCCCCCCCCC[P+](CCCCCC)(CCCCCC)CCCCCC,CCCCCCCCCCCCOS(=O)(=O)c1ccccc1,CCCCCCCCCCCCCC[P+](CCCCCC)(CCCCCC)CCCCCC.CCCCCCCCCCCCOS(=O)(=O)c1ccccc1,exclude,1,0,False,neutral_component_or_incorrect_ion_role
co2,non_test,4465,CCCCCCCCCCCCCC[P+](CCCCCC)(CCCCCC)CCCCCC,CCCCCCCCCCCCOS(=O)(=O)c1ccccc1,CCCCCCCCCCCCCC[P+](CCCCCC)(CCCCCC)CCCCCC.CCCCCCCCCCCCOS(=O)(=O)c1ccccc1,exclude,1,0,False,neutral_component_or_incorrect_ion_role
co2,non_test,4520,CCCCCCCCCCCCCC[P+](CCCCCC)(CCCCCC)CCCCCC,CCCCCCCCCCCCOS(=O)(=O)c1ccccc1,CCCCCCCCCCCCCC[P+](CCCCCC)(CCCCCC)CCCCCC.CCCCCCCCCCCCOS(=O)(=O)c1ccccc1,exclude,1,0,False,neutral_component_or_incorrect_ion_role
co2,non_test,4566,CCCCCCCCCCCCCC[P+](CCCCCC)(CCCCCC)CCCCCC,CCCCCCCCCCCCOS(=O)(=O)c1ccccc1,CCCCCCCCCCCCCC[P+](CCCCCC)(CCCCCC)CCCCCC.CCCCCCCCCCCCOS(=O)(=O)c1ccccc1,exclude,1,0,False,neutral_component_or_incorrect_ion_role
co2,non_test,4634,CCCCCCCCCCCCCC[P+](CCCCCC)(CCCCCC)CCCCCC,CCCCCCCCCCCCOS(=O)(=O)c1ccccc1,CCCCCCCCCCCCCC[P+](CCCCCC)(CCCCCC)CCCCCC.CCCCCCCCCCCCOS(=O)(=O)c1ccccc1,exclude,1,0,False,neutral_component_or_incorrect_ion_role
co2,non_test,4718,CCCCCCCCCCCCCC[P+](CCCCCC)(CCCCCC)CCCCCC,CCCCCCCCCCCCOS(=O)(=O)c1ccccc1,CCCCCCCCCCCCCC[P+](CCCCCC)(CCCCCC)CCCCCC.CCCCCCCCCCCCOS(=O)(=O)c1ccccc1,exclude,1,0,False,neutral_component_or_incorrect_ion_role
co2,non_test,4804,CCCCCCCCCCCCCC[P+](CCCCCC)(CCCCCC)CCCCCC,CCCCCCCCCCCCOS(=O)(=O)c1ccccc1,CCCCCCCCCCCCCC[P+](CCCCCC)(CCCCCC)CCCCCC.CCCCCCCCCCCCOS(=O)(=O)c1ccccc1,exclude,1,0,False,neutral_component_or_incorrect_ion_role
co2,non_test,4851,CCCCCCCCCCCCCC[P+](CCCCCC)(CCCCCC)CCCCCC,CCCCCCCCCCCCOS(=O)(=O)c1ccccc1,CCCCCCCCCCCCCC[P+](CCCCCC)(CCCCCC)CCCCCC.CCCCCCCCCCCCOS(=O)(=O)c1ccccc1,exclude,1,0,False,neutral_component_or_incorrect_ion_role
co2,non_test,5005,CCCCCCCCCCCCCC[P+](CCCCCC)(CCCCCC)CCCCCC,CCCCCCCCCCCCOS(=O)(=O)c1ccccc1,CCCCCCCCCCCCCC[P+](CCCCCC)(CCCCCC)CCCCCC.CCCCCCCCCCCCOS(=O)(=O)c1ccccc1,exclude,1,0,False,neutral_component_or_incorrect_ion_role
co2,non_test,6760,CCCCCCCCCCCCCC[P+](CCCCCC)(CCCCCC)CCCCCC,CCCCCCCCCCCCOS(=O)(=O)c1ccccc1,CCCCCCCCCCCCCC[P+](CCCCCC)(CCCCCC)CCCCCC.CCCCCCCCCCCCOS(=O)(=O)c1ccccc1,exclude,1,0,False,neutral_component_or_incorrect_ion_role
co2,non_test,6765,CCCCCCCCCCCCCC[P+](CCCCCC)(CCCCCC)CCCCCC,CCCCCCCCCCCCOS(=O)(=O)c1ccccc1,CCCCCCCCCCCCCC[P+](CCCCCC)(CCCCCC)CCCCCC.CCCCCCCCCCCCOS(=O)(=O)c1ccccc1,exclude,1,0,False,neutral_component_or_incorrect_ion_role
co2,non_test,6776,CCCCCCCCCCCCCC[P+](CCCCCC)(CCCCCC)CCCCCC,CCCCCCCCCCCCOS(=O)(=O)c1ccccc1,CCCCCCCCCCCCCC[P+](CCCCCC)(CCCCCC)CCCCCC.CCCCCCCCCCCCOS(=O)(=O)c1ccccc1,exclude,1,0,False,neutral_component_or_incorrect_ion_role
co2,non_test,6780,CCCCCCCCCCCCCC[P+](CCCCCC)(CCCCCC)CCCCCC,CCCCCCCCCCCCOS(=O)(=O)c1ccccc1,CCCCCCCCCCCCCC[P+](CCCCCC)(CCCCCC)CCCCCC.CCCCCCCCCCCCOS(=O)(=O)c1ccccc1,exclude,1,0,False,neutral_component_or_incorrect_ion_role
co2,non_test,6800,CCCCCCCCCCCCCC[P+](CCCCCC)(CCCCCC)CCCCCC,CCCCCCCCCCCCOS(=O)(=O)c1ccccc1,CCCCCCCCCCCCCC[P+](CCCCCC)(CCCCCC)CCCCCC.CCCCCCCCCCCCOS(=O)(=O)c1ccccc1,exclude,1,0,False,neutral_component_or_incorrect_ion_role
co2,non_test,6836,CCCCCCCCCCCCCC[P+](CCCCCC)(CCCCCC)CCCCCC,CCCCCCCCCCCCOS(=O)(=O)c1ccccc1,CCCCCCCCCCCCCC[P+](CCCCCC)(CCCCCC)CCCCCC.CCCCCCCCCCCCOS(=O)(=O)c1ccccc1,exclude,1,0,False,neutral_component_or_incorrect_ion_role
co2,non_test,6858,CCCCCCCCCCCCCC[P+](CCCCCC)(CCCCCC)CCCCCC,CCCCCCCCCCCCOS(=O)(=O)c1ccccc1,CCCCCCCCCCCCCC[P+](CCCCCC)(CCCCCC)CCCCCC.CCCCCCCCCCCCOS(=O)(=O)c1ccccc1,exclude,1,0,False,neutral_component_or_incorrect_ion_role
co2,non_test,6906,CCCCCCCCCCCCCC[P+](CCCCCC)(CCCCCC)CCCCCC,CCCCCCCCCCCCOS(=O)(=O)c1ccccc1,CCCCCCCCCCCCCC[P+](CCCCCC)(CCCCCC)CCCCCC.CCCCCCCCCCCCOS(=O)(=O)c1ccccc1,exclude,1,0,False,neutral_component_or_incorrect_ion_role
co2,non_test,6930,CCCCCCCCCCCCCC[P+](CCCCCC)(CCCCCC)CCCCCC,CCCCCCCCCCCCOS(=O)(=O)c1ccccc1,CCCCCCCCCCCCCC[P+](CCCCCC)(CCCCCC)CCCCCC.CCCCCCCCCCCCOS(=O)(=O)c1ccccc1,exclude,1,0,False,neutral_component_or_incorrect_ion_role
co2,non_test,6958,CCCCCCCCCCCCCC[P+](CCCCCC)(CCCCCC)CCCCCC,CCCCCCCCCCCCOS(=O)(=O)c1ccccc1,CCCCCCCCCCCCCC[P+](CCCCCC)(CCCCCC)CCCCCC.CCCCCCCCCCCCOS(=O)(=O)c1ccccc1,exclude,1,0,False,neutral_component_or_incorrect_ion_role
co2,non_test,6987,CCCCCCCCCCCCCC[P+](CCCCCC)(CCCCCC)CCCCCC,CCCCCCCCCCCCOS(=O)(=O)c1ccccc1,CCCCCCCCCCCCCC[P+](CCCCCC)(CCCCCC)CCCCCC.CCCCCCCCCCCCOS(=O)(=O)c1ccccc1,exclude,1,0,False,neutral_component_or_incorrect_ion_role
co2,non_test,7028,CCCCCCCCCCCCCC[P+](CCCCCC)(CCCCCC)CCCCCC,CCCCCCCCCCCCOS(=O)(=O)c1ccccc1,CCCCCCCCCCCCCC[P+](CCCCCC)(CCCCCC)CCCCCC.CCCCCCCCCCCCOS(=O)(=O)c1ccccc1,exclude,1,0,False,neutral_component_or_incorrect_ion_role
co2,non_test,7078,CCCCCCCCCCCCCC[P+](CCCCCC)(CCCCCC)CCCCCC,CCCCCCCCCCCCOS(=O)(=O)c1ccccc1,CCCCCCCCCCCCCC[P+](CCCCCC)(CCCCCC)CCCCCC.CCCCCCCCCCCCOS(=O)(=O)c1ccccc1,exclude,1,0,False,neutral_component_or_incorrect_ion_role
co2,non_test,7140,CCCCCCCCCCCCCC[P+](CCCCCC)(CCCCCC)CCCCCC,CCCCCCCCCCCCOS(=O)(=O)c1ccccc1,CCCCCCCCCCCCCC[P+](CCCCCC)(CCCCCC)CCCCCC.CCCCCCCCCCCCOS(=O)(=O)c1ccccc1,exclude,1,0,False,neutral_component_or_incorrect_ion_role
co2,non_test,7180,CCCCCCCCCCCCCC[P+](CCCCCC)(CCCCCC)CCCCCC,CCCCCCCCCCCCOS(=O)(=O)c1ccccc1,CCCCCCCCCCCCCC[P+](CCCCCC)(CCCCCC)CCCCCC.CCCCCCCCCCCCOS(=O)(=O)c1ccccc1,exclude,1,0,False,neutral_component_or_incorrect_ion_role
co2,non_test,7399,CCCCCCCCCCCCCC[P+](CCCCCC)(CCCCCC)CCCCCC,CCCCCCCCCCCCOS(=O)(=O)c1ccccc1,CCCCCCCCCCCCCC[P+](CCCCCC)(CCCCCC)CCCCCC.CCCCCCCCCCCCOS(=O)(=O)c1ccccc1,exclude,1,0,False,neutral_component_or_incorrect_ion_role
co2,non_test,8887,CCCCCCCCCCCCCC[P+](CCCCCC)(CCCCCC)CCCCCC,CCCCCCCCCCCCOS(=O)(=O)c1ccccc1,CCCCCCCCCCCCCC[P+](CCCCCC)(CCCCCC)CCCCCC.CCCCCCCCCCCCOS(=O)(=O)c1ccccc1,exclude,1,0,False,neutral_component_or_incorrect_ion_role
co2,non_test,8892,CCCCCCCCCCCCCC[P+](CCCCCC)(CCCCCC)CCCCCC,CCCCCCCCCCCCOS(=O)(=O)c1ccccc1,CCCCCCCCCCCCCC[P+](CCCCCC)(CCCCCC)CCCCCC.CCCCCCCCCCCCOS(=O)(=O)c1ccccc1,exclude,1,0,False,neutral_component_or_incorrect_ion_role
co2,non_test,8903,CCCCCCCCCCCCCC[P+](CCCCCC)(CCCCCC)CCCCCC,CCCCCCCCCCCCOS(=O)(=O)c1ccccc1,CCCCCCCCCCCCCC[P+](CCCCCC)(CCCCCC)CCCCCC.CCCCCCCCCCCCOS(=O)(=O)c1ccccc1,exclude,1,0,False,neutral_component_or_incorrect_ion_role
co2,non_test,8905,CCCCCCCCCCCCCC[P+](CCCCCC)(CCCCCC)CCCCCC,CCCCCCCCCCCCOS(=O)(=O)c1ccccc1,CCCCCCCCCCCCCC[P+](CCCCCC)(CCCCCC)CCCCCC.CCCCCCCCCCCCOS(=O)(=O)c1ccccc1,exclude,1,0,False,neutral_component_or_incorrect_ion_role
co2,non_test,8921,CCCCCCCCCCCCCC[P+](CCCCCC)(CCCCCC)CCCCCC,CCCCCCCCCCCCOS(=O)(=O)c1ccccc1,CCCCCCCCCCCCCC[P+](CCCCCC)(CCCCCC)CCCCCC.CCCCCCCCCCCCOS(=O)(=O)c1ccccc1,exclude,1,0,False,neutral_component_or_incorrect_ion_role
co2,non_test,8958,CCCCCCCCCCCCCC[P+](CCCCCC)(CCCCCC)CCCCCC,CCCCCCCCCCCCOS(=O)(=O)c1ccccc1,CCCCCCCCCCCCCC[P+](CCCCCC)(CCCCCC)CCCCCC.CCCCCCCCCCCCOS(=O)(=O)c1ccccc1,exclude,1,0,False,neutral_component_or_incorrect_ion_role
co2,non_test,8980,CCCCCCCCCCCCCC[P+](CCCCCC)(CCCCCC)CCCCCC,CCCCCCCCCCCCOS(=O)(=O)c1ccccc1,CCCCCCCCCCCCCC[P+](CCCCCC)(CCCCCC)CCCCCC.CCCCCCCCCCCCOS(=O)(=O)c1ccccc1,exclude,1,0,False,neutral_component_or_incorrect_ion_role
co2,non_test,9046,CCCCCCCCCCCCCC[P+](CCCCCC)(CCCCCC)CCCCCC,CCCCCCCCCCCCOS(=O)(=O)c1ccccc1,CCCCCCCCCCCCCC[P+](CCCCCC)(CCCCCC)CCCCCC.CCCCCCCCCCCCOS(=O)(=O)c1ccccc1,exclude,1,0,False,neutral_component_or_incorrect_ion_role
co2,non_test,9076,CCCCCCCCCCCCCC[P+](CCCCCC)(CCCCCC)CCCCCC,CCCCCCCCCCCCOS(=O)(=O)c1ccccc1,CCCCCCCCCCCCCC[P+](CCCCCC)(CCCCCC)CCCCCC.CCCCCCCCCCCCOS(=O)(=O)c1ccccc1,exclude,1,0,False,neutral_component_or_incorrect_ion_role
co2,non_test,9112,CCCCCCCCCCCCCC[P+](CCCCCC)(CCCCCC)CCCCCC,CCCCCCCCCCCCOS(=O)(=O)c1ccccc1,CCCCCCCCCCCCCC[P+](CCCCCC)(CCCCCC)CCCCCC.CCCCCCCCCCCCOS(=O)(=O)c1ccccc1,exclude,1,0,False,neutral_component_or_incorrect_ion_role
co2,non_test,9150,CCCCCCCCCCCCCC[P+](CCCCCC)(CCCCCC)CCCCCC,CCCCCCCCCCCCOS(=O)(=O)c1ccccc1,CCCCCCCCCCCCCC[P+](CCCCCC)(CCCCCC)CCCCCC.CCCCCCCCCCCCOS(=O)(=O)c1ccccc1,exclude,1,0,False,neutral_component_or_incorrect_ion_role
co2,non_test,9196,CCCCCCCCCCCCCC[P+](CCCCCC)(CCCCCC)CCCCCC,CCCCCCCCCCCCOS(=O)(=O)c1ccccc1,CCCCCCCCCCCCCC[P+](CCCCCC)(CCCCCC)CCCCCC.CCCCCCCCCCCCOS(=O)(=O)c1ccccc1,exclude,1,0,False,neutral_component_or_incorrect_ion_role
co2,non_test,9262,CCCCCCCCCCCCCC[P+](CCCCCC)(CCCCCC)CCCCCC,CCCCCCCCCCCCOS(=O)(=O)c1ccccc1,CCCCCCCCCCCCCC[P+](CCCCCC)(CCCCCC)CCCCCC.CCCCCCCCCCCCOS(=O)(=O)c1ccccc1,exclude,1,0,False,neutral_component_or_incorrect_ion_role
co2,non_test,9333,CCCCCCCCCCCCCC[P+](CCCCCC)(CCCCCC)CCCCCC,CCCCCCCCCCCCOS(=O)(=O)c1ccccc1,CCCCCCCCCCCCCC[P+](CCCCCC)(CCCCCC)CCCCCC.CCCCCCCCCCCCOS(=O)(=O)c1ccccc1,exclude,1,0,False,neutral_component_or_incorrect_ion_role
co2,non_test,9372,CCCCCCCCCCCCCC[P+](CCCCCC)(CCCCCC)CCCCCC,CCCCCCCCCCCCOS(=O)(=O)c1ccccc1,CCCCCCCCCCCCCC[P+](CCCCCC)(CCCCCC)CCCCCC.CCCCCCCCCCCCOS(=O)(=O)c1ccccc1,exclude,1,0,False,neutral_component_or_incorrect_ion_role
co2,non_test,9518,CCCCCCCCCCCCCC[P+](CCCCCC)(CCCCCC)CCCCCC,CCCCCCCCCCCCOS(=O)(=O)c1ccccc1,CCCCCCCCCCCCCC[P+](CCCCCC)(CCCCCC)CCCCCC.CCCCCCCCCCCCOS(=O)(=O)c1ccccc1,exclude,1,0,False,neutral_component_or_incorrect_ion_role
co2,non_test,10899,CCCCCCCCCCCCCC[P+](CCCCCC)(CCCCCC)CCCCCC,CCCCCCCCCCCCOS(=O)(=O)c1ccccc1,CCCCCCCCCCCCCC[P+](CCCCCC)(CCCCCC)CCCCCC.CCCCCCCCCCCCOS(=O)(=O)c1ccccc1,exclude,1,0,False,neutral_component_or_incorrect_ion_role
co2,non_test,10903,CCCCCCCCCCCCCC[P+](CCCCCC)(CCCCCC)CCCCCC,CCCCCCCCCCCCOS(=O)(=O)c1ccccc1,CCCCCCCCCCCCCC[P+](CCCCCC)(CCCCCC)CCCCCC.CCCCCCCCCCCCOS(=O)(=O)c1ccccc1,exclude,1,0,False,neutral_component_or_incorrect_ion_role
co2,non_test,10913,CCCCCCCCCCCCCC[P+](CCCCCC)(CCCCCC)CCCCCC,CCCCCCCCCCCCOS(=O)(=O)c1ccccc1,CCCCCCCCCCCCCC[P+](CCCCCC)(CCCCCC)CCCCCC.CCCCCCCCCCCCOS(=O)(=O)c1ccccc1,exclude,1,0,False,neutral_component_or_incorrect_ion_role
co2,non_test,10917,CCCCCCCCCCCCCC[P+](CCCCCC)(CCCCCC)CCCCCC,CCCCCCCCCCCCOS(=O)(=O)c1ccccc1,CCCCCCCCCCCCCC[P+](CCCCCC)(CCCCCC)CCCCCC.CCCCCCCCCCCCOS(=O)(=O)c1ccccc1,exclude,1,0,False,neutral_component_or_incorrect_ion_role
co2,non_test,10934,CCCCCCCCCCCCCC[P+](CCCCCC)(CCCCCC)CCCCCC,CCCCCCCCCCCCOS(=O)(=O)c1ccccc1,CCCCCCCCCCCCCC[P+](CCCCCC)(CCCCCC)CCCCCC.CCCCCCCCCCCCOS(=O)(=O)c1ccccc1,exclude,1,0,False,neutral_component_or_incorrect_ion_role
co2,non_test,10965,CCCCCCCCCCCCCC[P+](CCCCCC)(CCCCCC)CCCCCC,CCCCCCCCCCCCOS(=O)(=O)c1ccccc1,CCCCCCCCCCCCCC[P+](CCCCCC)(CCCCCC)CCCCCC.CCCCCCCCCCCCOS(=O)(=O)c1ccccc1,exclude,1,0,False,neutral_component_or_incorrect_ion_role
co2,non_test,10980,CCCCCCCCCCCCCC[P+](CCCCCC)(CCCCCC)CCCCCC,CCCCCCCCCCCCOS(=O)(=O)c1ccccc1,CCCCCCCCCCCCCC[P+](CCCCCC)(CCCCCC)CCCCCC.CCCCCCCCCCCCOS(=O)(=O)c1ccccc1,exclude,1,0,False,neutral_component_or_incorrect_ion_role
co2,non_test,11014,CCCCCCCCCCCCCC[P+](CCCCCC)(CCCCCC)CCCCCC,CCCCCCCCCCCCOS(=O)(=O)c1ccccc1,CCCCCCCCCCCCCC[P+](CCCCCC)(CCCCCC)CCCCCC.CCCCCCCCCCCCOS(=O)(=O)c1ccccc1,exclude,1,0,False,neutral_component_or_incorrect_ion_role
co2,non_test,11029,CCCCCCCCCCCCCC[P+](CCCCCC)(CCCCCC)CCCCCC,CCCCCCCCCCCCOS(=O)(=O)c1ccccc1,CCCCCCCCCCCCCC[P+](CCCCCC)(CCCCCC)CCCCCC.CCCCCCCCCCCCOS(=O)(=O)c1ccccc1,exclude,1,0,False,neutral_component_or_incorrect_ion_role
co2,non_test,11054,CCCCCCCCCCCCCC[P+](CCCCCC)(CCCCCC)CCCCCC,CCCCCCCCCCCCOS(=O)(=O)c1ccccc1,CCCCCCCCCCCCCC[P+](CCCCCC)(CCCCCC)CCCCCC.CCCCCCCCCCCCOS(=O)(=O)c1ccccc1,exclude,1,0,False,neutral_component_or_incorrect_ion_role
co2,non_test,11074,CCCCCCCCCCCCCC[P+](CCCCCC)(CCCCCC)CCCCCC,CCCCCCCCCCCCOS(=O)(=O)c1ccccc1,CCCCCCCCCCCCCC[P+](CCCCCC)(CCCCCC)CCCCCC.CCCCCCCCCCCCOS(=O)(=O)c1ccccc1,exclude,1,0,False,neutral_component_or_incorrect_ion_role
co2,non_test,11099,CCCCCCCCCCCCCC[P+](CCCCCC)(CCCCCC)CCCCCC,CCCCCCCCCCCCOS(=O)(=O)c1ccccc1,CCCCCCCCCCCCCC[P+](CCCCCC)(CCCCCC)CCCCCC.CCCCCCCCCCCCOS(=O)(=O)c1ccccc1,exclude,1,0,False,neutral_component_or_incorrect_ion_role
co2,non_test,11130,CCCCCCCCCCCCCC[P+](CCCCCC)(CCCCCC)CCCCCC,CCCCCCCCCCCCOS(=O)(=O)c1ccccc1,CCCCCCCCCCCCCC[P+](CCCCCC)(CCCCCC)CCCCCC.CCCCCCCCCCCCOS(=O)(=O)c1ccccc1,exclude,1,0,False,neutral_component_or_incorrect_ion_role
co2,non_test,11163,CCCCCCCCCCCCCC[P+](CCCCCC)(CCCCCC)CCCCCC,CCCCCCCCCCCCOS(=O)(=O)c1ccccc1,CCCCCCCCCCCCCC[P+](CCCCCC)(CCCCCC)CCCCCC.CCCCCCCCCCCCOS(=O)(=O)c1ccccc1,exclude,1,0,False,neutral_component_or_incorrect_ion_role
co2,non_test,11180,CCCCCCCCCCCCCC[P+](CCCCCC)(CCCCCC)CCCCCC,CCCCCCCCCCCCOS(=O)(=O)c1ccccc1,CCCCCCCCCCCCCC[P+](CCCCCC)(CCCCCC)CCCCCC.CCCCCCCCCCCCOS(=O)(=O)c1ccccc1,exclude,1,0,False,neutral_component_or_incorrect_ion_role
co2,non_test,11251,CCCCCCCCCCCCCC[P+](CCCCCC)(CCCCCC)CCCCCC,CCCCCCCCCCCCOS(=O)(=O)c1ccccc1,CCCCCCCCCCCCCC[P+](CCCCCC)(CCCCCC)CCCCCC.CCCCCCCCCCCCOS(=O)(=O)c1ccccc1,exclude,1,0,False,neutral_component_or_incorrect_ion_role
co2,non_test,12018,CCCCCCCCCCCCCC[P+](CCCCCC)(CCCCCC)CCCCCC,CCCCCCCCCCCCOS(=O)(=O)c1ccccc1,CCCCCCCCCCCCCC[P+](CCCCCC)(CCCCCC)CCCCCC.CCCCCCCCCCCCOS(=O)(=O)c1ccccc1,exclude,1,0,False,neutral_component_or_incorrect_ion_role
co2,non_test,12020,CCCCCCCCCCCCCC[P+](CCCCCC)(CCCCCC)CCCCCC,CCCCCCCCCCCCOS(=O)(=O)c1ccccc1,CCCCCCCCCCCCCC[P+](CCCCCC)(CCCCCC)CCCCCC.CCCCCCCCCCCCOS(=O)(=O)c1ccccc1,exclude,1,0,False,neutral_component_or_incorrect_ion_role
co2,non_test,12028,CCCCCCCCCCCCCC[P+](CCCCCC)(CCCCCC)CCCCCC,CCCCCCCCCCCCOS(=O)(=O)c1ccccc1,CCCCCCCCCCCCCC[P+](CCCCCC)(CCCCCC)CCCCCC.CCCCCCCCCCCCOS(=O)(=O)c1ccccc1,exclude,1,0,False,neutral_component_or_incorrect_ion_role
co2,non_test,12030,CCCCCCCCCCCCCC[P+](CCCCCC)(CCCCCC)CCCCCC,CCCCCCCCCCCCOS(=O)(=O)c1ccccc1,CCCCCCCCCCCCCC[P+](CCCCCC)(CCCCCC)CCCCCC.CCCCCCCCCCCCOS(=O)(=O)c1ccccc1,exclude,1,0,False,neutral_component_or_incorrect_ion_role
co2,non_test,12041,CCCCCCCCCCCCCC[P+](CCCCCC)(CCCCCC)CCCCCC,CCCCCCCCCCCCOS(=O)(=O)c1ccccc1,CCCCCCCCCCCCCC[P+](CCCCCC)(CCCCCC)CCCCCC.CCCCCCCCCCCCOS(=O)(=O)c1ccccc1,exclude,1,0,False,neutral_component_or_incorrect_ion_role
co2,non_test,12065,CCCCCCCCCCCCCC[P+](CCCCCC)(CCCCCC)CCCCCC,CCCCCCCCCCCCOS(=O)(=O)c1ccccc1,CCCCCCCCCCCCCC[P+](CCCCCC)(CCCCCC)CCCCCC.CCCCCCCCCCCCOS(=O)(=O)c1ccccc1,exclude,1,0,False,neutral_component_or_incorrect_ion_role
co2,non_test,12078,CCCCCCCCCCCCCC[P+](CCCCCC)(CCCCCC)CCCCCC,CCCCCCCCCCCCOS(=O)(=O)c1ccccc1,CCCCCCCCCCCCCC[P+](CCCCCC)(CCCCCC)CCCCCC.CCCCCCCCCCCCOS(=O)(=O)c1ccccc1,exclude,1,0,False,neutral_component_or_incorrect_ion_role
co2,non_test,12111,CCCCCCCCCCCCCC[P+](CCCCCC)(CCCCCC)CCCCCC,CCCCCCCCCCCCOS(=O)(=O)c1ccccc1,CCCCCCCCCCCCCC[P+](CCCCCC)(CCCCCC)CCCCCC.CCCCCCCCCCCCOS(=O)(=O)c1ccccc1,exclude,1,0,False,neutral_component_or_incorrect_ion_role
co2,non_test,12129,CCCCCCCCCCCCCC[P+](CCCCCC)(CCCCCC)CCCCCC,CCCCCCCCCCCCOS(=O)(=O)c1ccccc1,CCCCCCCCCCCCCC[P+](CCCCCC)(CCCCCC)CCCCCC.CCCCCCCCCCCCOS(=O)(=O)c1ccccc1,exclude,1,0,False,neutral_component_or_incorrect_ion_role
co2,non_test,12152,CCCCCCCCCCCCCC[P+](CCCCCC)(CCCCCC)CCCCCC,CCCCCCCCCCCCOS(=O)(=O)c1ccccc1,CCCCCCCCCCCCCC[P+](CCCCCC)(CCCCCC)CCCCCC.CCCCCCCCCCCCOS(=O)(=O)c1ccccc1,exclude,1,0,False,neutral_component_or_incorrect_ion_role
co2,non_test,12168,CCCCCCCCCCCCCC[P+](CCCCCC)(CCCCCC)CCCCCC,CCCCCCCCCCCCOS(=O)(=O)c1ccccc1,CCCCCCCCCCCCCC[P+](CCCCCC)(CCCCCC)CCCCCC.CCCCCCCCCCCCOS(=O)(=O)c1ccccc1,exclude,1,0,False,neutral_component_or_incorrect_ion_role
co2,non_test,12199,CCCCCCCCCCCCCC[P+](CCCCCC)(CCCCCC)CCCCCC,CCCCCCCCCCCCOS(=O)(=O)c1ccccc1,CCCCCCCCCCCCCC[P+](CCCCCC)(CCCCCC)CCCCCC.CCCCCCCCCCCCOS(=O)(=O)c1ccccc1,exclude,1,0,False,neutral_component_or_incorrect_ion_role
co2,non_test,12235,CCCCCCCCCCCCCC[P+](CCCCCC)(CCCCCC)CCCCCC,CCCCCCCCCCCCOS(=O)(=O)c1ccccc1,CCCCCCCCCCCCCC[P+](CCCCCC)(CCCCCC)CCCCCC.CCCCCCCCCCCCOS(=O)(=O)c1ccccc1,exclude,1,0,False,neutral_component_or_incorrect_ion_role
co2,non_test,12269,CCCCCCCCCCCCCC[P+](CCCCCC)(CCCCCC)CCCCCC,CCCCCCCCCCCCOS(=O)(=O)c1ccccc1,CCCCCCCCCCCCCC[P+](CCCCCC)(CCCCCC)CCCCCC.CCCCCCCCCCCCOS(=O)(=O)c1ccccc1,exclude,1,0,False,neutral_component_or_incorrect_ion_role
co2,non_test,12287,CCCCCCCCCCCCCC[P+](CCCCCC)(CCCCCC)CCCCCC,CCCCCCCCCCCCOS(=O)(=O)c1ccccc1,CCCCCCCCCCCCCC[P+](CCCCCC)(CCCCCC)CCCCCC.CCCCCCCCCCCCOS(=O)(=O)c1ccccc1,exclude,1,0,False,neutral_component_or_incorrect_ion_role
co2,non_test,12341,CCCCCCCCCCCCCC[P+](CCCCCC)(CCCCCC)CCCCCC,CCCCCCCCCCCCOS(=O)(=O)c1ccccc1,CCCCCCCCCCCCCC[P+](CCCCCC)(CCCCCC)CCCCCC.CCCCCCCCCCCCOS(=O)(=O)c1ccccc1,exclude,1,0,False,neutral_component_or_incorrect_ion_role
co2,non_test,12949,CCCCCCCCCCCCCC[P+](CCCCCC)(CCCCCC)CCCCCC,CCCCCCCCCCCCOS(=O)(=O)c1ccccc1,CCCCCCCCCCCCCC[P+](CCCCCC)(CCCCCC)CCCCCC.CCCCCCCCCCCCOS(=O)(=O)c1ccccc1,exclude,1,0,False,neutral_component_or_incorrect_ion_role
co2,non_test,12951,CCCCCCCCCCCCCC[P+](CCCCCC)(CCCCCC)CCCCCC,CCCCCCCCCCCCOS(=O)(=O)c1ccccc1,CCCCCCCCCCCCCC[P+](CCCCCC)(CCCCCC)CCCCCC.CCCCCCCCCCCCOS(=O)(=O)c1ccccc1,exclude,1,0,False,neutral_component_or_incorrect_ion_role
co2,non_test,12959,CCCCCCCCCCCCCC[P+](CCCCCC)(CCCCCC)CCCCCC,CCCCCCCCCCCCOS(=O)(=O)c1ccccc1,CCCCCCCCCCCCCC[P+](CCCCCC)(CCCCCC)CCCCCC.CCCCCCCCCCCCOS(=O)(=O)c1ccccc1,exclude,1,0,False,neutral_component_or_incorrect_ion_role
co2,non_test,12961,CCCCCCCCCCCCCC[P+](CCCCCC)(CCCCCC)CCCCCC,CCCCCCCCCCCCOS(=O)(=O)c1ccccc1,CCCCCCCCCCCCCC[P+](CCCCCC)(CCCCCC)CCCCCC.CCCCCCCCCCCCOS(=O)(=O)c1ccccc1,exclude,1,0,False,neutral_component_or_incorrect_ion_role
co2,non_test,12972,CCCCCCCCCCCCCC[P+](CCCCCC)(CCCCCC)CCCCCC,CCCCCCCCCCCCOS(=O)(=O)c1ccccc1,CCCCCCCCCCCCCC[P+](CCCCCC)(CCCCCC)CCCCCC.CCCCCCCCCCCCOS(=O)(=O)c1ccccc1,exclude,1,0,False,neutral_component_or_incorrect_ion_role
co2,non_test,13006,CCCCCCCCCCCCCC[P+](CCCCCC)(CCCCCC)CCCCCC,CCCCCCCCCCCCOS(=O)(=O)c1ccccc1,CCCCCCCCCCCCCC[P+](CCCCCC)(CCCCCC)CCCCCC.CCCCCCCCCCCCOS(=O)(=O)c1ccccc1,exclude,1,0,False,neutral_component_or_incorrect_ion_role
co2,non_test,13037,CCCCCCCCCCCCCC[P+](CCCCCC)(CCCCCC)CCCCCC,CCCCCCCCCCCCOS(=O)(=O)c1ccccc1,CCCCCCCCCCCCCC[P+](CCCCCC)(CCCCCC)CCCCCC.CCCCCCCCCCCCOS(=O)(=O)c1ccccc1,exclude,1,0,False,neutral_component_or_incorrect_ion_role
co2,non_test,13052,CCCCCCCCCCCCCC[P+](CCCCCC)(CCCCCC)CCCCCC,CCCCCCCCCCCCOS(=O)(=O)c1ccccc1,CCCCCCCCCCCCCC[P+](CCCCCC)(CCCCCC)CCCCCC.CCCCCCCCCCCCOS(=O)(=O)c1ccccc1,exclude,1,0,False,neutral_component_or_incorrect_ion_role
co2,non_test,13070,CCCCCCCCCCCCCC[P+](CCCCCC)(CCCCCC)CCCCCC,CCCCCCCCCCCCOS(=O)(=O)c1ccccc1,CCCCCCCCCCCCCC[P+](CCCCCC)(CCCCCC)CCCCCC.CCCCCCCCCCCCOS(=O)(=O)c1ccccc1,exclude,1,0,False,neutral_component_or_incorrect_ion_role
co2,non_test,13087,CCCCCCCCCCCCCC[P+](CCCCCC)(CCCCCC)CCCCCC,CCCCCCCCCCCCOS(=O)(=O)c1ccccc1,CCCCCCCCCCCCCC[P+](CCCCCC)(CCCCCC)CCCCCC.CCCCCCCCCCCCOS(=O)(=O)c1ccccc1,exclude,1,0,False,neutral_component_or_incorrect_ion_role
co2,non_test,13113,CCCCCCCCCCCCCC[P+](CCCCCC)(CCCCCC)CCCCCC,CCCCCCCCCCCCOS(=O)(=O)c1ccccc1,CCCCCCCCCCCCCC[P+](CCCCCC)(CCCCCC)CCCCCC.CCCCCCCCCCCCOS(=O)(=O)c1ccccc1,exclude,1,0,False,neutral_component_or_incorrect_ion_role
co2,non_test,13135,CCCCCCCCCCCCCC[P+](CCCCCC)(CCCCCC)CCCCCC,CCCCCCCCCCCCOS(=O)(=O)c1ccccc1,CCCCCCCCCCCCCC[P+](CCCCCC)(CCCCCC)CCCCCC.CCCCCCCCCCCCOS(=O)(=O)c1ccccc1,exclude,1,0,False,neutral_component_or_incorrect_ion_role
co2,non_test,13156,CCCCCCCCCCCCCC[P+](CCCCCC)(CCCCCC)CCCCCC,CCCCCCCCCCCCOS(=O)(=O)c1ccccc1,CCCCCCCCCCCCCC[P+](CCCCCC)(CCCCCC)CCCCCC.CCCCCCCCCCCCOS(=O)(=O)c1ccccc1,exclude,1,0,False,neutral_component_or_incorrect_ion_role
co2,non_test,13168,CCCCCCCCCCCCCC[P+](CCCCCC)(CCCCCC)CCCCCC,CCCCCCCCCCCCOS(=O)(=O)c1ccccc1,CCCCCCCCCCCCCC[P+](CCCCCC)(CCCCCC)CCCCCC.CCCCCCCCCCCCOS(=O)(=O)c1ccccc1,exclude,1,0,False,neutral_component_or_incorrect_ion_role
co2,non_test,13192,CCCCCCCCCCCCCC[P+](CCCCCC)(CCCCCC)CCCCCC,CCCCCCCCCCCCOS(=O)(=O)c1ccccc1,CCCCCCCCCCCCCC[P+](CCCCCC)(CCCCCC)CCCCCC.CCCCCCCCCCCCOS(=O)(=O)c1ccccc1,exclude,1,0,False,neutral_component_or_incorrect_ion_role
co2,non_test,2786,C=CC[n+]1cc[nH]c1,O=S(=O)(NS(=O)(=O)C(F)(F)F)C(F)(F)F,C=CC[n+]1cc[nH]c1.O=S(=O)(NS(=O)(=O)C(F)(F)F)C(F)(F)F,exclude,1,0,False,neutral_component_or_incorrect_ion_role
co2,non_test,2791,C=CC[n+]1cc[nH]c1,O=S(=O)(NS(=O)(=O)C(F)(F)F)C(F)(F)F,C=CC[n+]1cc[nH]c1.O=S(=O)(NS(=O)(=O)C(F)(F)F)C(F)(F)F,exclude,1,0,False,neutral_component_or_incorrect_ion_role
co2,non_test,2815,C=CC[n+]1cc[nH]c1,O=S(=O)(NS(=O)(=O)C(F)(F)F)C(F)(F)F,C=CC[n+]1cc[nH]c1.O=S(=O)(NS(=O)(=O)C(F)(F)F)C(F)(F)F,exclude,1,0,False,neutral_component_or_incorrect_ion_role
co2,non_test,2834,C=CC[n+]1cc[nH]c1,O=S(=O)(NS(=O)(=O)C(F)(F)F)C(F)(F)F,C=CC[n+]1cc[nH]c1.O=S(=O)(NS(=O)(=O)C(F)(F)F)C(F)(F)F,exclude,1,0,False,neutral_component_or_incorrect_ion_role
co2,non_test,2862,C=CC[n+]1cc[nH]c1,O=S(=O)(NS(=O)(=O)C(F)(F)F)C(F)(F)F,C=CC[n+]1cc[nH]c1.O=S(=O)(NS(=O)(=O)C(F)(F)F)C(F)(F)F,exclude,1,0,False,neutral_component_or_incorrect_ion_role
co2,non_test,2897,C=CC[n+]1cc[nH]c1,O=S(=O)(NS(=O)(=O)C(F)(F)F)C(F)(F)F,C=CC[n+]1cc[nH]c1.O=S(=O)(NS(=O)(=O)C(F)(F)F)C(F)(F)F,exclude,1,0,False,neutral_component_or_incorrect_ion_role
co2,non_test,2933,C=CC[n+]1cc[nH]c1,O=S(=O)(NS(=O)(=O)C(F)(F)F)C(F)(F)F,C=CC[n+]1cc[nH]c1.O=S(=O)(NS(=O)(=O)C(F)(F)F)C(F)(F)F,exclude,1,0,False,neutral_component_or_incorrect_ion_role
co2,non_test,2966,C=CC[n+]1cc[nH]c1,O=S(=O)(NS(=O)(=O)C(F)(F)F)C(F)(F)F,C=CC[n+]1cc[nH]c1.O=S(=O)(NS(=O)(=O)C(F)(F)F)C(F)(F)F,exclude,1,0,False,neutral_component_or_incorrect_ion_role
co2,non_test,2987,C=CC[n+]1cc[nH]c1,O=S(=O)(NS(=O)(=O)C(F)(F)F)C(F)(F)F,C=CC[n+]1cc[nH]c1.O=S(=O)(NS(=O)(=O)C(F)(F)F)C(F)(F)F,exclude,1,0,False,neutral_component_or_incorrect_ion_role
co2,non_test,3007,C=CC[n+]1cc[nH]c1,O=S(=O)(NS(=O)(=O)C(F)(F)F)C(F)(F)F,C=CC[n+]1cc[nH]c1.O=S(=O)(NS(=O)(=O)C(F)(F)F)C(F)(F)F,exclude,1,0,False,neutral_component_or_incorrect_ion_role
co2,non_test,3024,C=CC[n+]1cc[nH]c1,O=S(=O)(NS(=O)(=O)C(F)(F)F)C(F)(F)F,C=CC[n+]1cc[nH]c1.O=S(=O)(NS(=O)(=O)C(F)(F)F)C(F)(F)F,exclude,1,0,False,neutral_component_or_incorrect_ion_role
co2,non_test,7143,C=CC[n+]1cc[nH]c1,O=S(=O)(NS(=O)(=O)C(F)(F)F)C(F)(F)F,C=CC[n+]1cc[nH]c1.O=S(=O)(NS(=O)(=O)C(F)(F)F)C(F)(F)F,exclude,1,0,False,neutral_component_or_incorrect_ion_role
co2,non_test,7158,C=CC[n+]1cc[nH]c1,O=S(=O)(NS(=O)(=O)C(F)(F)F)C(F)(F)F,C=CC[n+]1cc[nH]c1.O=S(=O)(NS(=O)(=O)C(F)(F)F)C(F)(F)F,exclude,1,0,False,neutral_component_or_incorrect_ion_role
co2,non_test,7203,C=CC[n+]1cc[nH]c1,O=S(=O)(NS(=O)(=O)C(F)(F)F)C(F)(F)F,C=CC[n+]1cc[nH]c1.O=S(=O)(NS(=O)(=O)C(F)(F)F)C(F)(F)F,exclude,1,0,False,neutral_component_or_incorrect_ion_role
co2,non_test,7248,C=CC[n+]1cc[nH]c1,O=S(=O)(NS(=O)(=O)C(F)(F)F)C(F)(F)F,C=CC[n+]1cc[nH]c1.O=S(=O)(NS(=O)(=O)C(F)(F)F)C(F)(F)F,exclude,1,0,False,neutral_component_or_incorrect_ion_role
co2,non_test,7299,C=CC[n+]1cc[nH]c1,O=S(=O)(NS(=O)(=O)C(F)(F)F)C(F)(F)F,C=CC[n+]1cc[nH]c1.O=S(=O)(NS(=O)(=O)C(F)(F)F)C(F)(F)F,exclude,1,0,False,neutral_component_or_incorrect_ion_role
co2,non_test,7391,C=CC[n+]1cc[nH]c1,O=S(=O)(NS(=O)(=O)C(F)(F)F)C(F)(F)F,C=CC[n+]1cc[nH]c1.O=S(=O)(NS(=O)(=O)C(F)(F)F)C(F)(F)F,exclude,1,0,False,neutral_component_or_incorrect_ion_role
co2,non_test,7510,C=CC[n+]1cc[nH]c1,O=S(=O)(NS(=O)(=O)C(F)(F)F)C(F)(F)F,C=CC[n+]1cc[nH]c1.O=S(=O)(NS(=O)(=O)C(F)(F)F)C(F)(F)F,exclude,1,0,False,neutral_component_or_incorrect_ion_role
co2,non_test,7640,C=CC[n+]1cc[nH]c1,O=S(=O)(NS(=O)(=O)C(F)(F)F)C(F)(F)F,C=CC[n+]1cc[nH]c1.O=S(=O)(NS(=O)(=O)C(F)(F)F)C(F)(F)F,exclude,1,0,False,neutral_component_or_incorrect_ion_role
co2,non_test,7713,C=CC[n+]1cc[nH]c1,O=S(=O)(NS(=O)(=O)C(F)(F)F)C(F)(F)F,C=CC[n+]1cc[nH]c1.O=S(=O)(NS(=O)(=O)C(F)(F)F)C(F)(F)F,exclude,1,0,False,neutral_component_or_incorrect_ion_role
co2,non_test,7763,C=CC[n+]1cc[nH]c1,O=S(=O)(NS(=O)(=O)C(F)(F)F)C(F)(F)F,C=CC[n+]1cc[nH]c1.O=S(=O)(NS(=O)(=O)C(F)(F)F)C(F)(F)F,exclude,1,0,False,neutral_component_or_incorrect_ion_role
co2,non_test,7801,C=CC[n+]1cc[nH]c1,O=S(=O)(NS(=O)(=O)C(F)(F)F)C(F)(F)F,C=CC[n+]1cc[nH]c1.O=S(=O)(NS(=O)(=O)C(F)(F)F)C(F)(F)F,exclude,1,0,False,neutral_component_or_incorrect_ion_role
co2,non_test,11190,C=CC[n+]1cc[nH]c1,O=S(=O)(NS(=O)(=O)C(F)(F)F)C(F)(F)F,C=CC[n+]1cc[nH]c1.O=S(=O)(NS(=O)(=O)C(F)(F)F)C(F)(F)F,exclude,1,0,False,neutral_component_or_incorrect_ion_role
co2,non_test,11200,C=CC[n+]1cc[nH]c1,O=S(=O)(NS(=O)(=O)C(F)(F)F)C(F)(F)F,C=CC[n+]1cc[nH]c1.O=S(=O)(NS(=O)(=O)C(F)(F)F)C(F)(F)F,exclude,1,0,False,neutral_component_or_incorrect_ion_role
co2,non_test,11213,C=CC[n+]1cc[nH]c1,O=S(=O)(NS(=O)(=O)C(F)(F)F)C(F)(F)F,C=CC[n+]1cc[nH]c1.O=S(=O)(NS(=O)(=O)C(F)(F)F)C(F)(F)F,exclude,1,0,False,neutral_component_or_incorrect_ion_role
co2,non_test,11228,C=CC[n+]1cc[nH]c1,O=S(=O)(NS(=O)(=O)C(F)(F)F)C(F)(F)F,C=CC[n+]1cc[nH]c1.O=S(=O)(NS(=O)(=O)C(F)(F)F)C(F)(F)F,exclude,1,0,False,neutral_component_or_incorrect_ion_role
co2,non_test,11247,C=CC[n+]1cc[nH]c1,O=S(=O)(NS(=O)(=O)C(F)(F)F)C(F)(F)F,C=CC[n+]1cc[nH]c1.O=S(=O)(NS(=O)(=O)C(F)(F)F)C(F)(F)F,exclude,1,0,False,neutral_component_or_incorrect_ion_role
co2,non_test,11261,C=CC[n+]1cc[nH]c1,O=S(=O)(NS(=O)(=O)C(F)(F)F)C(F)(F)F,C=CC[n+]1cc[nH]c1.O=S(=O)(NS(=O)(=O)C(F)(F)F)C(F)(F)F,exclude,1,0,False,neutral_component_or_incorrect_ion_role
co2,non_test,11286,C=CC[n+]1cc[nH]c1,O=S(=O)(NS(=O)(=O)C(F)(F)F)C(F)(F)F,C=CC[n+]1cc[nH]c1.O=S(=O)(NS(=O)(=O)C(F)(F)F)C(F)(F)F,exclude,1,0,False,neutral_component_or_incorrect_ion_role
co2,non_test,11306,C=CC[n+]1cc[nH]c1,O=S(=O)(NS(=O)(=O)C(F)(F)F)C(F)(F)F,C=CC[n+]1cc[nH]c1.O=S(=O)(NS(=O)(=O)C(F)(F)F)C(F)(F)F,exclude,1,0,False,neutral_component_or_incorrect_ion_role
co2,non_test,11321,C=CC[n+]1cc[nH]c1,O=S(=O)(NS(=O)(=O)C(F)(F)F)C(F)(F)F,C=CC[n+]1cc[nH]c1.O=S(=O)(NS(=O)(=O)C(F)(F)F)C(F)(F)F,exclude,1,0,False,neutral_component_or_incorrect_ion_role
co2,non_test,11333,C=CC[n+]1cc[nH]c1,O=S(=O)(NS(=O)(=O)C(F)(F)F)C(F)(F)F,C=CC[n+]1cc[nH]c1.O=S(=O)(NS(=O)(=O)C(F)(F)F)C(F)(F)F,exclude,1,0,False,neutral_component_or_incorrect_ion_role
co2,non_test,11342,C=CC[n+]1cc[nH]c1,O=S(=O)(NS(=O)(=O)C(F)(F)F)C(F)(F)F,C=CC[n+]1cc[nH]c1.O=S(=O)(NS(=O)(=O)C(F)(F)F)C(F)(F)F,exclude,1,0,False,neutral_component_or_incorrect_ion_role
co2,non_test,4645,CCC[n+]1cccc(C)c1,O=S(=O)(NS(=O)(=O)C(F)(F)F)C(F)(F)F,CCC[n+]1cccc(C)c1.O=S(=O)(NS(=O)(=O)C(F)(F)F)C(F)(F)F,exclude,1,0,False,neutral_component_or_incorrect_ion_role
co2,non_test,4684,CCC[n+]1cccc(C)c1,O=S(=O)(NS(=O)(=O)C(F)(F)F)C(F)(F)F,CCC[n+]1cccc(C)c1.O=S(=O)(NS(=O)(=O)C(F)(F)F)C(F)(F)F,exclude,1,0,False,neutral_component_or_incorrect_ion_role
co2,non_test,4731,CCC[n+]1cccc(C)c1,O=S(=O)(NS(=O)(=O)C(F)(F)F)C(F)(F)F,CCC[n+]1cccc(C)c1.O=S(=O)(NS(=O)(=O)C(F)(F)F)C(F)(F)F,exclude,1,0,False,neutral_component_or_incorrect_ion_role
co2,non_test,4780,CCC[n+]1cccc(C)c1,O=S(=O)(NS(=O)(=O)C(F)(F)F)C(F)(F)F,CCC[n+]1cccc(C)c1.O=S(=O)(NS(=O)(=O)C(F)(F)F)C(F)(F)F,exclude,1,0,False,neutral_component_or_incorrect_ion_role
co2,non_test,4831,CCC[n+]1cccc(C)c1,O=S(=O)(NS(=O)(=O)C(F)(F)F)C(F)(F)F,CCC[n+]1cccc(C)c1.O=S(=O)(NS(=O)(=O)C(F)(F)F)C(F)(F)F,exclude,1,0,False,neutral_component_or_incorrect_ion_role
co2,non_test,4862,CCC[n+]1cccc(C)c1,O=S(=O)(NS(=O)(=O)C(F)(F)F)C(F)(F)F,CCC[n+]1cccc(C)c1.O=S(=O)(NS(=O)(=O)C(F)(F)F)C(F)(F)F,exclude,1,0,False,neutral_component_or_incorrect_ion_role
co2,non_test,4886,CCC[n+]1cccc(C)c1,O=S(=O)(NS(=O)(=O)C(F)(F)F)C(F)(F)F,CCC[n+]1cccc(C)c1.O=S(=O)(NS(=O)(=O)C(F)(F)F)C(F)(F)F,exclude,1,0,False,neutral_component_or_incorrect_ion_role
co2,non_test,4940,CCC[n+]1cccc(C)c1,O=S(=O)(NS(=O)(=O)C(F)(F)F)C(F)(F)F,CCC[n+]1cccc(C)c1.O=S(=O)(NS(=O)(=O)C(F)(F)F)C(F)(F)F,exclude,1,0,False,neutral_component_or_incorrect_ion_role
co2,non_test,5027,CCC[n+]1cccc(C)c1,O=S(=O)(NS(=O)(=O)C(F)(F)F)C(F)(F)F,CCC[n+]1cccc(C)c1.O=S(=O)(NS(=O)(=O)C(F)(F)F)C(F)(F)F,exclude,1,0,False,neutral_component_or_incorrect_ion_role
co2,non_test,5093,CCC[n+]1cccc(C)c1,O=S(=O)(NS(=O)(=O)C(F)(F)F)C(F)(F)F,CCC[n+]1cccc(C)c1.O=S(=O)(NS(=O)(=O)C(F)(F)F)C(F)(F)F,exclude,1,0,False,neutral_component_or_incorrect_ion_role
co2,non_test,5122,CCC[n+]1cccc(C)c1,O=S(=O)(NS(=O)(=O)C(F)(F)F)C(F)(F)F,CCC[n+]1cccc(C)c1.O=S(=O)(NS(=O)(=O)C(F)(F)F)C(F)(F)F,exclude,1,0,False,neutral_component_or_incorrect_ion_role
co2,non_test,5141,CCC[n+]1cccc(C)c1,O=S(=O)(NS(=O)(=O)C(F)(F)F)C(F)(F)F,CCC[n+]1cccc(C)c1.O=S(=O)(NS(=O)(=O)C(F)(F)F)C(F)(F)F,exclude,1,0,False,neutral_component_or_incorrect_ion_role
co2,non_test,5172,CCC[n+]1cccc(C)c1,O=S(=O)(NS(=O)(=O)C(F)(F)F)C(F)(F)F,CCC[n+]1cccc(C)c1.O=S(=O)(NS(=O)(=O)C(F)(F)F)C(F)(F)F,exclude,1,0,False,neutral_component_or_incorrect_ion_role
co2,non_test,7075,CCC[n+]1cccc(C)c1,O=S(=O)(NS(=O)(=O)C(F)(F)F)C(F)(F)F,CCC[n+]1cccc(C)c1.O=S(=O)(NS(=O)(=O)C(F)(F)F)C(F)(F)F,exclude,1,0,False,neutral_component_or_incorrect_ion_role
co2,non_test,7097,CCC[n+]1cccc(C)c1,O=S(=O)(NS(=O)(=O)C(F)(F)F)C(F)(F)F,CCC[n+]1cccc(C)c1.O=S(=O)(NS(=O)(=O)C(F)(F)F)C(F)(F)F,exclude,1,0,False,neutral_component_or_incorrect_ion_role
co2,non_test,7131,CCC[n+]1cccc(C)c1,O=S(=O)(NS(=O)(=O)C(F)(F)F)C(F)(F)F,CCC[n+]1cccc(C)c1.O=S(=O)(NS(=O)(=O)C(F)(F)F)C(F)(F)F,exclude,1,0,False,neutral_component_or_incorrect_ion_role
co2,non_test,7163,CCC[n+]1cccc(C)c1,O=S(=O)(NS(=O)(=O)C(F)(F)F)C(F)(F)F,CCC[n+]1cccc(C)c1.O=S(=O)(NS(=O)(=O)C(F)(F)F)C(F)(F)F,exclude,1,0,False,neutral_component_or_incorrect_ion_role
co2,non_test,7213,CCC[n+]1cccc(C)c1,O=S(=O)(NS(=O)(=O)C(F)(F)F)C(F)(F)F,CCC[n+]1cccc(C)c1.O=S(=O)(NS(=O)(=O)C(F)(F)F)C(F)(F)F,exclude,1,0,False,neutral_component_or_incorrect_ion_role
co2,non_test,7235,CCC[n+]1cccc(C)c1,O=S(=O)(NS(=O)(=O)C(F)(F)F)C(F)(F)F,CCC[n+]1cccc(C)c1.O=S(=O)(NS(=O)(=O)C(F)(F)F)C(F)(F)F,exclude,1,0,False,neutral_component_or_incorrect_ion_role
co2,non_test,7259,CCC[n+]1cccc(C)c1,O=S(=O)(NS(=O)(=O)C(F)(F)F)C(F)(F)F,CCC[n+]1cccc(C)c1.O=S(=O)(NS(=O)(=O)C(F)(F)F)C(F)(F)F,exclude,1,0,False,neutral_component_or_incorrect_ion_role
co2,non_test,7320,CCC[n+]1cccc(C)c1,O=S(=O)(NS(=O)(=O)C(F)(F)F)C(F)(F)F,CCC[n+]1cccc(C)c1.O=S(=O)(NS(=O)(=O)C(F)(F)F)C(F)(F)F,exclude,1,0,False,neutral_component_or_incorrect_ion_role
co2,non_test,7498,CCC[n+]1cccc(C)c1,O=S(=O)(NS(=O)(=O)C(F)(F)F)C(F)(F)F,CCC[n+]1cccc(C)c1.O=S(=O)(NS(=O)(=O)C(F)(F)F)C(F)(F)F,exclude,1,0,False,neutral_component_or_incorrect_ion_role
co2,non_test,7629,CCC[n+]1cccc(C)c1,O=S(=O)(NS(=O)(=O)C(F)(F)F)C(F)(F)F,CCC[n+]1cccc(C)c1.O=S(=O)(NS(=O)(=O)C(F)(F)F)C(F)(F)F,exclude,1,0,False,neutral_component_or_incorrect_ion_role
co2,non_test,7703,CCC[n+]1cccc(C)c1,O=S(=O)(NS(=O)(=O)C(F)(F)F)C(F)(F)F,CCC[n+]1cccc(C)c1.O=S(=O)(NS(=O)(=O)C(F)(F)F)C(F)(F)F,exclude,1,0,False,neutral_component_or_incorrect_ion_role
co2,non_test,7759,CCC[n+]1cccc(C)c1,O=S(=O)(NS(=O)(=O)C(F)(F)F)C(F)(F)F,CCC[n+]1cccc(C)c1.O=S(=O)(NS(=O)(=O)C(F)(F)F)C(F)(F)F,exclude,1,0,False,neutral_component_or_incorrect_ion_role
co2,non_test,7819,CCC[n+]1cccc(C)c1,O=S(=O)(NS(=O)(=O)C(F)(F)F)C(F)(F)F,CCC[n+]1cccc(C)c1.O=S(=O)(NS(=O)(=O)C(F)(F)F)C(F)(F)F,exclude,1,0,False,neutral_component_or_incorrect_ion_role
co2,non_test,9317,CCC[n+]1cccc(C)c1,O=S(=O)(NS(=O)(=O)C(F)(F)F)C(F)(F)F,CCC[n+]1cccc(C)c1.O=S(=O)(NS(=O)(=O)C(F)(F)F)C(F)(F)F,exclude,1,0,False,neutral_component_or_incorrect_ion_role
co2,non_test,9342,CCC[n+]1cccc(C)c1,O=S(=O)(NS(=O)(=O)C(F)(F)F)C(F)(F)F,CCC[n+]1cccc(C)c1.O=S(=O)(NS(=O)(=O)C(F)(F)F)C(F)(F)F,exclude,1,0,False,neutral_component_or_incorrect_ion_role
co2,non_test,9375,CCC[n+]1cccc(C)c1,O=S(=O)(NS(=O)(=O)C(F)(F)F)C(F)(F)F,CCC[n+]1cccc(C)c1.O=S(=O)(NS(=O)(=O)C(F)(F)F)C(F)(F)F,exclude,1,0,False,neutral_component_or_incorrect_ion_role
co2,non_test,9405,CCC[n+]1cccc(C)c1,O=S(=O)(NS(=O)(=O)C(F)(F)F)C(F)(F)F,CCC[n+]1cccc(C)c1.O=S(=O)(NS(=O)(=O)C(F)(F)F)C(F)(F)F,exclude,1,0,False,neutral_component_or_incorrect_ion_role
co2,non_test,9445,CCC[n+]1cccc(C)c1,O=S(=O)(NS(=O)(=O)C(F)(F)F)C(F)(F)F,CCC[n+]1cccc(C)c1.O=S(=O)(NS(=O)(=O)C(F)(F)F)C(F)(F)F,exclude,1,0,False,neutral_component_or_incorrect_ion_role
co2,non_test,9466,CCC[n+]1cccc(C)c1,O=S(=O)(NS(=O)(=O)C(F)(F)F)C(F)(F)F,CCC[n+]1cccc(C)c1.O=S(=O)(NS(=O)(=O)C(F)(F)F)C(F)(F)F,exclude,1,0,False,neutral_component_or_incorrect_ion_role
co2,non_test,9482,CCC[n+]1cccc(C)c1,O=S(=O)(NS(=O)(=O)C(F)(F)F)C(F)(F)F,CCC[n+]1cccc(C)c1.O=S(=O)(NS(=O)(=O)C(F)(F)F)C(F)(F)F,exclude,1,0,False,neutral_component_or_incorrect_ion_role
co2,non_test,9513,CCC[n+]1cccc(C)c1,O=S(=O)(NS(=O)(=O)C(F)(F)F)C(F)(F)F,CCC[n+]1cccc(C)c1.O=S(=O)(NS(=O)(=O)C(F)(F)F)C(F)(F)F,exclude,1,0,False,neutral_component_or_incorrect_ion_role
co2,non_test,9581,CCC[n+]1cccc(C)c1,O=S(=O)(NS(=O)(=O)C(F)(F)F)C(F)(F)F,CCC[n+]1cccc(C)c1.O=S(=O)(NS(=O)(=O)C(F)(F)F)C(F)(F)F,exclude,1,0,False,neutral_component_or_incorrect_ion_role
co2,non_test,9631,CCC[n+]1cccc(C)c1,O=S(=O)(NS(=O)(=O)C(F)(F)F)C(F)(F)F,CCC[n+]1cccc(C)c1.O=S(=O)(NS(=O)(=O)C(F)(F)F)C(F)(F)F,exclude,1,0,False,neutral_component_or_incorrect_ion_role
co2,non_test,9654,CCC[n+]1cccc(C)c1,O=S(=O)(NS(=O)(=O)C(F)(F)F)C(F)(F)F,CCC[n+]1cccc(C)c1.O=S(=O)(NS(=O)(=O)C(F)(F)F)C(F)(F)F,exclude,1,0,False,neutral_component_or_incorrect_ion_role
co2,non_test,9662,CCC[n+]1cccc(C)c1,O=S(=O)(NS(=O)(=O)C(F)(F)F)C(F)(F)F,CCC[n+]1cccc(C)c1.O=S(=O)(NS(=O)(=O)C(F)(F)F)C(F)(F)F,exclude,1,0,False,neutral_component_or_incorrect_ion_role
co2,non_test,9668,CCC[n+]1cccc(C)c1,O=S(=O)(NS(=O)(=O)C(F)(F)F)C(F)(F)F,CCC[n+]1cccc(C)c1.O=S(=O)(NS(=O)(=O)C(F)(F)F)C(F)(F)F,exclude,1,0,False,neutral_component_or_incorrect_ion_role
co2,test,2463,CCCCCCCC[N+](C)(CCCCCCCC)CCCCCCCC,O=S(=O)(NS(=O)(=O)C(F)(F)F)C(F)(F)F,CCCCCCCC[N+](C)(CCCCCCCC)CCCCCCCC.O=S(=O)(NS(=O)(=O)C(F)(F)F)C(F)(F)F,exclude,1,0,False,neutral_component_or_incorrect_ion_role
co2,test,2470,CCCCCCCC[N+](C)(CCCCCCCC)CCCCCCCC,O=S(=O)(NS(=O)(=O)C(F)(F)F)C(F)(F)F,CCCCCCCC[N+](C)(CCCCCCCC)CCCCCCCC.O=S(=O)(NS(=O)(=O)C(F)(F)F)C(F)(F)F,exclude,1,0,False,neutral_component_or_incorrect_ion_role
co2,test,2472,CCCCCCCC[N+](C)(CCCCCCCC)CCCCCCCC,O=S(=O)(NS(=O)(=O)C(F)(F)F)C(F)(F)F,CCCCCCCC[N+](C)(CCCCCCCC)CCCCCCCC.O=S(=O)(NS(=O)(=O)C(F)(F)F)C(F)(F)F,exclude,1,0,False,neutral_component_or_incorrect_ion_role
co2,test,2481,CCCCCCCC[N+](C)(CCCCCCCC)CCCCCCCC,O=S(=O)(NS(=O)(=O)C(F)(F)F)C(F)(F)F,CCCCCCCC[N+](C)(CCCCCCCC)CCCCCCCC.O=S(=O)(NS(=O)(=O)C(F)(F)F)C(F)(F)F,exclude,1,0,False,neutral_component_or_incorrect_ion_role
co2,test,2483,CCCCCCCC[N+](C)(CCCCCCCC)CCCCCCCC,O=S(=O)(NS(=O)(=O)C(F)(F)F)C(F)(F)F,CCCCCCCC[N+](C)(CCCCCCCC)CCCCCCCC.O=S(=O)(NS(=O)(=O)C(F)(F)F)C(F)(F)F,exclude,1,0,False,neutral_component_or_incorrect_ion_role
co2,test,2526,CCCCCCCC[N+](C)(CCCCCCCC)CCCCCCCC,O=S(=O)(NS(=O)(=O)C(F)(F)F)C(F)(F)F,CCCCCCCC[N+](C)(CCCCCCCC)CCCCCCCC.O=S(=O)(NS(=O)(=O)C(F)(F)F)C(F)(F)F,exclude,1,0,False,neutral_component_or_incorrect_ion_role
co2,test,3051,CCCCCCCC[N+](C)(CCCCCCCC)CCCCCCCC,O=S(=O)(NS(=O)(=O)C(F)(F)F)C(F)(F)F,CCCCCCCC[N+](C)(CCCCCCCC)CCCCCCCC.O=S(=O)(NS(=O)(=O)C(F)(F)F)C(F)(F)F,exclude,1,0,False,neutral_component_or_incorrect_ion_role
co2,test,3059,CCCCCCCC[N+](C)(CCCCCCCC)CCCCCCCC,O=S(=O)(NS(=O)(=O)C(F)(F)F)C(F)(F)F,CCCCCCCC[N+](C)(CCCCCCCC)CCCCCCCC.O=S(=O)(NS(=O)(=O)C(F)(F)F)C(F)(F)F,exclude,1,0,False,neutral_component_or_incorrect_ion_role
co2,test,3061,CCCCCCCC[N+](C)(CCCCCCCC)CCCCCCCC,O=S(=O)(NS(=O)(=O)C(F)(F)F)C(F)(F)F,CCCCCCCC[N+](C)(CCCCCCCC)CCCCCCCC.O=S(=O)(NS(=O)(=O)C(F)(F)F)C(F)(F)F,exclude,1,0,False,neutral_component_or_incorrect_ion_role
co2,test,3063,CCCCCCCC[N+](C)(CCCCCCCC)CCCCCCCC,O=S(=O)(NS(=O)(=O)C(F)(F)F)C(F)(F)F,CCCCCCCC[N+](C)(CCCCCCCC)CCCCCCCC.O=S(=O)(NS(=O)(=O)C(F)(F)F)C(F)(F)F,exclude,1,0,False,neutral_component_or_incorrect_ion_role
co2,test,3067,CCCCCCCC[N+](C)(CCCCCCCC)CCCCCCCC,O=S(=O)(NS(=O)(=O)C(F)(F)F)C(F)(F)F,CCCCCCCC[N+](C)(CCCCCCCC)CCCCCCCC.O=S(=O)(NS(=O)(=O)C(F)(F)F)C(F)(F)F,exclude,1,0,False,neutral_component_or_incorrect_ion_role
co2,test,3083,CCCCCCCC[N+](C)(CCCCCCCC)CCCCCCCC,O=S(=O)(NS(=O)(=O)C(F)(F)F)C(F)(F)F,CCCCCCCC[N+](C)(CCCCCCCC)CCCCCCCC.O=S(=O)(NS(=O)(=O)C(F)(F)F)C(F)(F)F,exclude,1,0,False,neutral_component_or_incorrect_ion_role
co2,test,3084,CCCCCCCC[N+](C)(CCCCCCCC)CCCCCCCC,O=S(=O)(NS(=O)(=O)C(F)(F)F)C(F)(F)F,CCCCCCCC[N+](C)(CCCCCCCC)CCCCCCCC.O=S(=O)(NS(=O)(=O)C(F)(F)F)C(F)(F)F,exclude,1,0,False,neutral_component_or_incorrect_ion_role
co2,test,3120,CCCCCCCC[N+](C)(CCCCCCCC)CCCCCCCC,O=S(=O)(NS(=O)(=O)C(F)(F)F)C(F)(F)F,CCCCCCCC[N+](C)(CCCCCCCC)CCCCCCCC.O=S(=O)(NS(=O)(=O)C(F)(F)F)C(F)(F)F,exclude,1,0,False,neutral_component_or_incorrect_ion_role
co2,test,3205,CCCCCCCC[N+](C)(CCCCCCCC)CCCCCCCC,O=S(=O)(NS(=O)(=O)C(F)(F)F)C(F)(F)F,CCCCCCCC[N+](C)(CCCCCCCC)CCCCCCCC.O=S(=O)(NS(=O)(=O)C(F)(F)F)C(F)(F)F,exclude,1,0,False,neutral_component_or_incorrect_ion_role
co2,test,3215,CCCCCCCC[N+](C)(CCCCCCCC)CCCCCCCC,O=S(=O)(NS(=O)(=O)C(F)(F)F)C(F)(F)F,CCCCCCCC[N+](C)(CCCCCCCC)CCCCCCCC.O=S(=O)(NS(=O)(=O)C(F)(F)F)C(F)(F)F,exclude,1,0,False,neutral_component_or_incorrect_ion_role
co2,test,3295,CCCCCCCC[N+](C)(CCCCCCCC)CCCCCCCC,O=S(=O)(NS(=O)(=O)C(F)(F)F)C(F)(F)F,CCCCCCCC[N+](C)(CCCCCCCC)CCCCCCCC.O=S(=O)(NS(=O)(=O)C(F)(F)F)C(F)(F)F,exclude,1,0,False,neutral_component_or_incorrect_ion_role
co2,test,3312,CCCCCCCC[N+](C)(CCCCCCCC)CCCCCCCC,O=S(=O)(NS(=O)(=O)C(F)(F)F)C(F)(F)F,CCCCCCCC[N+](C)(CCCCCCCC)CCCCCCCC.O=S(=O)(NS(=O)(=O)C(F)(F)F)C(F)(F)F,exclude,1,0,False,neutral_component_or_incorrect_ion_role
co2,test,3324,CCCCCCCC[N+](C)(CCCCCCCC)CCCCCCCC,O=S(=O)(NS(=O)(=O)C(F)(F)F)C(F)(F)F,CCCCCCCC[N+](C)(CCCCCCCC)CCCCCCCC.O=S(=O)(NS(=O)(=O)C(F)(F)F)C(F)(F)F,exclude,1,0,False,neutral_component_or_incorrect_ion_role
co2,test,3340,CCCCCCCC[N+](C)(CCCCCCCC)CCCCCCCC,O=S(=O)(NS(=O)(=O)C(F)(F)F)C(F)(F)F,CCCCCCCC[N+](C)(CCCCCCCC)CCCCCCCC.O=S(=O)(NS(=O)(=O)C(F)(F)F)C(F)(F)F,exclude,1,0,False,neutral_component_or_incorrect_ion_role
co2,test,3474,CCCCCCCC[N+](C)(CCCCCCCC)CCCCCCCC,O=S(=O)(NS(=O)(=O)C(F)(F)F)C(F)(F)F,CCCCCCCC[N+](C)(CCCCCCCC)CCCCCCCC.O=S(=O)(NS(=O)(=O)C(F)(F)F)C(F)(F)F,exclude,1,0,False,neutral_component_or_incorrect_ion_role
co2,test,3493,CCCCCCCC[N+](C)(CCCCCCCC)CCCCCCCC,O=S(=O)(NS(=O)(=O)C(F)(F)F)C(F)(F)F,CCCCCCCC[N+](C)(CCCCCCCC)CCCCCCCC.O=S(=O)(NS(=O)(=O)C(F)(F)F)C(F)(F)F,exclude,1,0,False,neutral_component_or_incorrect_ion_role
co2,test,3496,CCCCCCCC[N+](C)(CCCCCCCC)CCCCCCCC,O=S(=O)(NS(=O)(=O)C(F)(F)F)C(F)(F)F,CCCCCCCC[N+](C)(CCCCCCCC)CCCCCCCC.O=S(=O)(NS(=O)(=O)C(F)(F)F)C(F)(F)F,exclude,1,0,False,neutral_component_or_incorrect_ion_role
co2,test,3948,CCCCCCCC[N+](C)(CCCCCCCC)CCCCCCCC,O=S(=O)(NS(=O)(=O)C(F)(F)F)C(F)(F)F,CCCCCCCC[N+](C)(CCCCCCCC)CCCCCCCC.O=S(=O)(NS(=O)(=O)C(F)(F)F)C(F)(F)F,exclude,1,0,False,neutral_component_or_incorrect_ion_role
co2,test,3954,CCCCCCCC[N+](C)(CCCCCCCC)CCCCCCCC,O=S(=O)(NS(=O)(=O)C(F)(F)F)C(F)(F)F,CCCCCCCC[N+](C)(CCCCCCCC)CCCCCCCC.O=S(=O)(NS(=O)(=O)C(F)(F)F)C(F)(F)F,exclude,1,0,False,neutral_component_or_incorrect_ion_role
co2,test,4027,CCCCCCCC[N+](C)(CCCCCCCC)CCCCCCCC,O=S(=O)(NS(=O)(=O)C(F)(F)F)C(F)(F)F,CCCCCCCC[N+](C)(CCCCCCCC)CCCCCCCC.O=S(=O)(NS(=O)(=O)C(F)(F)F)C(F)(F)F,exclude,1,0,False,neutral_component_or_incorrect_ion_role
co2,test,4029,CCCCCCCC[N+](C)(CCCCCCCC)CCCCCCCC,O=S(=O)(NS(=O)(=O)C(F)(F)F)C(F)(F)F,CCCCCCCC[N+](C)(CCCCCCCC)CCCCCCCC.O=S(=O)(NS(=O)(=O)C(F)(F)F)C(F)(F)F,exclude,1,0,False,neutral_component_or_incorrect_ion_role
co2,test,4066,CCCCCCCC[N+](C)(CCCCCCCC)CCCCCCCC,O=S(=O)(NS(=O)(=O)C(F)(F)F)C(F)(F)F,CCCCCCCC[N+](C)(CCCCCCCC)CCCCCCCC.O=S(=O)(NS(=O)(=O)C(F)(F)F)C(F)(F)F,exclude,1,0,False,neutral_component_or_incorrect_ion_role
co2,test,4067,CCCCCCCC[N+](C)(CCCCCCCC)CCCCCCCC,O=S(=O)(NS(=O)(=O)C(F)(F)F)C(F)(F)F,CCCCCCCC[N+](C)(CCCCCCCC)CCCCCCCC.O=S(=O)(NS(=O)(=O)C(F)(F)F)C(F)(F)F,exclude,1,0,False,neutral_component_or_incorrect_ion_role
co2,test,4881,CCCCCCCC[N+](C)(CCCCCCCC)CCCCCCCC,O=S(=O)(NS(=O)(=O)C(F)(F)F)C(F)(F)F,CCCCCCCC[N+](C)(CCCCCCCC)CCCCCCCC.O=S(=O)(NS(=O)(=O)C(F)(F)F)C(F)(F)F,exclude,1,0,False,neutral_component_or_incorrect_ion_role
co2,test,5192,CCCCCCCC[N+](C)(CCCCCCCC)CCCCCCCC,O=S(=O)(NS(=O)(=O)C(F)(F)F)C(F)(F)F,CCCCCCCC[N+](C)(CCCCCCCC)CCCCCCCC.O=S(=O)(NS(=O)(=O)C(F)(F)F)C(F)(F)F,exclude,1,0,False,neutral_component_or_incorrect_ion_role
co2,test,5205,CCCCCCCC[N+](C)(CCCCCCCC)CCCCCCCC,O=S(=O)(NS(=O)(=O)C(F)(F)F)C(F)(F)F,CCCCCCCC[N+](C)(CCCCCCCC)CCCCCCCC.O=S(=O)(NS(=O)(=O)C(F)(F)F)C(F)(F)F,exclude,1,0,False,neutral_component_or_incorrect_ion_role
co2,test,5227,CCCCCCCC[N+](C)(CCCCCCCC)CCCCCCCC,O=S(=O)(NS(=O)(=O)C(F)(F)F)C(F)(F)F,CCCCCCCC[N+](C)(CCCCCCCC)CCCCCCCC.O=S(=O)(NS(=O)(=O)C(F)(F)F)C(F)(F)F,exclude,1,0,False,neutral_component_or_incorrect_ion_role
co2,test,5228,CCCCCCCC[N+](C)(CCCCCCCC)CCCCCCCC,O=S(=O)(NS(=O)(=O)C(F)(F)F)C(F)(F)F,CCCCCCCC[N+](C)(CCCCCCCC)CCCCCCCC.O=S(=O)(NS(=O)(=O)C(F)(F)F)C(F)(F)F,exclude,1,0,False,neutral_component_or_incorrect_ion_role
co2,test,5238,CCCCCCCC[N+](C)(CCCCCCCC)CCCCCCCC,O=S(=O)(NS(=O)(=O)C(F)(F)F)C(F)(F)F,CCCCCCCC[N+](C)(CCCCCCCC)CCCCCCCC.O=S(=O)(NS(=O)(=O)C(F)(F)F)C(F)(F)F,exclude,1,0,False,neutral_component_or_incorrect_ion_role
co2,test,5242,CCCCCCCC[N+](C)(CCCCCCCC)CCCCCCCC,O=S(=O)(NS(=O)(=O)C(F)(F)F)C(F)(F)F,CCCCCCCC[N+](C)(CCCCCCCC)CCCCCCCC.O=S(=O)(NS(=O)(=O)C(F)(F)F)C(F)(F)F,exclude,1,0,False,neutral_component_or_incorrect_ion_role
co2,test,5525,CCCCCCCC[N+](C)(CCCCCCCC)CCCCCCCC,O=S(=O)(NS(=O)(=O)C(F)(F)F)C(F)(F)F,CCCCCCCC[N+](C)(CCCCCCCC)CCCCCCCC.O=S(=O)(NS(=O)(=O)C(F)(F)F)C(F)(F)F,exclude,1,0,False,neutral_component_or_incorrect_ion_role
co2,test,5796,CCCCCCCC[N+](C)(CCCCCCCC)CCCCCCCC,O=S(=O)(NS(=O)(=O)C(F)(F)F)C(F)(F)F,CCCCCCCC[N+](C)(CCCCCCCC)CCCCCCCC.O=S(=O)(NS(=O)(=O)C(F)(F)F)C(F)(F)F,exclude,1,0,False,neutral_component_or_incorrect_ion_role
co2,test,5816,CCCCCCCC[N+](C)(CCCCCCCC)CCCCCCCC,O=S(=O)(NS(=O)(=O)C(F)(F)F)C(F)(F)F,CCCCCCCC[N+](C)(CCCCCCCC)CCCCCCCC.O=S(=O)(NS(=O)(=O)C(F)(F)F)C(F)(F)F,exclude,1,0,False,neutral_component_or_incorrect_ion_role
co2,test,5817,CCCCCCCC[N+](C)(CCCCCCCC)CCCCCCCC,O=S(=O)(NS(=O)(=O)C(F)(F)F)C(F)(F)F,CCCCCCCC[N+](C)(CCCCCCCC)CCCCCCCC.O=S(=O)(NS(=O)(=O)C(F)(F)F)C(F)(F)F,exclude,1,0,False,neutral_component_or_incorrect_ion_role
co2,test,5818,CCCCCCCC[N+](C)(CCCCCCCC)CCCCCCCC,O=S(=O)(NS(=O)(=O)C(F)(F)F)C(F)(F)F,CCCCCCCC[N+](C)(CCCCCCCC)CCCCCCCC.O=S(=O)(NS(=O)(=O)C(F)(F)F)C(F)(F)F,exclude,1,0,False,neutral_component_or_incorrect_ion_role
co2,test,5819,CCCCCCCC[N+](C)(CCCCCCCC)CCCCCCCC,O=S(=O)(NS(=O)(=O)C(F)(F)F)C(F)(F)F,CCCCCCCC[N+](C)(CCCCCCCC)CCCCCCCC.O=S(=O)(NS(=O)(=O)C(F)(F)F)C(F)(F)F,exclude,1,0,False,neutral_component_or_incorrect_ion_role
co2,test,5824,CCCCCCCC[N+](C)(CCCCCCCC)CCCCCCCC,O=S(=O)(NS(=O)(=O)C(F)(F)F)C(F)(F)F,CCCCCCCC[N+](C)(CCCCCCCC)CCCCCCCC.O=S(=O)(NS(=O)(=O)C(F)(F)F)C(F)(F)F,exclude,1,0,False,neutral_component_or_incorrect_ion_role
co2,test,5825,CCCCCCCC[N+](C)(CCCCCCCC)CCCCCCCC,O=S(=O)(NS(=O)(=O)C(F)(F)F)C(F)(F)F,CCCCCCCC[N+](C)(CCCCCCCC)CCCCCCCC.O=S(=O)(NS(=O)(=O)C(F)(F)F)C(F)(F)F,exclude,1,0,False,neutral_component_or_incorrect_ion_role
co2,test,5826,CCCCCCCC[N+](C)(CCCCCCCC)CCCCCCCC,O=S(=O)(NS(=O)(=O)C(F)(F)F)C(F)(F)F,CCCCCCCC[N+](C)(CCCCCCCC)CCCCCCCC.O=S(=O)(NS(=O)(=O)C(F)(F)F)C(F)(F)F,exclude,1,0,False,neutral_component_or_incorrect_ion_role
co2,test,5942,CCCCCCCC[N+](C)(CCCCCCCC)CCCCCCCC,O=S(=O)(NS(=O)(=O)C(F)(F)F)C(F)(F)F,CCCCCCCC[N+](C)(CCCCCCCC)CCCCCCCC.O=S(=O)(NS(=O)(=O)C(F)(F)F)C(F)(F)F,exclude,1,0,False,neutral_component_or_incorrect_ion_role
co2,test,5946,CCCCCCCC[N+](C)(CCCCCCCC)CCCCCCCC,O=S(=O)(NS(=O)(=O)C(F)(F)F)C(F)(F)F,CCCCCCCC[N+](C)(CCCCCCCC)CCCCCCCC.O=S(=O)(NS(=O)(=O)C(F)(F)F)C(F)(F)F,exclude,1,0,False,neutral_component_or_incorrect_ion_role
co2,test,5956,CCCCCCCC[N+](C)(CCCCCCCC)CCCCCCCC,O=S(=O)(NS(=O)(=O)C(F)(F)F)C(F)(F)F,CCCCCCCC[N+](C)(CCCCCCCC)CCCCCCCC.O=S(=O)(NS(=O)(=O)C(F)(F)F)C(F)(F)F,exclude,1,0,False,neutral_component_or_incorrect_ion_role
co2,test,5957,CCCCCCCC[N+](C)(CCCCCCCC)CCCCCCCC,O=S(=O)(NS(=O)(=O)C(F)(F)F)C(F)(F)F,CCCCCCCC[N+](C)(CCCCCCCC)CCCCCCCC.O=S(=O)(NS(=O)(=O)C(F)(F)F)C(F)(F)F,exclude,1,0,False,neutral_component_or_incorrect_ion_role
co2,test,5966,CCCCCCCC[N+](C)(CCCCCCCC)CCCCCCCC,O=S(=O)(NS(=O)(=O)C(F)(F)F)C(F)(F)F,CCCCCCCC[N+](C)(CCCCCCCC)CCCCCCCC.O=S(=O)(NS(=O)(=O)C(F)(F)F)C(F)(F)F,exclude,1,0,False,neutral_component_or_incorrect_ion_role
co2,test,6512,CCCCCCCC[N+](C)(CCCCCCCC)CCCCCCCC,O=S(=O)(NS(=O)(=O)C(F)(F)F)C(F)(F)F,CCCCCCCC[N+](C)(CCCCCCCC)CCCCCCCC.O=S(=O)(NS(=O)(=O)C(F)(F)F)C(F)(F)F,exclude,1,0,False,neutral_component_or_incorrect_ion_role
co2,test,6519,CCCCCCCC[N+](C)(CCCCCCCC)CCCCCCCC,O=S(=O)(NS(=O)(=O)C(F)(F)F)C(F)(F)F,CCCCCCCC[N+](C)(CCCCCCCC)CCCCCCCC.O=S(=O)(NS(=O)(=O)C(F)(F)F)C(F)(F)F,exclude,1,0,False,neutral_component_or_incorrect_ion_role
co2,test,6575,CCCCCCCC[N+](C)(CCCCCCCC)CCCCCCCC,O=S(=O)(NS(=O)(=O)C(F)(F)F)C(F)(F)F,CCCCCCCC[N+](C)(CCCCCCCC)CCCCCCCC.O=S(=O)(NS(=O)(=O)C(F)(F)F)C(F)(F)F,exclude,1,0,False,neutral_component_or_incorrect_ion_role
co2,test,6705,CCCCCCCC[N+](C)(CCCCCCCC)CCCCCCCC,O=S(=O)(NS(=O)(=O)C(F)(F)F)C(F)(F)F,CCCCCCCC[N+](C)(CCCCCCCC)CCCCCCCC.O=S(=O)(NS(=O)(=O)C(F)(F)F)C(F)(F)F,exclude,1,0,False,neutral_component_or_incorrect_ion_role
co2,test,7067,CCCCCCCC[N+](C)(CCCCCCCC)CCCCCCCC,O=S(=O)(NS(=O)(=O)C(F)(F)F)C(F)(F)F,CCCCCCCC[N+](C)(CCCCCCCC)CCCCCCCC.O=S(=O)(NS(=O)(=O)C(F)(F)F)C(F)(F)F,exclude,1,0,False,neutral_component_or_incorrect_ion_role
co2,test,7880,CCCCCCCC[N+](C)(CCCCCCCC)CCCCCCCC,O=S(=O)(NS(=O)(=O)C(F)(F)F)C(F)(F)F,CCCCCCCC[N+](C)(CCCCCCCC)CCCCCCCC.O=S(=O)(NS(=O)(=O)C(F)(F)F)C(F)(F)F,exclude,1,0,False,neutral_component_or_incorrect_ion_role
co2,test,7910,CCCCCCCC[N+](C)(CCCCCCCC)CCCCCCCC,O=S(=O)(NS(=O)(=O)C(F)(F)F)C(F)(F)F,CCCCCCCC[N+](C)(CCCCCCCC)CCCCCCCC.O=S(=O)(NS(=O)(=O)C(F)(F)F)C(F)(F)F,exclude,1,0,False,neutral_component_or_incorrect_ion_role
co2,test,7917,CCCCCCCC[N+](C)(CCCCCCCC)CCCCCCCC,O=S(=O)(NS(=O)(=O)C(F)(F)F)C(F)(F)F,CCCCCCCC[N+](C)(CCCCCCCC)CCCCCCCC.O=S(=O)(NS(=O)(=O)C(F)(F)F)C(F)(F)F,exclude,1,0,False,neutral_component_or_incorrect_ion_role
co2,test,7924,CCCCCCCC[N+](C)(CCCCCCCC)CCCCCCCC,O=S(=O)(NS(=O)(=O)C(F)(F)F)C(F)(F)F,CCCCCCCC[N+](C)(CCCCCCCC)CCCCCCCC.O=S(=O)(NS(=O)(=O)C(F)(F)F)C(F)(F)F,exclude,1,0,False,neutral_component_or_incorrect_ion_role
co2,test,7925,CCCCCCCC[N+](C)(CCCCCCCC)CCCCCCCC,O=S(=O)(NS(=O)(=O)C(F)(F)F)C(F)(F)F,CCCCCCCC[N+](C)(CCCCCCCC)CCCCCCCC.O=S(=O)(NS(=O)(=O)C(F)(F)F)C(F)(F)F,exclude,1,0,False,neutral_component_or_incorrect_ion_role
co2,test,7932,CCCCCCCC[N+](C)(CCCCCCCC)CCCCCCCC,O=S(=O)(NS(=O)(=O)C(F)(F)F)C(F)(F)F,CCCCCCCC[N+](C)(CCCCCCCC)CCCCCCCC.O=S(=O)(NS(=O)(=O)C(F)(F)F)C(F)(F)F,exclude,1,0,False,neutral_component_or_incorrect_ion_role
co2,test,7941,CCCCCCCC[N+](C)(CCCCCCCC)CCCCCCCC,O=S(=O)(NS(=O)(=O)C(F)(F)F)C(F)(F)F,CCCCCCCC[N+](C)(CCCCCCCC)CCCCCCCC.O=S(=O)(NS(=O)(=O)C(F)(F)F)C(F)(F)F,exclude,1,0,False,neutral_component_or_incorrect_ion_role
co2,test,8059,CCCCCCCC[N+](C)(CCCCCCCC)CCCCCCCC,O=S(=O)(NS(=O)(=O)C(F)(F)F)C(F)(F)F,CCCCCCCC[N+](C)(CCCCCCCC)CCCCCCCC.O=S(=O)(NS(=O)(=O)C(F)(F)F)C(F)(F)F,exclude,1,0,False,neutral_component_or_incorrect_ion_role
co2,test,8155,CCCCCCCC[N+](C)(CCCCCCCC)CCCCCCCC,O=S(=O)(NS(=O)(=O)C(F)(F)F)C(F)(F)F,CCCCCCCC[N+](C)(CCCCCCCC)CCCCCCCC.O=S(=O)(NS(=O)(=O)C(F)(F)F)C(F)(F)F,exclude,1,0,False,neutral_component_or_incorrect_ion_role
co2,test,8195,CCCCCCCC[N+](C)(CCCCCCCC)CCCCCCCC,O=S(=O)(NS(=O)(=O)C(F)(F)F)C(F)(F)F,CCCCCCCC[N+](C)(CCCCCCCC)CCCCCCCC.O=S(=O)(NS(=O)(=O)C(F)(F)F)C(F)(F)F,exclude,1,0,False,neutral_component_or_incorrect_ion_role
co2,test,8196,CCCCCCCC[N+](C)(CCCCCCCC)CCCCCCCC,O=S(=O)(NS(=O)(=O)C(F)(F)F)C(F)(F)F,CCCCCCCC[N+](C)(CCCCCCCC)CCCCCCCC.O=S(=O)(NS(=O)(=O)C(F)(F)F)C(F)(F)F,exclude,1,0,False,neutral_component_or_incorrect_ion_role
co2,test,8197,CCCCCCCC[N+](C)(CCCCCCCC)CCCCCCCC,O=S(=O)(NS(=O)(=O)C(F)(F)F)C(F)(F)F,CCCCCCCC[N+](C)(CCCCCCCC)CCCCCCCC.O=S(=O)(NS(=O)(=O)C(F)(F)F)C(F)(F)F,exclude,1,0,False,neutral_component_or_incorrect_ion_role
co2,test,8199,CCCCCCCC[N+](C)(CCCCCCCC)CCCCCCCC,O=S(=O)(NS(=O)(=O)C(F)(F)F)C(F)(F)F,CCCCCCCC[N+](C)(CCCCCCCC)CCCCCCCC.O=S(=O)(NS(=O)(=O)C(F)(F)F)C(F)(F)F,exclude,1,0,False,neutral_component_or_incorrect_ion_role
co2,test,8221,CCCCCCCC[N+](C)(CCCCCCCC)CCCCCCCC,O=S(=O)(NS(=O)(=O)C(F)(F)F)C(F)(F)F,CCCCCCCC[N+](C)(CCCCCCCC)CCCCCCCC.O=S(=O)(NS(=O)(=O)C(F)(F)F)C(F)(F)F,exclude,1,0,False,neutral_component_or_incorrect_ion_role
co2,test,8222,CCCCCCCC[N+](C)(CCCCCCCC)CCCCCCCC,O=S(=O)(NS(=O)(=O)C(F)(F)F)C(F)(F)F,CCCCCCCC[N+](C)(CCCCCCCC)CCCCCCCC.O=S(=O)(NS(=O)(=O)C(F)(F)F)C(F)(F)F,exclude,1,0,False,neutral_component_or_incorrect_ion_role
co2,test,8223,CCCCCCCC[N+](C)(CCCCCCCC)CCCCCCCC,O=S(=O)(NS(=O)(=O)C(F)(F)F)C(F)(F)F,CCCCCCCC[N+](C)(CCCCCCCC)CCCCCCCC.O=S(=O)(NS(=O)(=O)C(F)(F)F)C(F)(F)F,exclude,1,0,False,neutral_component_or_incorrect_ion_role
co2,test,8224,CCCCCCCC[N+](C)(CCCCCCCC)CCCCCCCC,O=S(=O)(NS(=O)(=O)C(F)(F)F)C(F)(F)F,CCCCCCCC[N+](C)(CCCCCCCC)CCCCCCCC.O=S(=O)(NS(=O)(=O)C(F)(F)F)C(F)(F)F,exclude,1,0,False,neutral_component_or_incorrect_ion_role
co2,test,8236,CCCCCCCC[N+](C)(CCCCCCCC)CCCCCCCC,O=S(=O)(NS(=O)(=O)C(F)(F)F)C(F)(F)F,CCCCCCCC[N+](C)(CCCCCCCC)CCCCCCCC.O=S(=O)(NS(=O)(=O)C(F)(F)F)C(F)(F)F,exclude,1,0,False,neutral_component_or_incorrect_ion_role
co2,test,8237,CCCCCCCC[N+](C)(CCCCCCCC)CCCCCCCC,O=S(=O)(NS(=O)(=O)C(F)(F)F)C(F)(F)F,CCCCCCCC[N+](C)(CCCCCCCC)CCCCCCCC.O=S(=O)(NS(=O)(=O)C(F)(F)F)C(F)(F)F,exclude,1,0,False,neutral_component_or_incorrect_ion_role
co2,test,8258,CCCCCCCC[N+](C)(CCCCCCCC)CCCCCCCC,O=S(=O)(NS(=O)(=O)C(F)(F)F)C(F)(F)F,CCCCCCCC[N+](C)(CCCCCCCC)CCCCCCCC.O=S(=O)(NS(=O)(=O)C(F)(F)F)C(F)(F)F,exclude,1,0,False,neutral_component_or_incorrect_ion_role
co2,test,8261,CCCCCCCC[N+](C)(CCCCCCCC)CCCCCCCC,O=S(=O)(NS(=O)(=O)C(F)(F)F)C(F)(F)F,CCCCCCCC[N+](C)(CCCCCCCC)CCCCCCCC.O=S(=O)(NS(=O)(=O)C(F)(F)F)C(F)(F)F,exclude,1,0,False,neutral_component_or_incorrect_ion_role
co2,test,8262,CCCCCCCC[N+](C)(CCCCCCCC)CCCCCCCC,O=S(=O)(NS(=O)(=O)C(F)(F)F)C(F)(F)F,CCCCCCCC[N+](C)(CCCCCCCC)CCCCCCCC.O=S(=O)(NS(=O)(=O)C(F)(F)F)C(F)(F)F,exclude,1,0,False,neutral_component_or_incorrect_ion_role
co2,test,8557,CCCCCCCC[N+](C)(CCCCCCCC)CCCCCCCC,O=S(=O)(NS(=O)(=O)C(F)(F)F)C(F)(F)F,CCCCCCCC[N+](C)(CCCCCCCC)CCCCCCCC.O=S(=O)(NS(=O)(=O)C(F)(F)F)C(F)(F)F,exclude,1,0,False,neutral_component_or_incorrect_ion_role
co2,test,8567,CCCCCCCC[N+](C)(CCCCCCCC)CCCCCCCC,O=S(=O)(NS(=O)(=O)C(F)(F)F)C(F)(F)F,CCCCCCCC[N+](C)(CCCCCCCC)CCCCCCCC.O=S(=O)(NS(=O)(=O)C(F)(F)F)C(F)(F)F,exclude,1,0,False,neutral_component_or_incorrect_ion_role
co2,test,8577,CCCCCCCC[N+](C)(CCCCCCCC)CCCCCCCC,O=S(=O)(NS(=O)(=O)C(F)(F)F)C(F)(F)F,CCCCCCCC[N+](C)(CCCCCCCC)CCCCCCCC.O=S(=O)(NS(=O)(=O)C(F)(F)F)C(F)(F)F,exclude,1,0,False,neutral_component_or_incorrect_ion_role
co2,test,8578,CCCCCCCC[N+](C)(CCCCCCCC)CCCCCCCC,O=S(=O)(NS(=O)(=O)C(F)(F)F)C(F)(F)F,CCCCCCCC[N+](C)(CCCCCCCC)CCCCCCCC.O=S(=O)(NS(=O)(=O)C(F)(F)F)C(F)(F)F,exclude,1,0,False,neutral_component_or_incorrect_ion_role
co2,test,8606,CCCCCCCC[N+](C)(CCCCCCCC)CCCCCCCC,O=S(=O)(NS(=O)(=O)C(F)(F)F)C(F)(F)F,CCCCCCCC[N+](C)(CCCCCCCC)CCCCCCCC.O=S(=O)(NS(=O)(=O)C(F)(F)F)C(F)(F)F,exclude,1,0,False,neutral_component_or_incorrect_ion_role
co2,test,8625,CCCCCCCC[N+](C)(CCCCCCCC)CCCCCCCC,O=S(=O)(NS(=O)(=O)C(F)(F)F)C(F)(F)F,CCCCCCCC[N+](C)(CCCCCCCC)CCCCCCCC.O=S(=O)(NS(=O)(=O)C(F)(F)F)C(F)(F)F,exclude,1,0,False,neutral_component_or_incorrect_ion_role
co2,test,8626,CCCCCCCC[N+](C)(CCCCCCCC)CCCCCCCC,O=S(=O)(NS(=O)(=O)C(F)(F)F)C(F)(F)F,CCCCCCCC[N+](C)(CCCCCCCC)CCCCCCCC.O=S(=O)(NS(=O)(=O)C(F)(F)F)C(F)(F)F,exclude,1,0,False,neutral_component_or_incorrect_ion_role
co2,test,8646,CCCCCCCC[N+](C)(CCCCCCCC)CCCCCCCC,O=S(=O)(NS(=O)(=O)C(F)(F)F)C(F)(F)F,CCCCCCCC[N+](C)(CCCCCCCC)CCCCCCCC.O=S(=O)(NS(=O)(=O)C(F)(F)F)C(F)(F)F,exclude,1,0,False,neutral_component_or_incorrect_ion_role
co2,test,8655,CCCCCCCC[N+](C)(CCCCCCCC)CCCCCCCC,O=S(=O)(NS(=O)(=O)C(F)(F)F)C(F)(F)F,CCCCCCCC[N+](C)(CCCCCCCC)CCCCCCCC.O=S(=O)(NS(=O)(=O)C(F)(F)F)C(F)(F)F,exclude,1,0,False,neutral_component_or_incorrect_ion_role
co2,test,8728,CCCCCCCC[N+](C)(CCCCCCCC)CCCCCCCC,O=S(=O)(NS(=O)(=O)C(F)(F)F)C(F)(F)F,CCCCCCCC[N+](C)(CCCCCCCC)CCCCCCCC.O=S(=O)(NS(=O)(=O)C(F)(F)F)C(F)(F)F,exclude,1,0,False,neutral_component_or_incorrect_ion_role
co2,test,8732,CCCCCCCC[N+](C)(CCCCCCCC)CCCCCCCC,O=S(=O)(NS(=O)(=O)C(F)(F)F)C(F)(F)F,CCCCCCCC[N+](C)(CCCCCCCC)CCCCCCCC.O=S(=O)(NS(=O)(=O)C(F)(F)F)C(F)(F)F,exclude,1,0,False,neutral_component_or_incorrect_ion_role
co2,test,8734,CCCCCCCC[N+](C)(CCCCCCCC)CCCCCCCC,O=S(=O)(NS(=O)(=O)C(F)(F)F)C(F)(F)F,CCCCCCCC[N+](C)(CCCCCCCC)CCCCCCCC.O=S(=O)(NS(=O)(=O)C(F)(F)F)C(F)(F)F,exclude,1,0,False,neutral_component_or_incorrect_ion_role
co2,test,8746,CCCCCCCC[N+](C)(CCCCCCCC)CCCCCCCC,O=S(=O)(NS(=O)(=O)C(F)(F)F)C(F)(F)F,CCCCCCCC[N+](C)(CCCCCCCC)CCCCCCCC.O=S(=O)(NS(=O)(=O)C(F)(F)F)C(F)(F)F,exclude,1,0,False,neutral_component_or_incorrect_ion_role
co2,test,8777,CCCCCCCC[N+](C)(CCCCCCCC)CCCCCCCC,O=S(=O)(NS(=O)(=O)C(F)(F)F)C(F)(F)F,CCCCCCCC[N+](C)(CCCCCCCC)CCCCCCCC.O=S(=O)(NS(=O)(=O)C(F)(F)F)C(F)(F)F,exclude,1,0,False,neutral_component_or_incorrect_ion_role
co2,test,8793,CCCCCCCC[N+](C)(CCCCCCCC)CCCCCCCC,O=S(=O)(NS(=O)(=O)C(F)(F)F)C(F)(F)F,CCCCCCCC[N+](C)(CCCCCCCC)CCCCCCCC.O=S(=O)(NS(=O)(=O)C(F)(F)F)C(F)(F)F,exclude,1,0,False,neutral_component_or_incorrect_ion_role
co2,test,8805,CCCCCCCC[N+](C)(CCCCCCCC)CCCCCCCC,O=S(=O)(NS(=O)(=O)C(F)(F)F)C(F)(F)F,CCCCCCCC[N+](C)(CCCCCCCC)CCCCCCCC.O=S(=O)(NS(=O)(=O)C(F)(F)F)C(F)(F)F,exclude,1,0,False,neutral_component_or_incorrect_ion_role
co2,test,8849,CCCCCCCC[N+](C)(CCCCCCCC)CCCCCCCC,O=S(=O)(NS(=O)(=O)C(F)(F)F)C(F)(F)F,CCCCCCCC[N+](C)(CCCCCCCC)CCCCCCCC.O=S(=O)(NS(=O)(=O)C(F)(F)F)C(F)(F)F,exclude,1,0,False,neutral_component_or_incorrect_ion_role
co2,test,9676,CCCCCCCC[N+](C)(CCCCCCCC)CCCCCCCC,O=S(=O)(NS(=O)(=O)C(F)(F)F)C(F)(F)F,CCCCCCCC[N+](C)(CCCCCCCC)CCCCCCCC.O=S(=O)(NS(=O)(=O)C(F)(F)F)C(F)(F)F,exclude,1,0,False,neutral_component_or_incorrect_ion_role
co2,test,9701,CCCCCCCC[N+](C)(CCCCCCCC)CCCCCCCC,O=S(=O)(NS(=O)(=O)C(F)(F)F)C(F)(F)F,CCCCCCCC[N+](C)(CCCCCCCC)CCCCCCCC.O=S(=O)(NS(=O)(=O)C(F)(F)F)C(F)(F)F,exclude,1,0,False,neutral_component_or_incorrect_ion_role
co2,test,9932,CCCCCCCC[N+](C)(CCCCCCCC)CCCCCCCC,O=S(=O)(NS(=O)(=O)C(F)(F)F)C(F)(F)F,CCCCCCCC[N+](C)(CCCCCCCC)CCCCCCCC.O=S(=O)(NS(=O)(=O)C(F)(F)F)C(F)(F)F,exclude,1,0,False,neutral_component_or_incorrect_ion_role
co2,test,9937,CCCCCCCC[N+](C)(CCCCCCCC)CCCCCCCC,O=S(=O)(NS(=O)(=O)C(F)(F)F)C(F)(F)F,CCCCCCCC[N+](C)(CCCCCCCC)CCCCCCCC.O=S(=O)(NS(=O)(=O)C(F)(F)F)C(F)(F)F,exclude,1,0,False,neutral_component_or_incorrect_ion_role
co2,test,10123,CCCCCCCC[N+](C)(CCCCCCCC)CCCCCCCC,O=S(=O)(NS(=O)(=O)C(F)(F)F)C(F)(F)F,CCCCCCCC[N+](C)(CCCCCCCC)CCCCCCCC.O=S(=O)(NS(=O)(=O)C(F)(F)F)C(F)(F)F,exclude,1,0,False,neutral_component_or_incorrect_ion_role
co2,test,10171,CCCCCCCC[N+](C)(CCCCCCCC)CCCCCCCC,O=S(=O)(NS(=O)(=O)C(F)(F)F)C(F)(F)F,CCCCCCCC[N+](C)(CCCCCCCC)CCCCCCCC.O=S(=O)(NS(=O)(=O)C(F)(F)F)C(F)(F)F,exclude,1,0,False,neutral_component_or_incorrect_ion_role
co2,test,10711,CCCCCCCC[N+](C)(CCCCCCCC)CCCCCCCC,O=S(=O)(NS(=O)(=O)C(F)(F)F)C(F)(F)F,CCCCCCCC[N+](C)(CCCCCCCC)CCCCCCCC.O=S(=O)(NS(=O)(=O)C(F)(F)F)C(F)(F)F,exclude,1,0,False,neutral_component_or_incorrect_ion_role
co2,test,10716,CCCCCCCC[N+](C)(CCCCCCCC)CCCCCCCC,O=S(=O)(NS(=O)(=O)C(F)(F)F)C(F)(F)F,CCCCCCCC[N+](C)(CCCCCCCC)CCCCCCCC.O=S(=O)(NS(=O)(=O)C(F)(F)F)C(F)(F)F,exclude,1,0,False,neutral_component_or_incorrect_ion_role
co2,test,10718,CCCCCCCC[N+](C)(CCCCCCCC)CCCCCCCC,O=S(=O)(NS(=O)(=O)C(F)(F)F)C(F)(F)F,CCCCCCCC[N+](C)(CCCCCCCC)CCCCCCCC.O=S(=O)(NS(=O)(=O)C(F)(F)F)C(F)(F)F,exclude,1,0,False,neutral_component_or_incorrect_ion_role
co2,test,10736,CCCCCCCC[N+](C)(CCCCCCCC)CCCCCCCC,O=S(=O)(NS(=O)(=O)C(F)(F)F)C(F)(F)F,CCCCCCCC[N+](C)(CCCCCCCC)CCCCCCCC.O=S(=O)(NS(=O)(=O)C(F)(F)F)C(F)(F)F,exclude,1,0,False,neutral_component_or_incorrect_ion_role
co2,test,10747,CCCCCCCC[N+](C)(CCCCCCCC)CCCCCCCC,O=S(=O)(NS(=O)(=O)C(F)(F)F)C(F)(F)F,CCCCCCCC[N+](C)(CCCCCCCC)CCCCCCCC.O=S(=O)(NS(=O)(=O)C(F)(F)F)C(F)(F)F,exclude,1,0,False,neutral_component_or_incorrect_ion_role
co2,test,10748,CCCCCCCC[N+](C)(CCCCCCCC)CCCCCCCC,O=S(=O)(NS(=O)(=O)C(F)(F)F)C(F)(F)F,CCCCCCCC[N+](C)(CCCCCCCC)CCCCCCCC.O=S(=O)(NS(=O)(=O)C(F)(F)F)C(F)(F)F,exclude,1,0,False,neutral_component_or_incorrect_ion_role
co2,test,10749,CCCCCCCC[N+](C)(CCCCCCCC)CCCCCCCC,O=S(=O)(NS(=O)(=O)C(F)(F)F)C(F)(F)F,CCCCCCCC[N+](C)(CCCCCCCC)CCCCCCCC.O=S(=O)(NS(=O)(=O)C(F)(F)F)C(F)(F)F,exclude,1,0,False,neutral_component_or_incorrect_ion_role
co2,test,10756,CCCCCCCC[N+](C)(CCCCCCCC)CCCCCCCC,O=S(=O)(NS(=O)(=O)C(F)(F)F)C(F)(F)F,CCCCCCCC[N+](C)(CCCCCCCC)CCCCCCCC.O=S(=O)(NS(=O)(=O)C(F)(F)F)C(F)(F)F,exclude,1,0,False,neutral_component_or_incorrect_ion_role
co2,test,10758,CCCCCCCC[N+](C)(CCCCCCCC)CCCCCCCC,O=S(=O)(NS(=O)(=O)C(F)(F)F)C(F)(F)F,CCCCCCCC[N+](C)(CCCCCCCC)CCCCCCCC.O=S(=O)(NS(=O)(=O)C(F)(F)F)C(F)(F)F,exclude,1,0,False,neutral_component_or_incorrect_ion_role
co2,test,10771,CCCCCCCC[N+](C)(CCCCCCCC)CCCCCCCC,O=S(=O)(NS(=O)(=O)C(F)(F)F)C(F)(F)F,CCCCCCCC[N+](C)(CCCCCCCC)CCCCCCCC.O=S(=O)(NS(=O)(=O)C(F)(F)F)C(F)(F)F,exclude,1,0,False,neutral_component_or_incorrect_ion_role
co2,test,10773,CCCCCCCC[N+](C)(CCCCCCCC)CCCCCCCC,O=S(=O)(NS(=O)(=O)C(F)(F)F)C(F)(F)F,CCCCCCCC[N+](C)(CCCCCCCC)CCCCCCCC.O=S(=O)(NS(=O)(=O)C(F)(F)F)C(F)(F)F,exclude,1,0,False,neutral_component_or_incorrect_ion_role
co2,test,10789,CCCCCCCC[N+](C)(CCCCCCCC)CCCCCCCC,O=S(=O)(NS(=O)(=O)C(F)(F)F)C(F)(F)F,CCCCCCCC[N+](C)(CCCCCCCC)CCCCCCCC.O=S(=O)(NS(=O)(=O)C(F)(F)F)C(F)(F)F,exclude,1,0,False,neutral_component_or_incorrect_ion_role
co2,test,10793,CCCCCCCC[N+](C)(CCCCCCCC)CCCCCCCC,O=S(=O)(NS(=O)(=O)C(F)(F)F)C(F)(F)F,CCCCCCCC[N+](C)(CCCCCCCC)CCCCCCCC.O=S(=O)(NS(=O)(=O)C(F)(F)F)C(F)(F)F,exclude,1,0,False,neutral_component_or_incorrect_ion_role
co2,test,10804,CCCCCCCC[N+](C)(CCCCCCCC)CCCCCCCC,O=S(=O)(NS(=O)(=O)C(F)(F)F)C(F)(F)F,CCCCCCCC[N+](C)(CCCCCCCC)CCCCCCCC.O=S(=O)(NS(=O)(=O)C(F)(F)F)C(F)(F)F,exclude,1,0,False,neutral_component_or_incorrect_ion_role
co2,test,10806,CCCCCCCC[N+](C)(CCCCCCCC)CCCCCCCC,O=S(=O)(NS(=O)(=O)C(F)(F)F)C(F)(F)F,CCCCCCCC[N+](C)(CCCCCCCC)CCCCCCCC.O=S(=O)(NS(=O)(=O)C(F)(F)F)C(F)(F)F,exclude,1,0,False,neutral_component_or_incorrect_ion_role
co2,test,11488,CCCCCCCC[N+](C)(CCCCCCCC)CCCCCCCC,O=S(=O)(NS(=O)(=O)C(F)(F)F)C(F)(F)F,CCCCCCCC[N+](C)(CCCCCCCC)CCCCCCCC.O=S(=O)(NS(=O)(=O)C(F)(F)F)C(F)(F)F,exclude,1,0,False,neutral_component_or_incorrect_ion_role
co2,test,4556,CCCCCCCCCC[n+]1ccccc1,O=S(=O)(NS(=O)(=O)C(F)(F)F)C(F)(F)F,CCCCCCCCCC[n+]1ccccc1.O=S(=O)(NS(=O)(=O)C(F)(F)F)C(F)(F)F,exclude,1,0,False,neutral_component_or_incorrect_ion_role
co2,test,4611,CCCCCCCCCC[n+]1ccccc1,O=S(=O)(NS(=O)(=O)C(F)(F)F)C(F)(F)F,CCCCCCCCCC[n+]1ccccc1.O=S(=O)(NS(=O)(=O)C(F)(F)F)C(F)(F)F,exclude,1,0,False,neutral_component_or_incorrect_ion_role
co2,test,4698,CCCCCCCCCC[n+]1ccccc1,O=S(=O)(NS(=O)(=O)C(F)(F)F)C(F)(F)F,CCCCCCCCCC[n+]1ccccc1.O=S(=O)(NS(=O)(=O)C(F)(F)F)C(F)(F)F,exclude,1,0,False,neutral_component_or_incorrect_ion_role
co2,test,4830,CCCCCCCCCC[n+]1ccccc1,O=S(=O)(NS(=O)(=O)C(F)(F)F)C(F)(F)F,CCCCCCCCCC[n+]1ccccc1.O=S(=O)(NS(=O)(=O)C(F)(F)F)C(F)(F)F,exclude,1,0,False,neutral_component_or_incorrect_ion_role
co2,test,4950,CCCCCCCCCC[n+]1ccccc1,O=S(=O)(NS(=O)(=O)C(F)(F)F)C(F)(F)F,CCCCCCCCCC[n+]1ccccc1.O=S(=O)(NS(=O)(=O)C(F)(F)F)C(F)(F)F,exclude,1,0,False,neutral_component_or_incorrect_ion_role
co2,test,5055,CCCCCCCCCC[n+]1ccccc1,O=S(=O)(NS(=O)(=O)C(F)(F)F)C(F)(F)F,CCCCCCCCCC[n+]1ccccc1.O=S(=O)(NS(=O)(=O)C(F)(F)F)C(F)(F)F,exclude,1,0,False,neutral_component_or_incorrect_ion_role
co2,test,7009,CCCCCCCCCC[n+]1ccccc1,O=S(=O)(NS(=O)(=O)C(F)(F)F)C(F)(F)F,CCCCCCCCCC[n+]1ccccc1.O=S(=O)(NS(=O)(=O)C(F)(F)F)C(F)(F)F,exclude,1,0,False,neutral_component_or_incorrect_ion_role
co2,test,7054,CCCCCCCCCC[n+]1ccccc1,O=S(=O)(NS(=O)(=O)C(F)(F)F)C(F)(F)F,CCCCCCCCCC[n+]1ccccc1.O=S(=O)(NS(=O)(=O)C(F)(F)F)C(F)(F)F,exclude,1,0,False,neutral_component_or_incorrect_ion_role
co2,test,7115,CCCCCCCCCC[n+]1ccccc1,O=S(=O)(NS(=O)(=O)C(F)(F)F)C(F)(F)F,CCCCCCCCCC[n+]1ccccc1.O=S(=O)(NS(=O)(=O)C(F)(F)F)C(F)(F)F,exclude,1,0,False,neutral_component_or_incorrect_ion_role
co2,test,7178,CCCCCCCCCC[n+]1ccccc1,O=S(=O)(NS(=O)(=O)C(F)(F)F)C(F)(F)F,CCCCCCCCCC[n+]1ccccc1.O=S(=O)(NS(=O)(=O)C(F)(F)F)C(F)(F)F,exclude,1,0,False,neutral_component_or_incorrect_ion_role
co2,test,7313,CCCCCCCCCC[n+]1ccccc1,O=S(=O)(NS(=O)(=O)C(F)(F)F)C(F)(F)F,CCCCCCCCCC[n+]1ccccc1.O=S(=O)(NS(=O)(=O)C(F)(F)F)C(F)(F)F,exclude,1,0,False,neutral_component_or_incorrect_ion_role
co2,test,7579,CCCCCCCCCC[n+]1ccccc1,O=S(=O)(NS(=O)(=O)C(F)(F)F)C(F)(F)F,CCCCCCCCCC[n+]1ccccc1.O=S(=O)(NS(=O)(=O)C(F)(F)F)C(F)(F)F,exclude,1,0,False,neutral_component_or_incorrect_ion_role
co2,test,9229,CCCCCCCCCC[n+]1ccccc1,O=S(=O)(NS(=O)(=O)C(F)(F)F)C(F)(F)F,CCCCCCCCCC[n+]1ccccc1.O=S(=O)(NS(=O)(=O)C(F)(F)F)C(F)(F)F,exclude,1,0,False,neutral_component_or_incorrect_ion_role
co2,test,9280,CCCCCCCCCC[n+]1ccccc1,O=S(=O)(NS(=O)(=O)C(F)(F)F)C(F)(F)F,CCCCCCCCCC[n+]1ccccc1.O=S(=O)(NS(=O)(=O)C(F)(F)F)C(F)(F)F,exclude,1,0,False,neutral_component_or_incorrect_ion_role
co2,test,9345,CCCCCCCCCC[n+]1ccccc1,O=S(=O)(NS(=O)(=O)C(F)(F)F)C(F)(F)F,CCCCCCCCCC[n+]1ccccc1.O=S(=O)(NS(=O)(=O)C(F)(F)F)C(F)(F)F,exclude,1,0,False,neutral_component_or_incorrect_ion_role
co2,test,9450,CCCCCCCCCC[n+]1ccccc1,O=S(=O)(NS(=O)(=O)C(F)(F)F)C(F)(F)F,CCCCCCCCCC[n+]1ccccc1.O=S(=O)(NS(=O)(=O)C(F)(F)F)C(F)(F)F,exclude,1,0,False,neutral_component_or_incorrect_ion_role
co2,test,9515,CCCCCCCCCC[n+]1ccccc1,O=S(=O)(NS(=O)(=O)C(F)(F)F)C(F)(F)F,CCCCCCCCCC[n+]1ccccc1.O=S(=O)(NS(=O)(=O)C(F)(F)F)C(F)(F)F,exclude,1,0,False,neutral_component_or_incorrect_ion_role
co2,test,9610,CCCCCCCCCC[n+]1ccccc1,O=S(=O)(NS(=O)(=O)C(F)(F)F)C(F)(F)F,CCCCCCCCCC[n+]1ccccc1.O=S(=O)(NS(=O)(=O)C(F)(F)F)C(F)(F)F,exclude,1,0,False,neutral_component_or_incorrect_ion_role
co2,test,1243,CC[N+](C)(C)CCOC(C)=O,O=S(=O)(NS(=O)(=O)C(F)(F)F)C(F)(F)F,CC[N+](C)(C)CCOC(C)=O.O=S(=O)(NS(=O)(=O)C(F)(F)F)C(F)(F)F,exclude,1,0,False,neutral_component_or_incorrect_ion_role
co2,test,1258,CC[N+](C)(C)CCOC(C)=O,O=S(=O)(NS(=O)(=O)C(F)(F)F)C(F)(F)F,CC[N+](C)(C)CCOC(C)=O.O=S(=O)(NS(=O)(=O)C(F)(F)F)C(F)(F)F,exclude,1,0,False,neutral_component_or_incorrect_ion_role
co2,test,1272,CC[N+](C)(C)CCOC(C)=O,O=S(=O)(NS(=O)(=O)C(F)(F)F)C(F)(F)F,CC[N+](C)(C)CCOC(C)=O.O=S(=O)(NS(=O)(=O)C(F)(F)F)C(F)(F)F,exclude,1,0,False,neutral_component_or_incorrect_ion_role
co2,test,1287,CC[N+](C)(C)CCOC(C)=O,O=S(=O)(NS(=O)(=O)C(F)(F)F)C(F)(F)F,CC[N+](C)(C)CCOC(C)=O.O=S(=O)(NS(=O)(=O)C(F)(F)F)C(F)(F)F,exclude,1,0,False,neutral_component_or_incorrect_ion_role
co2,test,1317,CC[N+](C)(C)CCOC(C)=O,O=S(=O)(NS(=O)(=O)C(F)(F)F)C(F)(F)F,CC[N+](C)(C)CCOC(C)=O.O=S(=O)(NS(=O)(=O)C(F)(F)F)C(F)(F)F,exclude,1,0,False,neutral_component_or_incorrect_ion_role
co2,test,1362,CC[N+](C)(C)CCOC(C)=O,O=S(=O)(NS(=O)(=O)C(F)(F)F)C(F)(F)F,CC[N+](C)(C)CCOC(C)=O.O=S(=O)(NS(=O)(=O)C(F)(F)F)C(F)(F)F,exclude,1,0,False,neutral_component_or_incorrect_ion_role
co2,test,1409,CC[N+](C)(C)CCOC(C)=O,O=S(=O)(NS(=O)(=O)C(F)(F)F)C(F)(F)F,CC[N+](C)(C)CCOC(C)=O.O=S(=O)(NS(=O)(=O)C(F)(F)F)C(F)(F)F,exclude,1,0,False,neutral_component_or_incorrect_ion_role
co2,test,1459,CC[N+](C)(C)CCOC(C)=O,O=S(=O)(NS(=O)(=O)C(F)(F)F)C(F)(F)F,CC[N+](C)(C)CCOC(C)=O.O=S(=O)(NS(=O)(=O)C(F)(F)F)C(F)(F)F,exclude,1,0,False,neutral_component_or_incorrect_ion_role
co2,test,1554,CC[N+](C)(C)CCOC(C)=O,O=S(=O)(NS(=O)(=O)C(F)(F)F)C(F)(F)F,CC[N+](C)(C)CCOC(C)=O.O=S(=O)(NS(=O)(=O)C(F)(F)F)C(F)(F)F,exclude,1,0,False,neutral_component_or_incorrect_ion_role
co2,test,4350,CC[N+](C)(C)CCOC(C)=O,O=S(=O)(NS(=O)(=O)C(F)(F)F)C(F)(F)F,CC[N+](C)(C)CCOC(C)=O.O=S(=O)(NS(=O)(=O)C(F)(F)F)C(F)(F)F,exclude,1,0,False,neutral_component_or_incorrect_ion_role
co2,test,4391,CC[N+](C)(C)CCOC(C)=O,O=S(=O)(NS(=O)(=O)C(F)(F)F)C(F)(F)F,CC[N+](C)(C)CCOC(C)=O.O=S(=O)(NS(=O)(=O)C(F)(F)F)C(F)(F)F,exclude,1,0,False,neutral_component_or_incorrect_ion_role
co2,test,4417,CC[N+](C)(C)CCOC(C)=O,O=S(=O)(NS(=O)(=O)C(F)(F)F)C(F)(F)F,CC[N+](C)(C)CCOC(C)=O.O=S(=O)(NS(=O)(=O)C(F)(F)F)C(F)(F)F,exclude,1,0,False,neutral_component_or_incorrect_ion_role
co2,test,4478,CC[N+](C)(C)CCOC(C)=O,O=S(=O)(NS(=O)(=O)C(F)(F)F)C(F)(F)F,CC[N+](C)(C)CCOC(C)=O.O=S(=O)(NS(=O)(=O)C(F)(F)F)C(F)(F)F,exclude,1,0,False,neutral_component_or_incorrect_ion_role
co2,test,4553,CC[N+](C)(C)CCOC(C)=O,O=S(=O)(NS(=O)(=O)C(F)(F)F)C(F)(F)F,CC[N+](C)(C)CCOC(C)=O.O=S(=O)(NS(=O)(=O)C(F)(F)F)C(F)(F)F,exclude,1,0,False,neutral_component_or_incorrect_ion_role
co2,test,4626,CC[N+](C)(C)CCOC(C)=O,O=S(=O)(NS(=O)(=O)C(F)(F)F)C(F)(F)F,CC[N+](C)(C)CCOC(C)=O.O=S(=O)(NS(=O)(=O)C(F)(F)F)C(F)(F)F,exclude,1,0,False,neutral_component_or_incorrect_ion_role
co2,test,4717,CC[N+](C)(C)CCOC(C)=O,O=S(=O)(NS(=O)(=O)C(F)(F)F)C(F)(F)F,CC[N+](C)(C)CCOC(C)=O.O=S(=O)(NS(=O)(=O)C(F)(F)F)C(F)(F)F,exclude,1,0,False,neutral_component_or_incorrect_ion_role
co2,test,4789,CC[N+](C)(C)CCOC(C)=O,O=S(=O)(NS(=O)(=O)C(F)(F)F)C(F)(F)F,CC[N+](C)(C)CCOC(C)=O.O=S(=O)(NS(=O)(=O)C(F)(F)F)C(F)(F)F,exclude,1,0,False,neutral_component_or_incorrect_ion_role
co2,test,4865,CC[N+](C)(C)CCOC(C)=O,O=S(=O)(NS(=O)(=O)C(F)(F)F)C(F)(F)F,CC[N+](C)(C)CCOC(C)=O.O=S(=O)(NS(=O)(=O)C(F)(F)F)C(F)(F)F,exclude,1,0,False,neutral_component_or_incorrect_ion_role
co2,test,4967,CC[N+](C)(C)CCOC(C)=O,O=S(=O)(NS(=O)(=O)C(F)(F)F)C(F)(F)F,CC[N+](C)(C)CCOC(C)=O.O=S(=O)(NS(=O)(=O)C(F)(F)F)C(F)(F)F,exclude,1,0,False,neutral_component_or_incorrect_ion_role
co2,test,9039,CC[N+](C)(C)CCOC(C)=O,O=S(=O)(NS(=O)(=O)C(F)(F)F)C(F)(F)F,CC[N+](C)(C)CCOC(C)=O.O=S(=O)(NS(=O)(=O)C(F)(F)F)C(F)(F)F,exclude,1,0,False,neutral_component_or_incorrect_ion_role
co2,test,9052,CC[N+](C)(C)CCOC(C)=O,O=S(=O)(NS(=O)(=O)C(F)(F)F)C(F)(F)F,CC[N+](C)(C)CCOC(C)=O.O=S(=O)(NS(=O)(=O)C(F)(F)F)C(F)(F)F,exclude,1,0,False,neutral_component_or_incorrect_ion_role
co2,test,9098,CC[N+](C)(C)CCOC(C)=O,O=S(=O)(NS(=O)(=O)C(F)(F)F)C(F)(F)F,CC[N+](C)(C)CCOC(C)=O.O=S(=O)(NS(=O)(=O)C(F)(F)F)C(F)(F)F,exclude,1,0,False,neutral_component_or_incorrect_ion_role
co2,test,9140,CC[N+](C)(C)CCOC(C)=O,O=S(=O)(NS(=O)(=O)C(F)(F)F)C(F)(F)F,CC[N+](C)(C)CCOC(C)=O.O=S(=O)(NS(=O)(=O)C(F)(F)F)C(F)(F)F,exclude,1,0,False,neutral_component_or_incorrect_ion_role
co2,test,9192,CC[N+](C)(C)CCOC(C)=O,O=S(=O)(NS(=O)(=O)C(F)(F)F)C(F)(F)F,CC[N+](C)(C)CCOC(C)=O.O=S(=O)(NS(=O)(=O)C(F)(F)F)C(F)(F)F,exclude,1,0,False,neutral_component_or_incorrect_ion_role
co2,test,9247,CC[N+](C)(C)CCOC(C)=O,O=S(=O)(NS(=O)(=O)C(F)(F)F)C(F)(F)F,CC[N+](C)(C)CCOC(C)=O.O=S(=O)(NS(=O)(=O)C(F)(F)F)C(F)(F)F,exclude,1,0,False,neutral_component_or_incorrect_ion_role
co2,test,9306,CC[N+](C)(C)CCOC(C)=O,O=S(=O)(NS(=O)(=O)C(F)(F)F)C(F)(F)F,CC[N+](C)(C)CCOC(C)=O.O=S(=O)(NS(=O)(=O)C(F)(F)F)C(F)(F)F,exclude,1,0,False,neutral_component_or_incorrect_ion_role
co2,test,9415,CC[N+](C)(C)CCOC(C)=O,O=S(=O)(NS(=O)(=O)C(F)(F)F)C(F)(F)F,CC[N+](C)(C)CCOC(C)=O.O=S(=O)(NS(=O)(=O)C(F)(F)F)C(F)(F)F,exclude,1,0,False,neutral_component_or_incorrect_ion_role
co2,test,9500,CC[N+](C)(C)CCOC(C)=O,O=S(=O)(NS(=O)(=O)C(F)(F)F)C(F)(F)F,CC[N+](C)(C)CCOC(C)=O.O=S(=O)(NS(=O)(=O)C(F)(F)F)C(F)(F)F,exclude,1,0,False,neutral_component_or_incorrect_ion_role
co2,test,2548,CCCCC[N+]1(C)CCCC1,O=S(=O)(NS(=O)(=O)C(F)(F)F)C(F)(F)F,CCCCC[N+]1(C)CCCC1.O=S(=O)(NS(=O)(=O)C(F)(F)F)C(F)(F)F,exclude,1,0,False,neutral_component_or_incorrect_ion_role
co2,test,2554,CCCCC[N+]1(C)CCCC1,O=S(=O)(NS(=O)(=O)C(F)(F)F)C(F)(F)F,CCCCC[N+]1(C)CCCC1.O=S(=O)(NS(=O)(=O)C(F)(F)F)C(F)(F)F,exclude,1,0,False,neutral_component_or_incorrect_ion_role
co2,test,2572,CCCCC[N+]1(C)CCCC1,O=S(=O)(NS(=O)(=O)C(F)(F)F)C(F)(F)F,CCCCC[N+]1(C)CCCC1.O=S(=O)(NS(=O)(=O)C(F)(F)F)C(F)(F)F,exclude,1,0,False,neutral_component_or_incorrect_ion_role
co2,test,2588,CCCCC[N+]1(C)CCCC1,O=S(=O)(NS(=O)(=O)C(F)(F)F)C(F)(F)F,CCCCC[N+]1(C)CCCC1.O=S(=O)(NS(=O)(=O)C(F)(F)F)C(F)(F)F,exclude,1,0,False,neutral_component_or_incorrect_ion_role
co2,test,2636,CCCCC[N+]1(C)CCCC1,O=S(=O)(NS(=O)(=O)C(F)(F)F)C(F)(F)F,CCCCC[N+]1(C)CCCC1.O=S(=O)(NS(=O)(=O)C(F)(F)F)C(F)(F)F,exclude,1,0,False,neutral_component_or_incorrect_ion_role
co2,test,2697,CCCCC[N+]1(C)CCCC1,O=S(=O)(NS(=O)(=O)C(F)(F)F)C(F)(F)F,CCCCC[N+]1(C)CCCC1.O=S(=O)(NS(=O)(=O)C(F)(F)F)C(F)(F)F,exclude,1,0,False,neutral_component_or_incorrect_ion_role
co2,test,2751,CCCCC[N+]1(C)CCCC1,O=S(=O)(NS(=O)(=O)C(F)(F)F)C(F)(F)F,CCCCC[N+]1(C)CCCC1.O=S(=O)(NS(=O)(=O)C(F)(F)F)C(F)(F)F,exclude,1,0,False,neutral_component_or_incorrect_ion_role
co2,test,2839,CCCCC[N+]1(C)CCCC1,O=S(=O)(NS(=O)(=O)C(F)(F)F)C(F)(F)F,CCCCC[N+]1(C)CCCC1.O=S(=O)(NS(=O)(=O)C(F)(F)F)C(F)(F)F,exclude,1,0,False,neutral_component_or_incorrect_ion_role
co2,test,4137,CCCCC[N+]1(C)CCCC1,O=S(=O)(NS(=O)(=O)C(F)(F)F)C(F)(F)F,CCCCC[N+]1(C)CCCC1.O=S(=O)(NS(=O)(=O)C(F)(F)F)C(F)(F)F,exclude,1,0,False,neutral_component_or_incorrect_ion_role
co2,test,4172,CCCCC[N+]1(C)CCCC1,O=S(=O)(NS(=O)(=O)C(F)(F)F)C(F)(F)F,CCCCC[N+]1(C)CCCC1.O=S(=O)(NS(=O)(=O)C(F)(F)F)C(F)(F)F,exclude,1,0,False,neutral_component_or_incorrect_ion_role
co2,test,4208,CCCCC[N+]1(C)CCCC1,O=S(=O)(NS(=O)(=O)C(F)(F)F)C(F)(F)F,CCCCC[N+]1(C)CCCC1.O=S(=O)(NS(=O)(=O)C(F)(F)F)C(F)(F)F,exclude,1,0,False,neutral_component_or_incorrect_ion_role
co2,test,4259,CCCCC[N+]1(C)CCCC1,O=S(=O)(NS(=O)(=O)C(F)(F)F)C(F)(F)F,CCCCC[N+]1(C)CCCC1.O=S(=O)(NS(=O)(=O)C(F)(F)F)C(F)(F)F,exclude,1,0,False,neutral_component_or_incorrect_ion_role
co2,test,4383,CCCCC[N+]1(C)CCCC1,O=S(=O)(NS(=O)(=O)C(F)(F)F)C(F)(F)F,CCCCC[N+]1(C)CCCC1.O=S(=O)(NS(=O)(=O)C(F)(F)F)C(F)(F)F,exclude,1,0,False,neutral_component_or_incorrect_ion_role
co2,test,4511,CCCCC[N+]1(C)CCCC1,O=S(=O)(NS(=O)(=O)C(F)(F)F)C(F)(F)F,CCCCC[N+]1(C)CCCC1.O=S(=O)(NS(=O)(=O)C(F)(F)F)C(F)(F)F,exclude,1,0,False,neutral_component_or_incorrect_ion_role
co2,test,4623,CCCCC[N+]1(C)CCCC1,O=S(=O)(NS(=O)(=O)C(F)(F)F)C(F)(F)F,CCCCC[N+]1(C)CCCC1.O=S(=O)(NS(=O)(=O)C(F)(F)F)C(F)(F)F,exclude,1,0,False,neutral_component_or_incorrect_ion_role
co2,test,4839,CCCCC[N+]1(C)CCCC1,O=S(=O)(NS(=O)(=O)C(F)(F)F)C(F)(F)F,CCCCC[N+]1(C)CCCC1.O=S(=O)(NS(=O)(=O)C(F)(F)F)C(F)(F)F,exclude,1,0,False,neutral_component_or_incorrect_ion_role
co2,test,6732,CCCCC[N+]1(C)CCCC1,O=S(=O)(NS(=O)(=O)C(F)(F)F)C(F)(F)F,CCCCC[N+]1(C)CCCC1.O=S(=O)(NS(=O)(=O)C(F)(F)F)C(F)(F)F,exclude,1,0,False,neutral_component_or_incorrect_ion_role
co2,test,6757,CCCCC[N+]1(C)CCCC1,O=S(=O)(NS(=O)(=O)C(F)(F)F)C(F)(F)F,CCCCC[N+]1(C)CCCC1.O=S(=O)(NS(=O)(=O)C(F)(F)F)C(F)(F)F,exclude,1,0,False,neutral_component_or_incorrect_ion_role
co2,test,6786,CCCCC[N+]1(C)CCCC1,O=S(=O)(NS(=O)(=O)C(F)(F)F)C(F)(F)F,CCCCC[N+]1(C)CCCC1.O=S(=O)(NS(=O)(=O)C(F)(F)F)C(F)(F)F,exclude,1,0,False,neutral_component_or_incorrect_ion_role
co2,test,6819,CCCCC[N+]1(C)CCCC1,O=S(=O)(NS(=O)(=O)C(F)(F)F)C(F)(F)F,CCCCC[N+]1(C)CCCC1.O=S(=O)(NS(=O)(=O)C(F)(F)F)C(F)(F)F,exclude,1,0,False,neutral_component_or_incorrect_ion_role
co2,test,6885,CCCCC[N+]1(C)CCCC1,O=S(=O)(NS(=O)(=O)C(F)(F)F)C(F)(F)F,CCCCC[N+]1(C)CCCC1.O=S(=O)(NS(=O)(=O)C(F)(F)F)C(F)(F)F,exclude,1,0,False,neutral_component_or_incorrect_ion_role
co2,test,6954,CCCCC[N+]1(C)CCCC1,O=S(=O)(NS(=O)(=O)C(F)(F)F)C(F)(F)F,CCCCC[N+]1(C)CCCC1.O=S(=O)(NS(=O)(=O)C(F)(F)F)C(F)(F)F,exclude,1,0,False,neutral_component_or_incorrect_ion_role
co2,test,7018,CCCCC[N+]1(C)CCCC1,O=S(=O)(NS(=O)(=O)C(F)(F)F)C(F)(F)F,CCCCC[N+]1(C)CCCC1.O=S(=O)(NS(=O)(=O)C(F)(F)F)C(F)(F)F,exclude,1,0,False,neutral_component_or_incorrect_ion_role
co2,test,7170,CCCCC[N+]1(C)CCCC1,O=S(=O)(NS(=O)(=O)C(F)(F)F)C(F)(F)F,CCCCC[N+]1(C)CCCC1.O=S(=O)(NS(=O)(=O)C(F)(F)F)C(F)(F)F,exclude,1,0,False,neutral_component_or_incorrect_ion_role
co2,test,8870,CCCCC[N+]1(C)CCCC1,O=S(=O)(NS(=O)(=O)C(F)(F)F)C(F)(F)F,CCCCC[N+]1(C)CCCC1.O=S(=O)(NS(=O)(=O)C(F)(F)F)C(F)(F)F,exclude,1,0,False,neutral_component_or_incorrect_ion_role
co2,test,8884,CCCCC[N+]1(C)CCCC1,O=S(=O)(NS(=O)(=O)C(F)(F)F)C(F)(F)F,CCCCC[N+]1(C)CCCC1.O=S(=O)(NS(=O)(=O)C(F)(F)F)C(F)(F)F,exclude,1,0,False,neutral_component_or_incorrect_ion_role
co2,test,8908,CCCCC[N+]1(C)CCCC1,O=S(=O)(NS(=O)(=O)C(F)(F)F)C(F)(F)F,CCCCC[N+]1(C)CCCC1.O=S(=O)(NS(=O)(=O)C(F)(F)F)C(F)(F)F,exclude,1,0,False,neutral_component_or_incorrect_ion_role
co2,test,8936,CCCCC[N+]1(C)CCCC1,O=S(=O)(NS(=O)(=O)C(F)(F)F)C(F)(F)F,CCCCC[N+]1(C)CCCC1.O=S(=O)(NS(=O)(=O)C(F)(F)F)C(F)(F)F,exclude,1,0,False,neutral_component_or_incorrect_ion_role
co2,test,9010,CCCCC[N+]1(C)CCCC1,O=S(=O)(NS(=O)(=O)C(F)(F)F)C(F)(F)F,CCCCC[N+]1(C)CCCC1.O=S(=O)(NS(=O)(=O)C(F)(F)F)C(F)(F)F,exclude,1,0,False,neutral_component_or_incorrect_ion_role
co2,test,9107,CCCCC[N+]1(C)CCCC1,O=S(=O)(NS(=O)(=O)C(F)(F)F)C(F)(F)F,CCCCC[N+]1(C)CCCC1.O=S(=O)(NS(=O)(=O)C(F)(F)F)C(F)(F)F,exclude,1,0,False,neutral_component_or_incorrect_ion_role
co2,test,9189,CCCCC[N+]1(C)CCCC1,O=S(=O)(NS(=O)(=O)C(F)(F)F)C(F)(F)F,CCCCC[N+]1(C)CCCC1.O=S(=O)(NS(=O)(=O)C(F)(F)F)C(F)(F)F,exclude,1,0,False,neutral_component_or_incorrect_ion_role
co2,test,9366,CCCCC[N+]1(C)CCCC1,O=S(=O)(NS(=O)(=O)C(F)(F)F)C(F)(F)F,CCCCC[N+]1(C)CCCC1.O=S(=O)(NS(=O)(=O)C(F)(F)F)C(F)(F)F,exclude,1,0,False,neutral_component_or_incorrect_ion_role
co2,test,10882,CCCCC[N+]1(C)CCCC1,O=S(=O)(NS(=O)(=O)C(F)(F)F)C(F)(F)F,CCCCC[N+]1(C)CCCC1.O=S(=O)(NS(=O)(=O)C(F)(F)F)C(F)(F)F,exclude,1,0,False,neutral_component_or_incorrect_ion_role
co2,test,10896,CCCCC[N+]1(C)CCCC1,O=S(=O)(NS(=O)(=O)C(F)(F)F)C(F)(F)F,CCCCC[N+]1(C)CCCC1.O=S(=O)(NS(=O)(=O)C(F)(F)F)C(F)(F)F,exclude,1,0,False,neutral_component_or_incorrect_ion_role
co2,test,10920,CCCCC[N+]1(C)CCCC1,O=S(=O)(NS(=O)(=O)C(F)(F)F)C(F)(F)F,CCCCC[N+]1(C)CCCC1.O=S(=O)(NS(=O)(=O)C(F)(F)F)C(F)(F)F,exclude,1,0,False,neutral_component_or_incorrect_ion_role
co2,test,10948,CCCCC[N+]1(C)CCCC1,O=S(=O)(NS(=O)(=O)C(F)(F)F)C(F)(F)F,CCCCC[N+]1(C)CCCC1.O=S(=O)(NS(=O)(=O)C(F)(F)F)C(F)(F)F,exclude,1,0,False,neutral_component_or_incorrect_ion_role
co2,test,11000,CCCCC[N+]1(C)CCCC1,O=S(=O)(NS(=O)(=O)C(F)(F)F)C(F)(F)F,CCCCC[N+]1(C)CCCC1.O=S(=O)(NS(=O)(=O)C(F)(F)F)C(F)(F)F,exclude,1,0,False,neutral_component_or_incorrect_ion_role
co2,test,11050,CCCCC[N+]1(C)CCCC1,O=S(=O)(NS(=O)(=O)C(F)(F)F)C(F)(F)F,CCCCC[N+]1(C)CCCC1.O=S(=O)(NS(=O)(=O)C(F)(F)F)C(F)(F)F,exclude,1,0,False,neutral_component_or_incorrect_ion_role
co2,test,11095,CCCCC[N+]1(C)CCCC1,O=S(=O)(NS(=O)(=O)C(F)(F)F)C(F)(F)F,CCCCC[N+]1(C)CCCC1.O=S(=O)(NS(=O)(=O)C(F)(F)F)C(F)(F)F,exclude,1,0,False,neutral_component_or_incorrect_ion_role
co2,test,11176,CCCCC[N+]1(C)CCCC1,O=S(=O)(NS(=O)(=O)C(F)(F)F)C(F)(F)F,CCCCC[N+]1(C)CCCC1.O=S(=O)(NS(=O)(=O)C(F)(F)F)C(F)(F)F,exclude,1,0,False,neutral_component_or_incorrect_ion_role
co2,test,12010,CCCCC[N+]1(C)CCCC1,O=S(=O)(NS(=O)(=O)C(F)(F)F)C(F)(F)F,CCCCC[N+]1(C)CCCC1.O=S(=O)(NS(=O)(=O)C(F)(F)F)C(F)(F)F,exclude,1,0,False,neutral_component_or_incorrect_ion_role
co2,test,12016,CCCCC[N+]1(C)CCCC1,O=S(=O)(NS(=O)(=O)C(F)(F)F)C(F)(F)F,CCCCC[N+]1(C)CCCC1.O=S(=O)(NS(=O)(=O)C(F)(F)F)C(F)(F)F,exclude,1,0,False,neutral_component_or_incorrect_ion_role
co2,test,12033,CCCCC[N+]1(C)CCCC1,O=S(=O)(NS(=O)(=O)C(F)(F)F)C(F)(F)F,CCCCC[N+]1(C)CCCC1.O=S(=O)(NS(=O)(=O)C(F)(F)F)C(F)(F)F,exclude,1,0,False,neutral_component_or_incorrect_ion_role
co2,test,12051,CCCCC[N+]1(C)CCCC1,O=S(=O)(NS(=O)(=O)C(F)(F)F)C(F)(F)F,CCCCC[N+]1(C)CCCC1.O=S(=O)(NS(=O)(=O)C(F)(F)F)C(F)(F)F,exclude,1,0,False,neutral_component_or_incorrect_ion_role
co2,test,12098,CCCCC[N+]1(C)CCCC1,O=S(=O)(NS(=O)(=O)C(F)(F)F)C(F)(F)F,CCCCC[N+]1(C)CCCC1.O=S(=O)(NS(=O)(=O)C(F)(F)F)C(F)(F)F,exclude,1,0,False,neutral_component_or_incorrect_ion_role
co2,test,12148,CCCCC[N+]1(C)CCCC1,O=S(=O)(NS(=O)(=O)C(F)(F)F)C(F)(F)F,CCCCC[N+]1(C)CCCC1.O=S(=O)(NS(=O)(=O)C(F)(F)F)C(F)(F)F,exclude,1,0,False,neutral_component_or_incorrect_ion_role
co2,test,12194,CCCCC[N+]1(C)CCCC1,O=S(=O)(NS(=O)(=O)C(F)(F)F)C(F)(F)F,CCCCC[N+]1(C)CCCC1.O=S(=O)(NS(=O)(=O)C(F)(F)F)C(F)(F)F,exclude,1,0,False,neutral_component_or_incorrect_ion_role
co2,test,12280,CCCCC[N+]1(C)CCCC1,O=S(=O)(NS(=O)(=O)C(F)(F)F)C(F)(F)F,CCCCC[N+]1(C)CCCC1.O=S(=O)(NS(=O)(=O)C(F)(F)F)C(F)(F)F,exclude,1,0,False,neutral_component_or_incorrect_ion_role
co2,test,12941,CCCCC[N+]1(C)CCCC1,O=S(=O)(NS(=O)(=O)C(F)(F)F)C(F)(F)F,CCCCC[N+]1(C)CCCC1.O=S(=O)(NS(=O)(=O)C(F)(F)F)C(F)(F)F,exclude,1,0,False,neutral_component_or_incorrect_ion_role
co2,test,12947,CCCCC[N+]1(C)CCCC1,O=S(=O)(NS(=O)(=O)C(F)(F)F)C(F)(F)F,CCCCC[N+]1(C)CCCC1.O=S(=O)(NS(=O)(=O)C(F)(F)F)C(F)(F)F,exclude,1,0,False,neutral_component_or_incorrect_ion_role
co2,test,12964,CCCCC[N+]1(C)CCCC1,O=S(=O)(NS(=O)(=O)C(F)(F)F)C(F)(F)F,CCCCC[N+]1(C)CCCC1.O=S(=O)(NS(=O)(=O)C(F)(F)F)C(F)(F)F,exclude,1,0,False,neutral_component_or_incorrect_ion_role
co2,test,12980,CCCCC[N+]1(C)CCCC1,O=S(=O)(NS(=O)(=O)C(F)(F)F)C(F)(F)F,CCCCC[N+]1(C)CCCC1.O=S(=O)(NS(=O)(=O)C(F)(F)F)C(F)(F)F,exclude,1,0,False,neutral_component_or_incorrect_ion_role
co2,test,13024,CCCCC[N+]1(C)CCCC1,O=S(=O)(NS(=O)(=O)C(F)(F)F)C(F)(F)F,CCCCC[N+]1(C)CCCC1.O=S(=O)(NS(=O)(=O)C(F)(F)F)C(F)(F)F,exclude,1,0,False,neutral_component_or_incorrect_ion_role
co2,test,13067,CCCCC[N+]1(C)CCCC1,O=S(=O)(NS(=O)(=O)C(F)(F)F)C(F)(F)F,CCCCC[N+]1(C)CCCC1.O=S(=O)(NS(=O)(=O)C(F)(F)F)C(F)(F)F,exclude,1,0,False,neutral_component_or_incorrect_ion_role
co2,test,13108,CCCCC[N+]1(C)CCCC1,O=S(=O)(NS(=O)(=O)C(F)(F)F)C(F)(F)F,CCCCC[N+]1(C)CCCC1.O=S(=O)(NS(=O)(=O)C(F)(F)F)C(F)(F)F,exclude,1,0,False,neutral_component_or_incorrect_ion_role
co2,test,13166,CCCCC[N+]1(C)CCCC1,O=S(=O)(NS(=O)(=O)C(F)(F)F)C(F)(F)F,CCCCC[N+]1(C)CCCC1.O=S(=O)(NS(=O)(=O)C(F)(F)F)C(F)(F)F,exclude,1,0,False,neutral_component_or_incorrect_ion_role
co2,test,13451,CCCCC[N+]1(C)CCCC1,O=S(=O)(NS(=O)(=O)C(F)(F)F)C(F)(F)F,CCCCC[N+]1(C)CCCC1.O=S(=O)(NS(=O)(=O)C(F)(F)F)C(F)(F)F,exclude,1,0,False,neutral_component_or_incorrect_ion_role
co2,test,13457,CCCCC[N+]1(C)CCCC1,O=S(=O)(NS(=O)(=O)C(F)(F)F)C(F)(F)F,CCCCC[N+]1(C)CCCC1.O=S(=O)(NS(=O)(=O)C(F)(F)F)C(F)(F)F,exclude,1,0,False,neutral_component_or_incorrect_ion_role
co2,test,13470,CCCCC[N+]1(C)CCCC1,O=S(=O)(NS(=O)(=O)C(F)(F)F)C(F)(F)F,CCCCC[N+]1(C)CCCC1.O=S(=O)(NS(=O)(=O)C(F)(F)F)C(F)(F)F,exclude,1,0,False,neutral_component_or_incorrect_ion_role
co2,test,13485,CCCCC[N+]1(C)CCCC1,O=S(=O)(NS(=O)(=O)C(F)(F)F)C(F)(F)F,CCCCC[N+]1(C)CCCC1.O=S(=O)(NS(=O)(=O)C(F)(F)F)C(F)(F)F,exclude,1,0,False,neutral_component_or_incorrect_ion_role
co2,test,13524,CCCCC[N+]1(C)CCCC1,O=S(=O)(NS(=O)(=O)C(F)(F)F)C(F)(F)F,CCCCC[N+]1(C)CCCC1.O=S(=O)(NS(=O)(=O)C(F)(F)F)C(F)(F)F,exclude,1,0,False,neutral_component_or_incorrect_ion_role
co2,test,13568,CCCCC[N+]1(C)CCCC1,O=S(=O)(NS(=O)(=O)C(F)(F)F)C(F)(F)F,CCCCC[N+]1(C)CCCC1.O=S(=O)(NS(=O)(=O)C(F)(F)F)C(F)(F)F,exclude,1,0,False,neutral_component_or_incorrect_ion_role
co2,test,13609,CCCCC[N+]1(C)CCCC1,O=S(=O)(NS(=O)(=O)C(F)(F)F)C(F)(F)F,CCCCC[N+]1(C)CCCC1.O=S(=O)(NS(=O)(=O)C(F)(F)F)C(F)(F)F,exclude,1,0,False,neutral_component_or_incorrect_ion_role
co2,test,13665,CCCCC[N+]1(C)CCCC1,O=S(=O)(NS(=O)(=O)C(F)(F)F)C(F)(F)F,CCCCC[N+]1(C)CCCC1.O=S(=O)(NS(=O)(=O)C(F)(F)F)C(F)(F)F,exclude,1,0,False,neutral_component_or_incorrect_ion_role
vis,non_test,12192,CC[S+](CC)CCOCC[S+](CC)CC,N#CNC#N,CC[S+](CC)CCOCC[S+](CC)CC.N#CNC#N,exclude,2,0,False,neutral_component_or_incorrect_ion_role
vis,non_test,8516,CCCC[N+]1(C)CCCCC1,N#CNC#N,CCCC[N+]1(C)CCCCC1.N#CNC#N,exclude,1,0,False,neutral_component_or_incorrect_ion_role
vis,non_test,8517,CCCC[N+]1(C)CCCCC1,N#CNC#N,CCCC[N+]1(C)CCCCC1.N#CNC#N,exclude,1,0,False,neutral_component_or_incorrect_ion_role
vis,non_test,8518,CCCC[N+]1(C)CCCCC1,N#CNC#N,CCCC[N+]1(C)CCCCC1.N#CNC#N,exclude,1,0,False,neutral_component_or_incorrect_ion_role
vis,non_test,8519,CCCC[N+]1(C)CCCCC1,N#CNC#N,CCCC[N+]1(C)CCCCC1.N#CNC#N,exclude,1,0,False,neutral_component_or_incorrect_ion_role
vis,non_test,8520,CCCC[N+]1(C)CCCCC1,N#CNC#N,CCCC[N+]1(C)CCCCC1.N#CNC#N,exclude,1,0,False,neutral_component_or_incorrect_ion_role
vis,non_test,8521,CCCC[N+]1(C)CCCCC1,N#CNC#N,CCCC[N+]1(C)CCCCC1.N#CNC#N,exclude,1,0,False,neutral_component_or_incorrect_ion_role
vis,non_test,8522,CCCC[N+]1(C)CCCCC1,N#CNC#N,CCCC[N+]1(C)CCCCC1.N#CNC#N,exclude,1,0,False,neutral_component_or_incorrect_ion_role
vis,non_test,8523,CCCC[N+]1(C)CCCCC1,N#CNC#N,CCCC[N+]1(C)CCCCC1.N#CNC#N,exclude,1,0,False,neutral_component_or_incorrect_ion_role
vis,non_test,8524,CCCC[N+]1(C)CCCCC1,N#CNC#N,CCCC[N+]1(C)CCCCC1.N#CNC#N,exclude,1,0,False,neutral_component_or_incorrect_ion_role
vis,non_test,8525,CCCC[N+]1(C)CCCCC1,N#CNC#N,CCCC[N+]1(C)CCCCC1.N#CNC#N,exclude,1,0,False,neutral_component_or_incorrect_ion_role
vis,non_test,10520,CCCC[S+]1CCCC1,O=S(=O)(NS(=O)(=O)C(F)(F)F)C(F)(F)F,CCCC[S+]1CCCC1.O=S(=O)(NS(=O)(=O)C(F)(F)F)C(F)(F)F,exclude,1,0,False,neutral_component_or_incorrect_ion_role
vis,non_test,10521,CCCC[S+]1CCCC1,O=S(=O)(NS(=O)(=O)C(F)(F)F)C(F)(F)F,CCCC[S+]1CCCC1.O=S(=O)(NS(=O)(=O)C(F)(F)F)C(F)(F)F,exclude,1,0,False,neutral_component_or_incorrect_ion_role
vis,non_test,10522,CCCC[S+]1CCCC1,O=S(=O)(NS(=O)(=O)C(F)(F)F)C(F)(F)F,CCCC[S+]1CCCC1.O=S(=O)(NS(=O)(=O)C(F)(F)F)C(F)(F)F,exclude,1,0,False,neutral_component_or_incorrect_ion_role
vis,non_test,10523,CCCC[S+]1CCCC1,O=S(=O)(NS(=O)(=O)C(F)(F)F)C(F)(F)F,CCCC[S+]1CCCC1.O=S(=O)(NS(=O)(=O)C(F)(F)F)C(F)(F)F,exclude,1,0,False,neutral_component_or_incorrect_ion_role
vis,non_test,10524,CCCC[S+]1CCCC1,O=S(=O)(NS(=O)(=O)C(F)(F)F)C(F)(F)F,CCCC[S+]1CCCC1.O=S(=O)(NS(=O)(=O)C(F)(F)F)C(F)(F)F,exclude,1,0,False,neutral_component_or_incorrect_ion_role
vis,non_test,10525,CCCC[S+]1CCCC1,O=S(=O)(NS(=O)(=O)C(F)(F)F)C(F)(F)F,CCCC[S+]1CCCC1.O=S(=O)(NS(=O)(=O)C(F)(F)F)C(F)(F)F,exclude,1,0,False,neutral_component_or_incorrect_ion_role
vis,non_test,10526,CCCC[S+]1CCCC1,O=S(=O)(NS(=O)(=O)C(F)(F)F)C(F)(F)F,CCCC[S+]1CCCC1.O=S(=O)(NS(=O)(=O)C(F)(F)F)C(F)(F)F,exclude,1,0,False,neutral_component_or_incorrect_ion_role
vis,non_test,14101,CCCC[S+]1CCCC1,O=S(=O)(NS(=O)(=O)C(F)(F)F)C(F)(F)F,CCCC[S+]1CCCC1.O=S(=O)(NS(=O)(=O)C(F)(F)F)C(F)(F)F,exclude,1,0,False,neutral_component_or_incorrect_ion_role
vis,non_test,9971,CCCCCC[n+]1ccc2ccccc2c1,O=S(=O)(NS(=O)(=O)C(F)(F)F)C(F)(F)F,CCCCCC[n+]1ccc2ccccc2c1.O=S(=O)(NS(=O)(=O)C(F)(F)F)C(F)(F)F,exclude,1,0,False,neutral_component_or_incorrect_ion_role
vis,non_test,9972,CCCCCC[n+]1ccc2ccccc2c1,O=S(=O)(NS(=O)(=O)C(F)(F)F)C(F)(F)F,CCCCCC[n+]1ccc2ccccc2c1.O=S(=O)(NS(=O)(=O)C(F)(F)F)C(F)(F)F,exclude,1,0,False,neutral_component_or_incorrect_ion_role
vis,non_test,9973,CCCCCC[n+]1ccc2ccccc2c1,O=S(=O)(NS(=O)(=O)C(F)(F)F)C(F)(F)F,CCCCCC[n+]1ccc2ccccc2c1.O=S(=O)(NS(=O)(=O)C(F)(F)F)C(F)(F)F,exclude,1,0,False,neutral_component_or_incorrect_ion_role
vis,non_test,9974,CCCCCC[n+]1ccc2ccccc2c1,O=S(=O)(NS(=O)(=O)C(F)(F)F)C(F)(F)F,CCCCCC[n+]1ccc2ccccc2c1.O=S(=O)(NS(=O)(=O)C(F)(F)F)C(F)(F)F,exclude,1,0,False,neutral_component_or_incorrect_ion_role
vis,non_test,9975,CCCCCC[n+]1ccc2ccccc2c1,O=S(=O)(NS(=O)(=O)C(F)(F)F)C(F)(F)F,CCCCCC[n+]1ccc2ccccc2c1.O=S(=O)(NS(=O)(=O)C(F)(F)F)C(F)(F)F,exclude,1,0,False,neutral_component_or_incorrect_ion_role
vis,non_test,9976,CCCCCC[n+]1ccc2ccccc2c1,O=S(=O)(NS(=O)(=O)C(F)(F)F)C(F)(F)F,CCCCCC[n+]1ccc2ccccc2c1.O=S(=O)(NS(=O)(=O)C(F)(F)F)C(F)(F)F,exclude,1,0,False,neutral_component_or_incorrect_ion_role
vis,non_test,9977,CCCCCC[n+]1ccc2ccccc2c1,O=S(=O)(NS(=O)(=O)C(F)(F)F)C(F)(F)F,CCCCCC[n+]1ccc2ccccc2c1.O=S(=O)(NS(=O)(=O)C(F)(F)F)C(F)(F)F,exclude,1,0,False,neutral_component_or_incorrect_ion_role
vis,non_test,9978,CCCCCC[n+]1ccc2ccccc2c1,O=S(=O)(NS(=O)(=O)C(F)(F)F)C(F)(F)F,CCCCCC[n+]1ccc2ccccc2c1.O=S(=O)(NS(=O)(=O)C(F)(F)F)C(F)(F)F,exclude,1,0,False,neutral_component_or_incorrect_ion_role
vis,non_test,8204,CCCCn1cc[n+](C)c1,N#CS[Hg-2](SC#N)(SC#N)SC#N,CCCCn1cc[n+](C)c1.N#CS[Hg-2](SC#N)(SC#N)SC#N,exclude,1,-2,False,multivalent_salt_requires_explicit_stoichiometry
vis,non_test,8205,CCCCn1cc[n+](C)c1,N#CS[Hg-2](SC#N)(SC#N)SC#N,CCCCn1cc[n+](C)c1.N#CS[Hg-2](SC#N)(SC#N)SC#N,exclude,1,-2,False,multivalent_salt_requires_explicit_stoichiometry
vis,non_test,8206,CCCCn1cc[n+](C)c1,N#CS[Hg-2](SC#N)(SC#N)SC#N,CCCCn1cc[n+](C)c1.N#CS[Hg-2](SC#N)(SC#N)SC#N,exclude,1,-2,False,multivalent_salt_requires_explicit_stoichiometry
vis,non_test,8207,CCCCn1cc[n+](C)c1,N#CS[Hg-2](SC#N)(SC#N)SC#N,CCCCn1cc[n+](C)c1.N#CS[Hg-2](SC#N)(SC#N)SC#N,exclude,1,-2,False,multivalent_salt_requires_explicit_stoichiometry
vis,non_test,8208,CCCCn1cc[n+](C)c1,N#CS[Hg-2](SC#N)(SC#N)SC#N,CCCCn1cc[n+](C)c1.N#CS[Hg-2](SC#N)(SC#N)SC#N,exclude,1,-2,False,multivalent_salt_requires_explicit_stoichiometry
vis,non_test,8209,CCCCn1cc[n+](C)c1,N#CS[Hg-2](SC#N)(SC#N)SC#N,CCCCn1cc[n+](C)c1.N#CS[Hg-2](SC#N)(SC#N)SC#N,exclude,1,-2,False,multivalent_salt_requires_explicit_stoichiometry
vis,non_test,8210,CCCCn1cc[n+](C)c1,N#CS[Hg-2](SC#N)(SC#N)SC#N,CCCCn1cc[n+](C)c1.N#CS[Hg-2](SC#N)(SC#N)SC#N,exclude,1,-2,False,multivalent_salt_requires_explicit_stoichiometry
vis,non_test,8211,CCCCn1cc[n+](C)c1,N#CS[Hg-2](SC#N)(SC#N)SC#N,CCCCn1cc[n+](C)c1.N#CS[Hg-2](SC#N)(SC#N)SC#N,exclude,1,-2,False,multivalent_salt_requires_explicit_stoichiometry
vis,non_test,8212,CCCCn1cc[n+](C)c1,N#CS[Hg-2](SC#N)(SC#N)SC#N,CCCCn1cc[n+](C)c1.N#CS[Hg-2](SC#N)(SC#N)SC#N,exclude,1,-2,False,multivalent_salt_requires_explicit_stoichiometry
vis,non_test,8213,CCCCn1cc[n+](C)c1,N#CS[Hg-2](SC#N)(SC#N)SC#N,CCCCn1cc[n+](C)c1.N#CS[Hg-2](SC#N)(SC#N)SC#N,exclude,1,-2,False,multivalent_salt_requires_explicit_stoichiometry
vis,non_test,4537,CNCCO,CCC(=O)[O-],CNCCO.CCC(=O)[O-],exclude,0,-1,False,neutral_component_or_incorrect_ion_role
vis,non_test,4538,CNCCO,CCC(=O)[O-],CNCCO.CCC(=O)[O-],exclude,0,-1,False,neutral_component_or_incorrect_ion_role
vis,non_test,4539,CNCCO,CCC(=O)[O-],CNCCO.CCC(=O)[O-],exclude,0,-1,False,neutral_component_or_incorrect_ion_role
vis,non_test,4540,CNCCO,CCC(=O)[O-],CNCCO.CCC(=O)[O-],exclude,0,-1,False,neutral_component_or_incorrect_ion_role
vis,non_test,4541,CNCCO,CCC(=O)[O-],CNCCO.CCC(=O)[O-],exclude,0,-1,False,neutral_component_or_incorrect_ion_role
vis,non_test,4542,CNCCO,CCC(=O)[O-],CNCCO.CCC(=O)[O-],exclude,0,-1,False,neutral_component_or_incorrect_ion_role
vis,non_test,4543,CNCCO,CCC(=O)[O-],CNCCO.CCC(=O)[O-],exclude,0,-1,False,neutral_component_or_incorrect_ion_role
vis,non_test,4544,CNCCO,CCC(=O)[O-],CNCCO.CCC(=O)[O-],exclude,0,-1,False,neutral_component_or_incorrect_ion_role
vis,non_test,4545,CNCCO,CCC(=O)[O-],CNCCO.CCC(=O)[O-],exclude,0,-1,False,neutral_component_or_incorrect_ion_role
vis,non_test,4546,CNCCO,CCC(=O)[O-],CNCCO.CCC(=O)[O-],exclude,0,-1,False,neutral_component_or_incorrect_ion_role
vis,non_test,4547,CNCCO,CCC(=O)[O-],CNCCO.CCC(=O)[O-],exclude,0,-1,False,neutral_component_or_incorrect_ion_role
vis,non_test,4548,CNCCO,CCC(=O)[O-],CNCCO.CCC(=O)[O-],exclude,0,-1,False,neutral_component_or_incorrect_ion_role
vis,non_test,4549,CNCCO,CCC(=O)[O-],CNCCO.CCC(=O)[O-],exclude,0,-1,False,neutral_component_or_incorrect_ion_role
vis,non_test,4550,CNCCO,CCC(=O)[O-],CNCCO.CCC(=O)[O-],exclude,0,-1,False,neutral_component_or_incorrect_ion_role
vis,non_test,4551,CNCCO,CCC(=O)[O-],CNCCO.CCC(=O)[O-],exclude,0,-1,False,neutral_component_or_incorrect_ion_role
vis,non_test,12184,CCCCn1cc[n+](CCOCC[n+]2ccn(CCCC)c2)c1,N#CNC#N,CCCCn1cc[n+](CCOCC[n+]2ccn(CCCC)c2)c1.N#CNC#N,exclude,2,0,False,neutral_component_or_incorrect_ion_role
vis,non_test,10003,CCCCCCCC[S+]=C(N(C)C)N(C)C,O=S(=O)(NS(=O)(=O)C(F)(F)F)C(F)(F)F,CCCCCCCC[S+]=C(N(C)C)N(C)C.O=S(=O)(NS(=O)(=O)C(F)(F)F)C(F)(F)F,exclude,1,0,False,neutral_component_or_incorrect_ion_role
vis,non_test,10004,CCCCCCCC[S+]=C(N(C)C)N(C)C,O=S(=O)(NS(=O)(=O)C(F)(F)F)C(F)(F)F,CCCCCCCC[S+]=C(N(C)C)N(C)C.O=S(=O)(NS(=O)(=O)C(F)(F)F)C(F)(F)F,exclude,1,0,False,neutral_component_or_incorrect_ion_role
vis,non_test,10005,CCCCCCCC[S+]=C(N(C)C)N(C)C,O=S(=O)(NS(=O)(=O)C(F)(F)F)C(F)(F)F,CCCCCCCC[S+]=C(N(C)C)N(C)C.O=S(=O)(NS(=O)(=O)C(F)(F)F)C(F)(F)F,exclude,1,0,False,neutral_component_or_incorrect_ion_role
vis,non_test,10006,CCCCCCCC[S+]=C(N(C)C)N(C)C,O=S(=O)(NS(=O)(=O)C(F)(F)F)C(F)(F)F,CCCCCCCC[S+]=C(N(C)C)N(C)C.O=S(=O)(NS(=O)(=O)C(F)(F)F)C(F)(F)F,exclude,1,0,False,neutral_component_or_incorrect_ion_role
vis,non_test,10007,CCCCCCCC[S+]=C(N(C)C)N(C)C,O=S(=O)(NS(=O)(=O)C(F)(F)F)C(F)(F)F,CCCCCCCC[S+]=C(N(C)C)N(C)C.O=S(=O)(NS(=O)(=O)C(F)(F)F)C(F)(F)F,exclude,1,0,False,neutral_component_or_incorrect_ion_role
vis,non_test,10008,CCCCCCCC[S+]=C(N(C)C)N(C)C,O=S(=O)(NS(=O)(=O)C(F)(F)F)C(F)(F)F,CCCCCCCC[S+]=C(N(C)C)N(C)C.O=S(=O)(NS(=O)(=O)C(F)(F)F)C(F)(F)F,exclude,1,0,False,neutral_component_or_incorrect_ion_role
vis,non_test,10009,CCCCCCCC[S+]=C(N(C)C)N(C)C,O=S(=O)(NS(=O)(=O)C(F)(F)F)C(F)(F)F,CCCCCCCC[S+]=C(N(C)C)N(C)C.O=S(=O)(NS(=O)(=O)C(F)(F)F)C(F)(F)F,exclude,1,0,False,neutral_component_or_incorrect_ion_role
vis,non_test,10010,CCCCCCCC[S+]=C(N(C)C)N(C)C,O=S(=O)(NS(=O)(=O)C(F)(F)F)C(F)(F)F,CCCCCCCC[S+]=C(N(C)C)N(C)C.O=S(=O)(NS(=O)(=O)C(F)(F)F)C(F)(F)F,exclude,1,0,False,neutral_component_or_incorrect_ion_role
vis,non_test,4248,CCCCC[N+](CC)(CC)CC,O=S(=O)(NS(=O)(=O)C(F)(F)F)C(F)(F)F,CCCCC[N+](CC)(CC)CC.O=S(=O)(NS(=O)(=O)C(F)(F)F)C(F)(F)F,exclude,1,0,False,neutral_component_or_incorrect_ion_role
vis,non_test,4249,CCCCC[N+](CC)(CC)CC,O=S(=O)(NS(=O)(=O)C(F)(F)F)C(F)(F)F,CCCCC[N+](CC)(CC)CC.O=S(=O)(NS(=O)(=O)C(F)(F)F)C(F)(F)F,exclude,1,0,False,neutral_component_or_incorrect_ion_role
vis,non_test,4250,CCCCC[N+](CC)(CC)CC,O=S(=O)(NS(=O)(=O)C(F)(F)F)C(F)(F)F,CCCCC[N+](CC)(CC)CC.O=S(=O)(NS(=O)(=O)C(F)(F)F)C(F)(F)F,exclude,1,0,False,neutral_component_or_incorrect_ion_role
vis,non_test,4251,CCCCC[N+](CC)(CC)CC,O=S(=O)(NS(=O)(=O)C(F)(F)F)C(F)(F)F,CCCCC[N+](CC)(CC)CC.O=S(=O)(NS(=O)(=O)C(F)(F)F)C(F)(F)F,exclude,1,0,False,neutral_component_or_incorrect_ion_role
vis,non_test,4252,CCCCC[N+](CC)(CC)CC,O=S(=O)(NS(=O)(=O)C(F)(F)F)C(F)(F)F,CCCCC[N+](CC)(CC)CC.O=S(=O)(NS(=O)(=O)C(F)(F)F)C(F)(F)F,exclude,1,0,False,neutral_component_or_incorrect_ion_role
vis,non_test,4253,CCCCC[N+](CC)(CC)CC,O=S(=O)(NS(=O)(=O)C(F)(F)F)C(F)(F)F,CCCCC[N+](CC)(CC)CC.O=S(=O)(NS(=O)(=O)C(F)(F)F)C(F)(F)F,exclude,1,0,False,neutral_component_or_incorrect_ion_role
vis,non_test,4254,CCCCC[N+](CC)(CC)CC,O=S(=O)(NS(=O)(=O)C(F)(F)F)C(F)(F)F,CCCCC[N+](CC)(CC)CC.O=S(=O)(NS(=O)(=O)C(F)(F)F)C(F)(F)F,exclude,1,0,False,neutral_component_or_incorrect_ion_role
vis,non_test,4255,CCCCC[N+](CC)(CC)CC,O=S(=O)(NS(=O)(=O)C(F)(F)F)C(F)(F)F,CCCCC[N+](CC)(CC)CC.O=S(=O)(NS(=O)(=O)C(F)(F)F)C(F)(F)F,exclude,1,0,False,neutral_component_or_incorrect_ion_role
vis,non_test,4256,CCCCC[N+](CC)(CC)CC,O=S(=O)(NS(=O)(=O)C(F)(F)F)C(F)(F)F,CCCCC[N+](CC)(CC)CC.O=S(=O)(NS(=O)(=O)C(F)(F)F)C(F)(F)F,exclude,1,0,False,neutral_component_or_incorrect_ion_role
vis,non_test,4257,CCCCC[N+](CC)(CC)CC,O=S(=O)(NS(=O)(=O)C(F)(F)F)C(F)(F)F,CCCCC[N+](CC)(CC)CC.O=S(=O)(NS(=O)(=O)C(F)(F)F)C(F)(F)F,exclude,1,0,False,neutral_component_or_incorrect_ion_role
vis,non_test,4258,CCCCC[N+](CC)(CC)CC,O=S(=O)(NS(=O)(=O)C(F)(F)F)C(F)(F)F,CCCCC[N+](CC)(CC)CC.O=S(=O)(NS(=O)(=O)C(F)(F)F)C(F)(F)F,exclude,1,0,False,neutral_component_or_incorrect_ion_role
vis,non_test,4259,CCCCC[N+](CC)(CC)CC,O=S(=O)(NS(=O)(=O)C(F)(F)F)C(F)(F)F,CCCCC[N+](CC)(CC)CC.O=S(=O)(NS(=O)(=O)C(F)(F)F)C(F)(F)F,exclude,1,0,False,neutral_component_or_incorrect_ion_role
vis,non_test,4260,CCCCC[N+](CC)(CC)CC,O=S(=O)(NS(=O)(=O)C(F)(F)F)C(F)(F)F,CCCCC[N+](CC)(CC)CC.O=S(=O)(NS(=O)(=O)C(F)(F)F)C(F)(F)F,exclude,1,0,False,neutral_component_or_incorrect_ion_role
vis,non_test,4261,CCCCC[N+](CC)(CC)CC,O=S(=O)(NS(=O)(=O)C(F)(F)F)C(F)(F)F,CCCCC[N+](CC)(CC)CC.O=S(=O)(NS(=O)(=O)C(F)(F)F)C(F)(F)F,exclude,1,0,False,neutral_component_or_incorrect_ion_role
vis,non_test,4262,CCCCC[N+](CC)(CC)CC,O=S(=O)(NS(=O)(=O)C(F)(F)F)C(F)(F)F,CCCCC[N+](CC)(CC)CC.O=S(=O)(NS(=O)(=O)C(F)(F)F)C(F)(F)F,exclude,1,0,False,neutral_component_or_incorrect_ion_role
vis,non_test,4263,CCCCC[N+](CC)(CC)CC,O=S(=O)(NS(=O)(=O)C(F)(F)F)C(F)(F)F,CCCCC[N+](CC)(CC)CC.O=S(=O)(NS(=O)(=O)C(F)(F)F)C(F)(F)F,exclude,1,0,False,neutral_component_or_incorrect_ion_role
vis,non_test,10588,COCC[N+]1(C)CCCCC1,O=S(=O)(NS(=O)(=O)C(F)(F)F)C(F)(F)F,COCC[N+]1(C)CCCCC1.O=S(=O)(NS(=O)(=O)C(F)(F)F)C(F)(F)F,exclude,1,0,False,neutral_component_or_incorrect_ion_role
vis,non_test,10589,COCC[N+]1(C)CCCCC1,O=S(=O)(NS(=O)(=O)C(F)(F)F)C(F)(F)F,COCC[N+]1(C)CCCCC1.O=S(=O)(NS(=O)(=O)C(F)(F)F)C(F)(F)F,exclude,1,0,False,neutral_component_or_incorrect_ion_role
vis,non_test,10590,COCC[N+]1(C)CCCCC1,O=S(=O)(NS(=O)(=O)C(F)(F)F)C(F)(F)F,COCC[N+]1(C)CCCCC1.O=S(=O)(NS(=O)(=O)C(F)(F)F)C(F)(F)F,exclude,1,0,False,neutral_component_or_incorrect_ion_role
vis,non_test,10591,COCC[N+]1(C)CCCCC1,O=S(=O)(NS(=O)(=O)C(F)(F)F)C(F)(F)F,COCC[N+]1(C)CCCCC1.O=S(=O)(NS(=O)(=O)C(F)(F)F)C(F)(F)F,exclude,1,0,False,neutral_component_or_incorrect_ion_role
vis,non_test,10592,COCC[N+]1(C)CCCCC1,O=S(=O)(NS(=O)(=O)C(F)(F)F)C(F)(F)F,COCC[N+]1(C)CCCCC1.O=S(=O)(NS(=O)(=O)C(F)(F)F)C(F)(F)F,exclude,1,0,False,neutral_component_or_incorrect_ion_role
vis,non_test,10593,COCC[N+]1(C)CCCCC1,O=S(=O)(NS(=O)(=O)C(F)(F)F)C(F)(F)F,COCC[N+]1(C)CCCCC1.O=S(=O)(NS(=O)(=O)C(F)(F)F)C(F)(F)F,exclude,1,0,False,neutral_component_or_incorrect_ion_role
vis,non_test,10594,COCC[N+]1(C)CCCCC1,O=S(=O)(NS(=O)(=O)C(F)(F)F)C(F)(F)F,COCC[N+]1(C)CCCCC1.O=S(=O)(NS(=O)(=O)C(F)(F)F)C(F)(F)F,exclude,1,0,False,neutral_component_or_incorrect_ion_role
vis,non_test,5624,CCCCCC[N+]1(C)CCOCC1,O=S(=O)(F)NS(=O)(=O)F,CCCCCC[N+]1(C)CCOCC1.O=S(=O)(F)NS(=O)(=O)F,exclude,1,0,False,neutral_component_or_incorrect_ion_role
vis,non_test,5625,CCCCCC[N+]1(C)CCOCC1,O=S(=O)(F)NS(=O)(=O)F,CCCCCC[N+]1(C)CCOCC1.O=S(=O)(F)NS(=O)(=O)F,exclude,1,0,False,neutral_component_or_incorrect_ion_role
vis,non_test,5626,CCCCCC[N+]1(C)CCOCC1,O=S(=O)(F)NS(=O)(=O)F,CCCCCC[N+]1(C)CCOCC1.O=S(=O)(F)NS(=O)(=O)F,exclude,1,0,False,neutral_component_or_incorrect_ion_role
vis,non_test,5627,CCCCCC[N+]1(C)CCOCC1,O=S(=O)(F)NS(=O)(=O)F,CCCCCC[N+]1(C)CCOCC1.O=S(=O)(F)NS(=O)(=O)F,exclude,1,0,False,neutral_component_or_incorrect_ion_role
vis,non_test,5628,CCCCCC[N+]1(C)CCOCC1,O=S(=O)(F)NS(=O)(=O)F,CCCCCC[N+]1(C)CCOCC1.O=S(=O)(F)NS(=O)(=O)F,exclude,1,0,False,neutral_component_or_incorrect_ion_role
vis,non_test,5629,CCCCCC[N+]1(C)CCOCC1,O=S(=O)(F)NS(=O)(=O)F,CCCCCC[N+]1(C)CCOCC1.O=S(=O)(F)NS(=O)(=O)F,exclude,1,0,False,neutral_component_or_incorrect_ion_role
vis,non_test,5630,CCCCCC[N+]1(C)CCOCC1,O=S(=O)(F)NS(=O)(=O)F,CCCCCC[N+]1(C)CCOCC1.O=S(=O)(F)NS(=O)(=O)F,exclude,1,0,False,neutral_component_or_incorrect_ion_role
vis,non_test,5631,CCCCCC[N+]1(C)CCOCC1,O=S(=O)(F)NS(=O)(=O)F,CCCCCC[N+]1(C)CCOCC1.O=S(=O)(F)NS(=O)(=O)F,exclude,1,0,False,neutral_component_or_incorrect_ion_role
vis,non_test,5632,CCCCCC[N+]1(C)CCOCC1,O=S(=O)(F)NS(=O)(=O)F,CCCCCC[N+]1(C)CCOCC1.O=S(=O)(F)NS(=O)(=O)F,exclude,1,0,False,neutral_component_or_incorrect_ion_role
vis,non_test,5633,CCCCCC[N+]1(C)CCOCC1,O=S(=O)(F)NS(=O)(=O)F,CCCCCC[N+]1(C)CCOCC1.O=S(=O)(F)NS(=O)(=O)F,exclude,1,0,False,neutral_component_or_incorrect_ion_role
vis,non_test,5634,CCCCCC[N+]1(C)CCOCC1,O=S(=O)(F)NS(=O)(=O)F,CCCCCC[N+]1(C)CCOCC1.O=S(=O)(F)NS(=O)(=O)F,exclude,1,0,False,neutral_component_or_incorrect_ion_role
vis,non_test,5635,CCCCCC[N+]1(C)CCOCC1,O=S(=O)(F)NS(=O)(=O)F,CCCCCC[N+]1(C)CCOCC1.O=S(=O)(F)NS(=O)(=O)F,exclude,1,0,False,neutral_component_or_incorrect_ion_role
vis,non_test,5636,CCCCCC[N+]1(C)CCOCC1,O=S(=O)(F)NS(=O)(=O)F,CCCCCC[N+]1(C)CCOCC1.O=S(=O)(F)NS(=O)(=O)F,exclude,1,0,False,neutral_component_or_incorrect_ion_role
vis,non_test,4507,CNCCO,CCCCC(=O)[O-],CNCCO.CCCCC(=O)[O-],exclude,0,-1,False,neutral_component_or_incorrect_ion_role
vis,non_test,4508,CNCCO,CCCCC(=O)[O-],CNCCO.CCCCC(=O)[O-],exclude,0,-1,False,neutral_component_or_incorrect_ion_role
vis,non_test,4509,CNCCO,CCCCC(=O)[O-],CNCCO.CCCCC(=O)[O-],exclude,0,-1,False,neutral_component_or_incorrect_ion_role
vis,non_test,4510,CNCCO,CCCCC(=O)[O-],CNCCO.CCCCC(=O)[O-],exclude,0,-1,False,neutral_component_or_incorrect_ion_role
vis,non_test,4511,CNCCO,CCCCC(=O)[O-],CNCCO.CCCCC(=O)[O-],exclude,0,-1,False,neutral_component_or_incorrect_ion_role
vis,non_test,4512,CNCCO,CCCCC(=O)[O-],CNCCO.CCCCC(=O)[O-],exclude,0,-1,False,neutral_component_or_incorrect_ion_role
vis,non_test,4513,CNCCO,CCCCC(=O)[O-],CNCCO.CCCCC(=O)[O-],exclude,0,-1,False,neutral_component_or_incorrect_ion_role
vis,non_test,4514,CNCCO,CCCCC(=O)[O-],CNCCO.CCCCC(=O)[O-],exclude,0,-1,False,neutral_component_or_incorrect_ion_role
vis,non_test,4515,CNCCO,CCCCC(=O)[O-],CNCCO.CCCCC(=O)[O-],exclude,0,-1,False,neutral_component_or_incorrect_ion_role
vis,non_test,4516,CNCCO,CCCCC(=O)[O-],CNCCO.CCCCC(=O)[O-],exclude,0,-1,False,neutral_component_or_incorrect_ion_role
vis,non_test,4517,CNCCO,CCCCC(=O)[O-],CNCCO.CCCCC(=O)[O-],exclude,0,-1,False,neutral_component_or_incorrect_ion_role
vis,non_test,4518,CNCCO,CCCCC(=O)[O-],CNCCO.CCCCC(=O)[O-],exclude,0,-1,False,neutral_component_or_incorrect_ion_role
vis,non_test,4519,CNCCO,CCCCC(=O)[O-],CNCCO.CCCCC(=O)[O-],exclude,0,-1,False,neutral_component_or_incorrect_ion_role
vis,non_test,4520,CNCCO,CCCCC(=O)[O-],CNCCO.CCCCC(=O)[O-],exclude,0,-1,False,neutral_component_or_incorrect_ion_role
vis,non_test,4521,CNCCO,CCCCC(=O)[O-],CNCCO.CCCCC(=O)[O-],exclude,0,-1,False,neutral_component_or_incorrect_ion_role
vis,non_test,6560,CCCCCC[N+]1(C)CCCCC1,CCCCCCP(=O)([O-])[O-],CCCCCC[N+]1(C)CCCCC1.CCCCCCP(=O)([O-])[O-],exclude,1,-2,False,multivalent_salt_requires_explicit_stoichiometry
vis,non_test,6561,CCCCCC[N+]1(C)CCCCC1,CCCCCCP(=O)([O-])[O-],CCCCCC[N+]1(C)CCCCC1.CCCCCCP(=O)([O-])[O-],exclude,1,-2,False,multivalent_salt_requires_explicit_stoichiometry
vis,non_test,6562,CCCCCC[N+]1(C)CCCCC1,CCCCCCP(=O)([O-])[O-],CCCCCC[N+]1(C)CCCCC1.CCCCCCP(=O)([O-])[O-],exclude,1,-2,False,multivalent_salt_requires_explicit_stoichiometry
vis,non_test,6563,CCCCCC[N+]1(C)CCCCC1,CCCCCCP(=O)([O-])[O-],CCCCCC[N+]1(C)CCCCC1.CCCCCCP(=O)([O-])[O-],exclude,1,-2,False,multivalent_salt_requires_explicit_stoichiometry
vis,non_test,6564,CCCCCC[N+]1(C)CCCCC1,CCCCCCP(=O)([O-])[O-],CCCCCC[N+]1(C)CCCCC1.CCCCCCP(=O)([O-])[O-],exclude,1,-2,False,multivalent_salt_requires_explicit_stoichiometry
vis,non_test,6565,CCCCCC[N+]1(C)CCCCC1,CCCCCCP(=O)([O-])[O-],CCCCCC[N+]1(C)CCCCC1.CCCCCCP(=O)([O-])[O-],exclude,1,-2,False,multivalent_salt_requires_explicit_stoichiometry
vis,non_test,6566,CCCCCC[N+]1(C)CCCCC1,CCCCCCP(=O)([O-])[O-],CCCCCC[N+]1(C)CCCCC1.CCCCCCP(=O)([O-])[O-],exclude,1,-2,False,multivalent_salt_requires_explicit_stoichiometry
vis,non_test,6567,CCCCCC[N+]1(C)CCCCC1,CCCCCCP(=O)([O-])[O-],CCCCCC[N+]1(C)CCCCC1.CCCCCCP(=O)([O-])[O-],exclude,1,-2,False,multivalent_salt_requires_explicit_stoichiometry
vis,non_test,6568,CCCCCC[N+]1(C)CCCCC1,CCCCCCP(=O)([O-])[O-],CCCCCC[N+]1(C)CCCCC1.CCCCCCP(=O)([O-])[O-],exclude,1,-2,False,multivalent_salt_requires_explicit_stoichiometry
vis,non_test,6569,CCCCCC[N+]1(C)CCCCC1,CCCCCCP(=O)([O-])[O-],CCCCCC[N+]1(C)CCCCC1.CCCCCCP(=O)([O-])[O-],exclude,1,-2,False,multivalent_salt_requires_explicit_stoichiometry
vis,non_test,6570,CCCCCC[N+]1(C)CCCCC1,CCCCCCP(=O)([O-])[O-],CCCCCC[N+]1(C)CCCCC1.CCCCCCP(=O)([O-])[O-],exclude,1,-2,False,multivalent_salt_requires_explicit_stoichiometry
vis,non_test,6571,CCCCCC[N+]1(C)CCCCC1,CCCCCCP(=O)([O-])[O-],CCCCCC[N+]1(C)CCCCC1.CCCCCCP(=O)([O-])[O-],exclude,1,-2,False,multivalent_salt_requires_explicit_stoichiometry
vis,non_test,6572,CCCCCC[N+]1(C)CCCCC1,CCCCCCP(=O)([O-])[O-],CCCCCC[N+]1(C)CCCCC1.CCCCCCP(=O)([O-])[O-],exclude,1,-2,False,multivalent_salt_requires_explicit_stoichiometry
vis,non_test,3437,CCCC[N+](C)(C)CCO,O=S(=O)(NS(=O)(=O)C(F)(F)F)C(F)(F)F,CCCC[N+](C)(C)CCO.O=S(=O)(NS(=O)(=O)C(F)(F)F)C(F)(F)F,exclude,1,0,False,neutral_component_or_incorrect_ion_role
vis,non_test,3438,CCCC[N+](C)(C)CCO,O=S(=O)(NS(=O)(=O)C(F)(F)F)C(F)(F)F,CCCC[N+](C)(C)CCO.O=S(=O)(NS(=O)(=O)C(F)(F)F)C(F)(F)F,exclude,1,0,False,neutral_component_or_incorrect_ion_role
vis,non_test,3439,CCCC[N+](C)(C)CCO,O=S(=O)(NS(=O)(=O)C(F)(F)F)C(F)(F)F,CCCC[N+](C)(C)CCO.O=S(=O)(NS(=O)(=O)C(F)(F)F)C(F)(F)F,exclude,1,0,False,neutral_component_or_incorrect_ion_role
vis,non_test,3440,CCCC[N+](C)(C)CCO,O=S(=O)(NS(=O)(=O)C(F)(F)F)C(F)(F)F,CCCC[N+](C)(C)CCO.O=S(=O)(NS(=O)(=O)C(F)(F)F)C(F)(F)F,exclude,1,0,False,neutral_component_or_incorrect_ion_role
vis,non_test,3441,CCCC[N+](C)(C)CCO,O=S(=O)(NS(=O)(=O)C(F)(F)F)C(F)(F)F,CCCC[N+](C)(C)CCO.O=S(=O)(NS(=O)(=O)C(F)(F)F)C(F)(F)F,exclude,1,0,False,neutral_component_or_incorrect_ion_role
vis,non_test,3442,CCCC[N+](C)(C)CCO,O=S(=O)(NS(=O)(=O)C(F)(F)F)C(F)(F)F,CCCC[N+](C)(C)CCO.O=S(=O)(NS(=O)(=O)C(F)(F)F)C(F)(F)F,exclude,1,0,False,neutral_component_or_incorrect_ion_role
vis,non_test,3443,CCCC[N+](C)(C)CCO,O=S(=O)(NS(=O)(=O)C(F)(F)F)C(F)(F)F,CCCC[N+](C)(C)CCO.O=S(=O)(NS(=O)(=O)C(F)(F)F)C(F)(F)F,exclude,1,0,False,neutral_component_or_incorrect_ion_role
vis,non_test,3444,CCCC[N+](C)(C)CCO,O=S(=O)(NS(=O)(=O)C(F)(F)F)C(F)(F)F,CCCC[N+](C)(C)CCO.O=S(=O)(NS(=O)(=O)C(F)(F)F)C(F)(F)F,exclude,1,0,False,neutral_component_or_incorrect_ion_role
vis,non_test,3445,CCCC[N+](C)(C)CCO,O=S(=O)(NS(=O)(=O)C(F)(F)F)C(F)(F)F,CCCC[N+](C)(C)CCO.O=S(=O)(NS(=O)(=O)C(F)(F)F)C(F)(F)F,exclude,1,0,False,neutral_component_or_incorrect_ion_role
vis,non_test,3446,CCCC[N+](C)(C)CCO,O=S(=O)(NS(=O)(=O)C(F)(F)F)C(F)(F)F,CCCC[N+](C)(C)CCO.O=S(=O)(NS(=O)(=O)C(F)(F)F)C(F)(F)F,exclude,1,0,False,neutral_component_or_incorrect_ion_role
vis,non_test,3447,CCCC[N+](C)(C)CCO,O=S(=O)(NS(=O)(=O)C(F)(F)F)C(F)(F)F,CCCC[N+](C)(C)CCO.O=S(=O)(NS(=O)(=O)C(F)(F)F)C(F)(F)F,exclude,1,0,False,neutral_component_or_incorrect_ion_role
vis,non_test,3448,CCCC[N+](C)(C)CCO,O=S(=O)(NS(=O)(=O)C(F)(F)F)C(F)(F)F,CCCC[N+](C)(C)CCO.O=S(=O)(NS(=O)(=O)C(F)(F)F)C(F)(F)F,exclude,1,0,False,neutral_component_or_incorrect_ion_role
vis,non_test,3449,CCCC[N+](C)(C)CCO,O=S(=O)(NS(=O)(=O)C(F)(F)F)C(F)(F)F,CCCC[N+](C)(C)CCO.O=S(=O)(NS(=O)(=O)C(F)(F)F)C(F)(F)F,exclude,1,0,False,neutral_component_or_incorrect_ion_role
vis,non_test,3450,CCCC[N+](C)(C)CCO,O=S(=O)(NS(=O)(=O)C(F)(F)F)C(F)(F)F,CCCC[N+](C)(C)CCO.O=S(=O)(NS(=O)(=O)C(F)(F)F)C(F)(F)F,exclude,1,0,False,neutral_component_or_incorrect_ion_role
vis,non_test,3451,CCCC[N+](C)(C)CCO,O=S(=O)(NS(=O)(=O)C(F)(F)F)C(F)(F)F,CCCC[N+](C)(C)CCO.O=S(=O)(NS(=O)(=O)C(F)(F)F)C(F)(F)F,exclude,1,0,False,neutral_component_or_incorrect_ion_role
vis,non_test,3452,CCCC[N+](C)(C)CCO,O=S(=O)(NS(=O)(=O)C(F)(F)F)C(F)(F)F,CCCC[N+](C)(C)CCO.O=S(=O)(NS(=O)(=O)C(F)(F)F)C(F)(F)F,exclude,1,0,False,neutral_component_or_incorrect_ion_role
vis,non_test,3453,CCCC[N+](C)(C)CCO,O=S(=O)(NS(=O)(=O)C(F)(F)F)C(F)(F)F,CCCC[N+](C)(C)CCO.O=S(=O)(NS(=O)(=O)C(F)(F)F)C(F)(F)F,exclude,1,0,False,neutral_component_or_incorrect_ion_role
vis,non_test,3454,CCCC[N+](C)(C)CCO,O=S(=O)(NS(=O)(=O)C(F)(F)F)C(F)(F)F,CCCC[N+](C)(C)CCO.O=S(=O)(NS(=O)(=O)C(F)(F)F)C(F)(F)F,exclude,1,0,False,neutral_component_or_incorrect_ion_role
vis,non_test,3455,CCCC[N+](C)(C)CCO,O=S(=O)(NS(=O)(=O)C(F)(F)F)C(F)(F)F,CCCC[N+](C)(C)CCO.O=S(=O)(NS(=O)(=O)C(F)(F)F)C(F)(F)F,exclude,1,0,False,neutral_component_or_incorrect_ion_role
vis,non_test,12194,CC[S+](CC)CCOCCOCCOCC[S+](CC)CC,N#CNC#N,CC[S+](CC)CCOCCOCCOCC[S+](CC)CC.N#CNC#N,exclude,2,0,False,neutral_component_or_incorrect_ion_role
vis,non_test,10975,CCCCCCC[N+]1(C)CCOCC1,N#CNC#N,CCCCCCC[N+]1(C)CCOCC1.N#CNC#N,exclude,1,0,False,neutral_component_or_incorrect_ion_role
vis,non_test,10976,CCCCCCC[N+]1(C)CCOCC1,N#CNC#N,CCCCCCC[N+]1(C)CCOCC1.N#CNC#N,exclude,1,0,False,neutral_component_or_incorrect_ion_role
vis,non_test,10977,CCCCCCC[N+]1(C)CCOCC1,N#CNC#N,CCCCCCC[N+]1(C)CCOCC1.N#CNC#N,exclude,1,0,False,neutral_component_or_incorrect_ion_role
vis,non_test,10978,CCCCCCC[N+]1(C)CCOCC1,N#CNC#N,CCCCCCC[N+]1(C)CCOCC1.N#CNC#N,exclude,1,0,False,neutral_component_or_incorrect_ion_role
vis,non_test,10979,CCCCCCC[N+]1(C)CCOCC1,N#CNC#N,CCCCCCC[N+]1(C)CCOCC1.N#CNC#N,exclude,1,0,False,neutral_component_or_incorrect_ion_role
vis,non_test,10980,CCCCCCC[N+]1(C)CCOCC1,N#CNC#N,CCCCCCC[N+]1(C)CCOCC1.N#CNC#N,exclude,1,0,False,neutral_component_or_incorrect_ion_role
vis,non_test,10981,CCCCCCC[N+]1(C)CCOCC1,N#CNC#N,CCCCCCC[N+]1(C)CCOCC1.N#CNC#N,exclude,1,0,False,neutral_component_or_incorrect_ion_role
vis,non_test,4836,C[n+]1ccn(CCCCn2cc[n+](C)c2)c1,O=S(=O)(NS(=O)(=O)C(F)(F)F)C(F)(F)F,C[n+]1ccn(CCCCn2cc[n+](C)c2)c1.O=S(=O)(NS(=O)(=O)C(F)(F)F)C(F)(F)F,exclude,2,0,False,neutral_component_or_incorrect_ion_role
vis,non_test,4837,C[n+]1ccn(CCCCn2cc[n+](C)c2)c1,O=S(=O)(NS(=O)(=O)C(F)(F)F)C(F)(F)F,C[n+]1ccn(CCCCn2cc[n+](C)c2)c1.O=S(=O)(NS(=O)(=O)C(F)(F)F)C(F)(F)F,exclude,2,0,False,neutral_component_or_incorrect_ion_role
vis,non_test,4838,C[n+]1ccn(CCCCn2cc[n+](C)c2)c1,O=S(=O)(NS(=O)(=O)C(F)(F)F)C(F)(F)F,C[n+]1ccn(CCCCn2cc[n+](C)c2)c1.O=S(=O)(NS(=O)(=O)C(F)(F)F)C(F)(F)F,exclude,2,0,False,neutral_component_or_incorrect_ion_role
vis,non_test,4839,C[n+]1ccn(CCCCn2cc[n+](C)c2)c1,O=S(=O)(NS(=O)(=O)C(F)(F)F)C(F)(F)F,C[n+]1ccn(CCCCn2cc[n+](C)c2)c1.O=S(=O)(NS(=O)(=O)C(F)(F)F)C(F)(F)F,exclude,2,0,False,neutral_component_or_incorrect_ion_role
vis,non_test,4840,C[n+]1ccn(CCCCn2cc[n+](C)c2)c1,O=S(=O)(NS(=O)(=O)C(F)(F)F)C(F)(F)F,C[n+]1ccn(CCCCn2cc[n+](C)c2)c1.O=S(=O)(NS(=O)(=O)C(F)(F)F)C(F)(F)F,exclude,2,0,False,neutral_component_or_incorrect_ion_role
vis,non_test,4841,C[n+]1ccn(CCCCn2cc[n+](C)c2)c1,O=S(=O)(NS(=O)(=O)C(F)(F)F)C(F)(F)F,C[n+]1ccn(CCCCn2cc[n+](C)c2)c1.O=S(=O)(NS(=O)(=O)C(F)(F)F)C(F)(F)F,exclude,2,0,False,neutral_component_or_incorrect_ion_role
vis,non_test,4842,C[n+]1ccn(CCCCn2cc[n+](C)c2)c1,O=S(=O)(NS(=O)(=O)C(F)(F)F)C(F)(F)F,C[n+]1ccn(CCCCn2cc[n+](C)c2)c1.O=S(=O)(NS(=O)(=O)C(F)(F)F)C(F)(F)F,exclude,2,0,False,neutral_component_or_incorrect_ion_role
vis,non_test,4843,C[n+]1ccn(CCCCn2cc[n+](C)c2)c1,O=S(=O)(NS(=O)(=O)C(F)(F)F)C(F)(F)F,C[n+]1ccn(CCCCn2cc[n+](C)c2)c1.O=S(=O)(NS(=O)(=O)C(F)(F)F)C(F)(F)F,exclude,2,0,False,neutral_component_or_incorrect_ion_role
vis,non_test,4844,C[n+]1ccn(CCCCn2cc[n+](C)c2)c1,O=S(=O)(NS(=O)(=O)C(F)(F)F)C(F)(F)F,C[n+]1ccn(CCCCn2cc[n+](C)c2)c1.O=S(=O)(NS(=O)(=O)C(F)(F)F)C(F)(F)F,exclude,2,0,False,neutral_component_or_incorrect_ion_role
vis,non_test,4845,C[n+]1ccn(CCCCn2cc[n+](C)c2)c1,O=S(=O)(NS(=O)(=O)C(F)(F)F)C(F)(F)F,C[n+]1ccn(CCCCn2cc[n+](C)c2)c1.O=S(=O)(NS(=O)(=O)C(F)(F)F)C(F)(F)F,exclude,2,0,False,neutral_component_or_incorrect_ion_role
vis,non_test,4846,C[n+]1ccn(CCCCn2cc[n+](C)c2)c1,O=S(=O)(NS(=O)(=O)C(F)(F)F)C(F)(F)F,C[n+]1ccn(CCCCn2cc[n+](C)c2)c1.O=S(=O)(NS(=O)(=O)C(F)(F)F)C(F)(F)F,exclude,2,0,False,neutral_component_or_incorrect_ion_role
vis,non_test,4847,C[n+]1ccn(CCCCn2cc[n+](C)c2)c1,O=S(=O)(NS(=O)(=O)C(F)(F)F)C(F)(F)F,C[n+]1ccn(CCCCn2cc[n+](C)c2)c1.O=S(=O)(NS(=O)(=O)C(F)(F)F)C(F)(F)F,exclude,2,0,False,neutral_component_or_incorrect_ion_role
vis,non_test,4848,C[n+]1ccn(CCCCn2cc[n+](C)c2)c1,O=S(=O)(NS(=O)(=O)C(F)(F)F)C(F)(F)F,C[n+]1ccn(CCCCn2cc[n+](C)c2)c1.O=S(=O)(NS(=O)(=O)C(F)(F)F)C(F)(F)F,exclude,2,0,False,neutral_component_or_incorrect_ion_role
vis,non_test,4849,C[n+]1ccn(CCCCn2cc[n+](C)c2)c1,O=S(=O)(NS(=O)(=O)C(F)(F)F)C(F)(F)F,C[n+]1ccn(CCCCn2cc[n+](C)c2)c1.O=S(=O)(NS(=O)(=O)C(F)(F)F)C(F)(F)F,exclude,2,0,False,neutral_component_or_incorrect_ion_role
vis,non_test,4850,C[n+]1ccn(CCCCn2cc[n+](C)c2)c1,O=S(=O)(NS(=O)(=O)C(F)(F)F)C(F)(F)F,C[n+]1ccn(CCCCn2cc[n+](C)c2)c1.O=S(=O)(NS(=O)(=O)C(F)(F)F)C(F)(F)F,exclude,2,0,False,neutral_component_or_incorrect_ion_role
vis,non_test,4881,C[n+]1ccn(CCCCn2cc[n+](C)c2)c1,O=S(=O)(NS(=O)(=O)C(F)(F)F)C(F)(F)F,C[n+]1ccn(CCCCn2cc[n+](C)c2)c1.O=S(=O)(NS(=O)(=O)C(F)(F)F)C(F)(F)F,exclude,2,0,False,neutral_component_or_incorrect_ion_role
vis,non_test,4882,C[n+]1ccn(CCCCn2cc[n+](C)c2)c1,O=S(=O)(NS(=O)(=O)C(F)(F)F)C(F)(F)F,C[n+]1ccn(CCCCn2cc[n+](C)c2)c1.O=S(=O)(NS(=O)(=O)C(F)(F)F)C(F)(F)F,exclude,2,0,False,neutral_component_or_incorrect_ion_role
vis,non_test,4883,C[n+]1ccn(CCCCn2cc[n+](C)c2)c1,O=S(=O)(NS(=O)(=O)C(F)(F)F)C(F)(F)F,C[n+]1ccn(CCCCn2cc[n+](C)c2)c1.O=S(=O)(NS(=O)(=O)C(F)(F)F)C(F)(F)F,exclude,2,0,False,neutral_component_or_incorrect_ion_role
vis,non_test,4884,C[n+]1ccn(CCCCn2cc[n+](C)c2)c1,O=S(=O)(NS(=O)(=O)C(F)(F)F)C(F)(F)F,C[n+]1ccn(CCCCn2cc[n+](C)c2)c1.O=S(=O)(NS(=O)(=O)C(F)(F)F)C(F)(F)F,exclude,2,0,False,neutral_component_or_incorrect_ion_role
vis,non_test,4885,C[n+]1ccn(CCCCn2cc[n+](C)c2)c1,O=S(=O)(NS(=O)(=O)C(F)(F)F)C(F)(F)F,C[n+]1ccn(CCCCn2cc[n+](C)c2)c1.O=S(=O)(NS(=O)(=O)C(F)(F)F)C(F)(F)F,exclude,2,0,False,neutral_component_or_incorrect_ion_role
vis,non_test,4886,C[n+]1ccn(CCCCn2cc[n+](C)c2)c1,O=S(=O)(NS(=O)(=O)C(F)(F)F)C(F)(F)F,C[n+]1ccn(CCCCn2cc[n+](C)c2)c1.O=S(=O)(NS(=O)(=O)C(F)(F)F)C(F)(F)F,exclude,2,0,False,neutral_component_or_incorrect_ion_role
vis,non_test,4887,C[n+]1ccn(CCCCn2cc[n+](C)c2)c1,O=S(=O)(NS(=O)(=O)C(F)(F)F)C(F)(F)F,C[n+]1ccn(CCCCn2cc[n+](C)c2)c1.O=S(=O)(NS(=O)(=O)C(F)(F)F)C(F)(F)F,exclude,2,0,False,neutral_component_or_incorrect_ion_role
vis,non_test,4888,C[n+]1ccn(CCCCn2cc[n+](C)c2)c1,O=S(=O)(NS(=O)(=O)C(F)(F)F)C(F)(F)F,C[n+]1ccn(CCCCn2cc[n+](C)c2)c1.O=S(=O)(NS(=O)(=O)C(F)(F)F)C(F)(F)F,exclude,2,0,False,neutral_component_or_incorrect_ion_role
vis,non_test,4889,C[n+]1ccn(CCCCn2cc[n+](C)c2)c1,O=S(=O)(NS(=O)(=O)C(F)(F)F)C(F)(F)F,C[n+]1ccn(CCCCn2cc[n+](C)c2)c1.O=S(=O)(NS(=O)(=O)C(F)(F)F)C(F)(F)F,exclude,2,0,False,neutral_component_or_incorrect_ion_role
vis,non_test,4890,C[n+]1ccn(CCCCn2cc[n+](C)c2)c1,O=S(=O)(NS(=O)(=O)C(F)(F)F)C(F)(F)F,C[n+]1ccn(CCCCn2cc[n+](C)c2)c1.O=S(=O)(NS(=O)(=O)C(F)(F)F)C(F)(F)F,exclude,2,0,False,neutral_component_or_incorrect_ion_role
vis,non_test,4891,C[n+]1ccn(CCCCn2cc[n+](C)c2)c1,O=S(=O)(NS(=O)(=O)C(F)(F)F)C(F)(F)F,C[n+]1ccn(CCCCn2cc[n+](C)c2)c1.O=S(=O)(NS(=O)(=O)C(F)(F)F)C(F)(F)F,exclude,2,0,False,neutral_component_or_incorrect_ion_role
vis,non_test,4892,C[n+]1ccn(CCCCn2cc[n+](C)c2)c1,O=S(=O)(NS(=O)(=O)C(F)(F)F)C(F)(F)F,C[n+]1ccn(CCCCn2cc[n+](C)c2)c1.O=S(=O)(NS(=O)(=O)C(F)(F)F)C(F)(F)F,exclude,2,0,False,neutral_component_or_incorrect_ion_role
vis,non_test,4893,C[n+]1ccn(CCCCn2cc[n+](C)c2)c1,O=S(=O)(NS(=O)(=O)C(F)(F)F)C(F)(F)F,C[n+]1ccn(CCCCn2cc[n+](C)c2)c1.O=S(=O)(NS(=O)(=O)C(F)(F)F)C(F)(F)F,exclude,2,0,False,neutral_component_or_incorrect_ion_role
vis,non_test,4894,C[n+]1ccn(CCCCn2cc[n+](C)c2)c1,O=S(=O)(NS(=O)(=O)C(F)(F)F)C(F)(F)F,C[n+]1ccn(CCCCn2cc[n+](C)c2)c1.O=S(=O)(NS(=O)(=O)C(F)(F)F)C(F)(F)F,exclude,2,0,False,neutral_component_or_incorrect_ion_role
vis,non_test,4895,C[n+]1ccn(CCCCn2cc[n+](C)c2)c1,O=S(=O)(NS(=O)(=O)C(F)(F)F)C(F)(F)F,C[n+]1ccn(CCCCn2cc[n+](C)c2)c1.O=S(=O)(NS(=O)(=O)C(F)(F)F)C(F)(F)F,exclude,2,0,False,neutral_component_or_incorrect_ion_role
vis,non_test,12186,CCCCn1cc[n+](CCOCCOCCOCC[n+]2ccn(CCCC)c2)c1,N#CNC#N,CCCCn1cc[n+](CCOCCOCCOCC[n+]2ccn(CCCC)c2)c1.N#CNC#N,exclude,2,0,False,neutral_component_or_incorrect_ion_role
vis,non_test,5806,CCn1cc[n+](C)c1,[NH3+]CC(=O)[O-],CCn1cc[n+](C)c1.[NH3+]CC(=O)[O-],exclude,1,0,False,neutral_component_or_incorrect_ion_role
vis,non_test,5807,CCn1cc[n+](C)c1,[NH3+]CC(=O)[O-],CCn1cc[n+](C)c1.[NH3+]CC(=O)[O-],exclude,1,0,False,neutral_component_or_incorrect_ion_role
vis,non_test,5808,CCn1cc[n+](C)c1,[NH3+]CC(=O)[O-],CCn1cc[n+](C)c1.[NH3+]CC(=O)[O-],exclude,1,0,False,neutral_component_or_incorrect_ion_role
vis,non_test,5809,CCn1cc[n+](C)c1,[NH3+]CC(=O)[O-],CCn1cc[n+](C)c1.[NH3+]CC(=O)[O-],exclude,1,0,False,neutral_component_or_incorrect_ion_role
vis,non_test,5810,CCn1cc[n+](C)c1,[NH3+]CC(=O)[O-],CCn1cc[n+](C)c1.[NH3+]CC(=O)[O-],exclude,1,0,False,neutral_component_or_incorrect_ion_role
vis,non_test,5811,CCn1cc[n+](C)c1,[NH3+]CC(=O)[O-],CCn1cc[n+](C)c1.[NH3+]CC(=O)[O-],exclude,1,0,False,neutral_component_or_incorrect_ion_role
vis,non_test,5812,CCn1cc[n+](C)c1,[NH3+]CC(=O)[O-],CCn1cc[n+](C)c1.[NH3+]CC(=O)[O-],exclude,1,0,False,neutral_component_or_incorrect_ion_role
vis,non_test,5813,CCn1cc[n+](C)c1,[NH3+]CC(=O)[O-],CCn1cc[n+](C)c1.[NH3+]CC(=O)[O-],exclude,1,0,False,neutral_component_or_incorrect_ion_role
vis,non_test,5814,CCn1cc[n+](C)c1,[NH3+]CC(=O)[O-],CCn1cc[n+](C)c1.[NH3+]CC(=O)[O-],exclude,1,0,False,neutral_component_or_incorrect_ion_role
vis,non_test,5815,CCn1cc[n+](C)c1,[NH3+]CC(=O)[O-],CCn1cc[n+](C)c1.[NH3+]CC(=O)[O-],exclude,1,0,False,neutral_component_or_incorrect_ion_role
vis,non_test,5816,CCn1cc[n+](C)c1,[NH3+]CC(=O)[O-],CCn1cc[n+](C)c1.[NH3+]CC(=O)[O-],exclude,1,0,False,neutral_component_or_incorrect_ion_role
vis,non_test,5817,CCn1cc[n+](C)c1,[NH3+]CC(=O)[O-],CCn1cc[n+](C)c1.[NH3+]CC(=O)[O-],exclude,1,0,False,neutral_component_or_incorrect_ion_role
vis,non_test,5818,CCn1cc[n+](C)c1,[NH3+]CC(=O)[O-],CCn1cc[n+](C)c1.[NH3+]CC(=O)[O-],exclude,1,0,False,neutral_component_or_incorrect_ion_role
vis,non_test,6138,CCn1cc[n+](C)c1,[NH3+]CC(=O)[O-],CCn1cc[n+](C)c1.[NH3+]CC(=O)[O-],exclude,1,0,False,neutral_component_or_incorrect_ion_role
vis,non_test,6139,CCn1cc[n+](C)c1,[NH3+]CC(=O)[O-],CCn1cc[n+](C)c1.[NH3+]CC(=O)[O-],exclude,1,0,False,neutral_component_or_incorrect_ion_role
vis,non_test,6140,CCn1cc[n+](C)c1,[NH3+]CC(=O)[O-],CCn1cc[n+](C)c1.[NH3+]CC(=O)[O-],exclude,1,0,False,neutral_component_or_incorrect_ion_role
vis,non_test,6141,CCn1cc[n+](C)c1,[NH3+]CC(=O)[O-],CCn1cc[n+](C)c1.[NH3+]CC(=O)[O-],exclude,1,0,False,neutral_component_or_incorrect_ion_role
vis,non_test,6142,CCn1cc[n+](C)c1,[NH3+]CC(=O)[O-],CCn1cc[n+](C)c1.[NH3+]CC(=O)[O-],exclude,1,0,False,neutral_component_or_incorrect_ion_role
vis,non_test,6143,CCn1cc[n+](C)c1,[NH3+]CC(=O)[O-],CCn1cc[n+](C)c1.[NH3+]CC(=O)[O-],exclude,1,0,False,neutral_component_or_incorrect_ion_role
vis,non_test,6144,CCn1cc[n+](C)c1,[NH3+]CC(=O)[O-],CCn1cc[n+](C)c1.[NH3+]CC(=O)[O-],exclude,1,0,False,neutral_component_or_incorrect_ion_role
vis,non_test,6145,CCn1cc[n+](C)c1,[NH3+]CC(=O)[O-],CCn1cc[n+](C)c1.[NH3+]CC(=O)[O-],exclude,1,0,False,neutral_component_or_incorrect_ion_role
vis,non_test,6146,CCn1cc[n+](C)c1,[NH3+]CC(=O)[O-],CCn1cc[n+](C)c1.[NH3+]CC(=O)[O-],exclude,1,0,False,neutral_component_or_incorrect_ion_role
vis,non_test,6147,CCn1cc[n+](C)c1,[NH3+]CC(=O)[O-],CCn1cc[n+](C)c1.[NH3+]CC(=O)[O-],exclude,1,0,False,neutral_component_or_incorrect_ion_role
vis,non_test,6148,CCn1cc[n+](C)c1,[NH3+]CC(=O)[O-],CCn1cc[n+](C)c1.[NH3+]CC(=O)[O-],exclude,1,0,False,neutral_component_or_incorrect_ion_role
vis,non_test,6149,CCn1cc[n+](C)c1,[NH3+]CC(=O)[O-],CCn1cc[n+](C)c1.[NH3+]CC(=O)[O-],exclude,1,0,False,neutral_component_or_incorrect_ion_role
vis,non_test,6150,CCn1cc[n+](C)c1,[NH3+]CC(=O)[O-],CCn1cc[n+](C)c1.[NH3+]CC(=O)[O-],exclude,1,0,False,neutral_component_or_incorrect_ion_role
vis,non_test,6605,CCCCCCCCCC[n+]1ccccc1,O=S(=O)(NS(=O)(=O)C(F)(F)F)C(F)(F)F,CCCCCCCCCC[n+]1ccccc1.O=S(=O)(NS(=O)(=O)C(F)(F)F)C(F)(F)F,exclude,1,0,False,neutral_component_or_incorrect_ion_role
vis,non_test,6606,CCCCCCCCCC[n+]1ccccc1,O=S(=O)(NS(=O)(=O)C(F)(F)F)C(F)(F)F,CCCCCCCCCC[n+]1ccccc1.O=S(=O)(NS(=O)(=O)C(F)(F)F)C(F)(F)F,exclude,1,0,False,neutral_component_or_incorrect_ion_role
vis,non_test,6607,CCCCCCCCCC[n+]1ccccc1,O=S(=O)(NS(=O)(=O)C(F)(F)F)C(F)(F)F,CCCCCCCCCC[n+]1ccccc1.O=S(=O)(NS(=O)(=O)C(F)(F)F)C(F)(F)F,exclude,1,0,False,neutral_component_or_incorrect_ion_role
vis,non_test,6608,CCCCCCCCCC[n+]1ccccc1,O=S(=O)(NS(=O)(=O)C(F)(F)F)C(F)(F)F,CCCCCCCCCC[n+]1ccccc1.O=S(=O)(NS(=O)(=O)C(F)(F)F)C(F)(F)F,exclude,1,0,False,neutral_component_or_incorrect_ion_role
vis,non_test,6609,CCCCCCCCCC[n+]1ccccc1,O=S(=O)(NS(=O)(=O)C(F)(F)F)C(F)(F)F,CCCCCCCCCC[n+]1ccccc1.O=S(=O)(NS(=O)(=O)C(F)(F)F)C(F)(F)F,exclude,1,0,False,neutral_component_or_incorrect_ion_role
vis,non_test,6610,CCCCCCCCCC[n+]1ccccc1,O=S(=O)(NS(=O)(=O)C(F)(F)F)C(F)(F)F,CCCCCCCCCC[n+]1ccccc1.O=S(=O)(NS(=O)(=O)C(F)(F)F)C(F)(F)F,exclude,1,0,False,neutral_component_or_incorrect_ion_role
vis,non_test,6611,CCCCCCCCCC[n+]1ccccc1,O=S(=O)(NS(=O)(=O)C(F)(F)F)C(F)(F)F,CCCCCCCCCC[n+]1ccccc1.O=S(=O)(NS(=O)(=O)C(F)(F)F)C(F)(F)F,exclude,1,0,False,neutral_component_or_incorrect_ion_role
vis,non_test,6612,CCCCCCCCCC[n+]1ccccc1,O=S(=O)(NS(=O)(=O)C(F)(F)F)C(F)(F)F,CCCCCCCCCC[n+]1ccccc1.O=S(=O)(NS(=O)(=O)C(F)(F)F)C(F)(F)F,exclude,1,0,False,neutral_component_or_incorrect_ion_role
vis,non_test,6613,CCCCCCCCCC[n+]1ccccc1,O=S(=O)(NS(=O)(=O)C(F)(F)F)C(F)(F)F,CCCCCCCCCC[n+]1ccccc1.O=S(=O)(NS(=O)(=O)C(F)(F)F)C(F)(F)F,exclude,1,0,False,neutral_component_or_incorrect_ion_role
vis,non_test,6614,CCCCCCCCCC[n+]1ccccc1,O=S(=O)(NS(=O)(=O)C(F)(F)F)C(F)(F)F,CCCCCCCCCC[n+]1ccccc1.O=S(=O)(NS(=O)(=O)C(F)(F)F)C(F)(F)F,exclude,1,0,False,neutral_component_or_incorrect_ion_role
vis,non_test,6615,CCCCCCCCCC[n+]1ccccc1,O=S(=O)(NS(=O)(=O)C(F)(F)F)C(F)(F)F,CCCCCCCCCC[n+]1ccccc1.O=S(=O)(NS(=O)(=O)C(F)(F)F)C(F)(F)F,exclude,1,0,False,neutral_component_or_incorrect_ion_role
vis,non_test,6616,CCCCCCCCCC[n+]1ccccc1,O=S(=O)(NS(=O)(=O)C(F)(F)F)C(F)(F)F,CCCCCCCCCC[n+]1ccccc1.O=S(=O)(NS(=O)(=O)C(F)(F)F)C(F)(F)F,exclude,1,0,False,neutral_component_or_incorrect_ion_role
vis,non_test,6617,CCCCCCCCCC[n+]1ccccc1,O=S(=O)(NS(=O)(=O)C(F)(F)F)C(F)(F)F,CCCCCCCCCC[n+]1ccccc1.O=S(=O)(NS(=O)(=O)C(F)(F)F)C(F)(F)F,exclude,1,0,False,neutral_component_or_incorrect_ion_role
vis,non_test,6631,CCCn1cc[n+](C)c1,N#CNC#N,CCCn1cc[n+](C)c1.N#CNC#N,exclude,1,0,False,neutral_component_or_incorrect_ion_role
vis,non_test,6632,CCCn1cc[n+](C)c1,N#CNC#N,CCCn1cc[n+](C)c1.N#CNC#N,exclude,1,0,False,neutral_component_or_incorrect_ion_role
vis,non_test,6633,CCCn1cc[n+](C)c1,N#CNC#N,CCCn1cc[n+](C)c1.N#CNC#N,exclude,1,0,False,neutral_component_or_incorrect_ion_role
vis,non_test,6634,CCCn1cc[n+](C)c1,N#CNC#N,CCCn1cc[n+](C)c1.N#CNC#N,exclude,1,0,False,neutral_component_or_incorrect_ion_role
vis,non_test,6635,CCCn1cc[n+](C)c1,N#CNC#N,CCCn1cc[n+](C)c1.N#CNC#N,exclude,1,0,False,neutral_component_or_incorrect_ion_role
vis,non_test,6636,CCCn1cc[n+](C)c1,N#CNC#N,CCCn1cc[n+](C)c1.N#CNC#N,exclude,1,0,False,neutral_component_or_incorrect_ion_role
vis,non_test,6637,CCCn1cc[n+](C)c1,N#CNC#N,CCCn1cc[n+](C)c1.N#CNC#N,exclude,1,0,False,neutral_component_or_incorrect_ion_role
vis,non_test,6638,CCCn1cc[n+](C)c1,N#CNC#N,CCCn1cc[n+](C)c1.N#CNC#N,exclude,1,0,False,neutral_component_or_incorrect_ion_role
vis,non_test,6639,CCCn1cc[n+](C)c1,N#CNC#N,CCCn1cc[n+](C)c1.N#CNC#N,exclude,1,0,False,neutral_component_or_incorrect_ion_role
vis,non_test,6640,CCCn1cc[n+](C)c1,N#CNC#N,CCCn1cc[n+](C)c1.N#CNC#N,exclude,1,0,False,neutral_component_or_incorrect_ion_role
vis,non_test,6641,CCCn1cc[n+](C)c1,N#CNC#N,CCCn1cc[n+](C)c1.N#CNC#N,exclude,1,0,False,neutral_component_or_incorrect_ion_role
vis,non_test,6642,CCCn1cc[n+](C)c1,N#CNC#N,CCCn1cc[n+](C)c1.N#CNC#N,exclude,1,0,False,neutral_component_or_incorrect_ion_role
vis,non_test,6643,CCCn1cc[n+](C)c1,N#CNC#N,CCCn1cc[n+](C)c1.N#CNC#N,exclude,1,0,False,neutral_component_or_incorrect_ion_role
vis,non_test,9515,CN(C)C(N)=[N+](C)C,O=S(=O)(NS(=O)(=O)C(F)(F)C(F)(F)F)C(F)(F)C(F)(F)F,CN(C)C(N)=[N+](C)C.O=S(=O)(NS(=O)(=O)C(F)(F)C(F)(F)F)C(F)(F)C(F)(F)F,exclude,1,0,False,neutral_component_or_incorrect_ion_role
vis,non_test,9516,CN(C)C(N)=[N+](C)C,O=S(=O)(NS(=O)(=O)C(F)(F)C(F)(F)F)C(F)(F)C(F)(F)F,CN(C)C(N)=[N+](C)C.O=S(=O)(NS(=O)(=O)C(F)(F)C(F)(F)F)C(F)(F)C(F)(F)F,exclude,1,0,False,neutral_component_or_incorrect_ion_role
vis,non_test,9517,CN(C)C(N)=[N+](C)C,O=S(=O)(NS(=O)(=O)C(F)(F)C(F)(F)F)C(F)(F)C(F)(F)F,CN(C)C(N)=[N+](C)C.O=S(=O)(NS(=O)(=O)C(F)(F)C(F)(F)F)C(F)(F)C(F)(F)F,exclude,1,0,False,neutral_component_or_incorrect_ion_role
vis,non_test,9518,CN(C)C(N)=[N+](C)C,O=S(=O)(NS(=O)(=O)C(F)(F)C(F)(F)F)C(F)(F)C(F)(F)F,CN(C)C(N)=[N+](C)C.O=S(=O)(NS(=O)(=O)C(F)(F)C(F)(F)F)C(F)(F)C(F)(F)F,exclude,1,0,False,neutral_component_or_incorrect_ion_role
vis,non_test,9519,CN(C)C(N)=[N+](C)C,O=S(=O)(NS(=O)(=O)C(F)(F)C(F)(F)F)C(F)(F)C(F)(F)F,CN(C)C(N)=[N+](C)C.O=S(=O)(NS(=O)(=O)C(F)(F)C(F)(F)F)C(F)(F)C(F)(F)F,exclude,1,0,False,neutral_component_or_incorrect_ion_role
vis,non_test,9520,CN(C)C(N)=[N+](C)C,O=S(=O)(NS(=O)(=O)C(F)(F)C(F)(F)F)C(F)(F)C(F)(F)F,CN(C)C(N)=[N+](C)C.O=S(=O)(NS(=O)(=O)C(F)(F)C(F)(F)F)C(F)(F)C(F)(F)F,exclude,1,0,False,neutral_component_or_incorrect_ion_role
vis,non_test,9521,CN(C)C(N)=[N+](C)C,O=S(=O)(NS(=O)(=O)C(F)(F)C(F)(F)F)C(F)(F)C(F)(F)F,CN(C)C(N)=[N+](C)C.O=S(=O)(NS(=O)(=O)C(F)(F)C(F)(F)F)C(F)(F)C(F)(F)F,exclude,1,0,False,neutral_component_or_incorrect_ion_role
vis,non_test,9522,CN(C)C(N)=[N+](C)C,O=S(=O)(NS(=O)(=O)C(F)(F)C(F)(F)F)C(F)(F)C(F)(F)F,CN(C)C(N)=[N+](C)C.O=S(=O)(NS(=O)(=O)C(F)(F)C(F)(F)F)C(F)(F)C(F)(F)F,exclude,1,0,False,neutral_component_or_incorrect_ion_role
vis,non_test,9523,CN(C)C(N)=[N+](C)C,O=S(=O)(NS(=O)(=O)C(F)(F)C(F)(F)F)C(F)(F)C(F)(F)F,CN(C)C(N)=[N+](C)C.O=S(=O)(NS(=O)(=O)C(F)(F)C(F)(F)F)C(F)(F)C(F)(F)F,exclude,1,0,False,neutral_component_or_incorrect_ion_role
vis,non_test,11179,CC(=O)OCC[N+](C)(C)C,O=S(=O)(NS(=O)(=O)C(F)(F)F)C(F)(F)F,CC(=O)OCC[N+](C)(C)C.O=S(=O)(NS(=O)(=O)C(F)(F)F)C(F)(F)F,exclude,1,0,False,neutral_component_or_incorrect_ion_role
vis,non_test,11180,CC(=O)OCC[N+](C)(C)C,O=S(=O)(NS(=O)(=O)C(F)(F)F)C(F)(F)F,CC(=O)OCC[N+](C)(C)C.O=S(=O)(NS(=O)(=O)C(F)(F)F)C(F)(F)F,exclude,1,0,False,neutral_component_or_incorrect_ion_role
vis,non_test,11181,CC(=O)OCC[N+](C)(C)C,O=S(=O)(NS(=O)(=O)C(F)(F)F)C(F)(F)F,CC(=O)OCC[N+](C)(C)C.O=S(=O)(NS(=O)(=O)C(F)(F)F)C(F)(F)F,exclude,1,0,False,neutral_component_or_incorrect_ion_role
vis,non_test,11182,CC(=O)OCC[N+](C)(C)C,O=S(=O)(NS(=O)(=O)C(F)(F)F)C(F)(F)F,CC(=O)OCC[N+](C)(C)C.O=S(=O)(NS(=O)(=O)C(F)(F)F)C(F)(F)F,exclude,1,0,False,neutral_component_or_incorrect_ion_role
vis,non_test,11183,CC(=O)OCC[N+](C)(C)C,O=S(=O)(NS(=O)(=O)C(F)(F)F)C(F)(F)F,CC(=O)OCC[N+](C)(C)C.O=S(=O)(NS(=O)(=O)C(F)(F)F)C(F)(F)F,exclude,1,0,False,neutral_component_or_incorrect_ion_role
vis,non_test,11184,CC(=O)OCC[N+](C)(C)C,O=S(=O)(NS(=O)(=O)C(F)(F)F)C(F)(F)F,CC(=O)OCC[N+](C)(C)C.O=S(=O)(NS(=O)(=O)C(F)(F)F)C(F)(F)F,exclude,1,0,False,neutral_component_or_incorrect_ion_role
vis,non_test,8758,C[N+](C)(C)CCC[N+]1(C)CCCCC1,N#CNC#N,C[N+](C)(C)CCC[N+]1(C)CCCCC1.N#CNC#N,exclude,2,0,False,neutral_component_or_incorrect_ion_role
vis,non_test,8759,C[N+](C)(C)CCC[N+]1(C)CCCCC1,N#CNC#N,C[N+](C)(C)CCC[N+]1(C)CCCCC1.N#CNC#N,exclude,2,0,False,neutral_component_or_incorrect_ion_role
vis,non_test,8760,C[N+](C)(C)CCC[N+]1(C)CCCCC1,N#CNC#N,C[N+](C)(C)CCC[N+]1(C)CCCCC1.N#CNC#N,exclude,2,0,False,neutral_component_or_incorrect_ion_role
vis,non_test,8761,C[N+](C)(C)CCC[N+]1(C)CCCCC1,N#CNC#N,C[N+](C)(C)CCC[N+]1(C)CCCCC1.N#CNC#N,exclude,2,0,False,neutral_component_or_incorrect_ion_role
vis,non_test,8762,C[N+](C)(C)CCC[N+]1(C)CCCCC1,N#CNC#N,C[N+](C)(C)CCC[N+]1(C)CCCCC1.N#CNC#N,exclude,2,0,False,neutral_component_or_incorrect_ion_role
vis,non_test,8763,C[N+](C)(C)CCC[N+]1(C)CCCCC1,N#CNC#N,C[N+](C)(C)CCC[N+]1(C)CCCCC1.N#CNC#N,exclude,2,0,False,neutral_component_or_incorrect_ion_role
vis,non_test,8764,C[N+](C)(C)CCC[N+]1(C)CCCCC1,N#CNC#N,C[N+](C)(C)CCC[N+]1(C)CCCCC1.N#CNC#N,exclude,2,0,False,neutral_component_or_incorrect_ion_role
vis,non_test,8765,C[N+](C)(C)CCC[N+]1(C)CCCCC1,N#CNC#N,C[N+](C)(C)CCC[N+]1(C)CCCCC1.N#CNC#N,exclude,2,0,False,neutral_component_or_incorrect_ion_role
vis,non_test,8766,C[N+](C)(C)CCC[N+]1(C)CCCCC1,N#CNC#N,C[N+](C)(C)CCC[N+]1(C)CCCCC1.N#CNC#N,exclude,2,0,False,neutral_component_or_incorrect_ion_role
vis,non_test,8767,C[N+](C)(C)CCC[N+]1(C)CCCCC1,N#CNC#N,C[N+](C)(C)CCC[N+]1(C)CCCCC1.N#CNC#N,exclude,2,0,False,neutral_component_or_incorrect_ion_role
vis,non_test,7146,CCCCCC[n+]1cccc(C)c1,O=S(=O)(NS(=O)(=O)C(F)(F)F)C(F)(F)F,CCCCCC[n+]1cccc(C)c1.O=S(=O)(NS(=O)(=O)C(F)(F)F)C(F)(F)F,exclude,1,0,False,neutral_component_or_incorrect_ion_role
vis,non_test,7147,CCCCCC[n+]1cccc(C)c1,O=S(=O)(NS(=O)(=O)C(F)(F)F)C(F)(F)F,CCCCCC[n+]1cccc(C)c1.O=S(=O)(NS(=O)(=O)C(F)(F)F)C(F)(F)F,exclude,1,0,False,neutral_component_or_incorrect_ion_role
vis,non_test,7148,CCCCCC[n+]1cccc(C)c1,O=S(=O)(NS(=O)(=O)C(F)(F)F)C(F)(F)F,CCCCCC[n+]1cccc(C)c1.O=S(=O)(NS(=O)(=O)C(F)(F)F)C(F)(F)F,exclude,1,0,False,neutral_component_or_incorrect_ion_role
vis,non_test,7149,CCCCCC[n+]1cccc(C)c1,O=S(=O)(NS(=O)(=O)C(F)(F)F)C(F)(F)F,CCCCCC[n+]1cccc(C)c1.O=S(=O)(NS(=O)(=O)C(F)(F)F)C(F)(F)F,exclude,1,0,False,neutral_component_or_incorrect_ion_role
vis,non_test,7150,CCCCCC[n+]1cccc(C)c1,O=S(=O)(NS(=O)(=O)C(F)(F)F)C(F)(F)F,CCCCCC[n+]1cccc(C)c1.O=S(=O)(NS(=O)(=O)C(F)(F)F)C(F)(F)F,exclude,1,0,False,neutral_component_or_incorrect_ion_role
vis,non_test,7151,CCCCCC[n+]1cccc(C)c1,O=S(=O)(NS(=O)(=O)C(F)(F)F)C(F)(F)F,CCCCCC[n+]1cccc(C)c1.O=S(=O)(NS(=O)(=O)C(F)(F)F)C(F)(F)F,exclude,1,0,False,neutral_component_or_incorrect_ion_role
vis,non_test,7152,CCCCCC[n+]1cccc(C)c1,O=S(=O)(NS(=O)(=O)C(F)(F)F)C(F)(F)F,CCCCCC[n+]1cccc(C)c1.O=S(=O)(NS(=O)(=O)C(F)(F)F)C(F)(F)F,exclude,1,0,False,neutral_component_or_incorrect_ion_role
vis,non_test,7153,CCCCCC[n+]1cccc(C)c1,O=S(=O)(NS(=O)(=O)C(F)(F)F)C(F)(F)F,CCCCCC[n+]1cccc(C)c1.O=S(=O)(NS(=O)(=O)C(F)(F)F)C(F)(F)F,exclude,1,0,False,neutral_component_or_incorrect_ion_role
vis,non_test,7154,CCCCCC[n+]1cccc(C)c1,O=S(=O)(NS(=O)(=O)C(F)(F)F)C(F)(F)F,CCCCCC[n+]1cccc(C)c1.O=S(=O)(NS(=O)(=O)C(F)(F)F)C(F)(F)F,exclude,1,0,False,neutral_component_or_incorrect_ion_role
vis,non_test,7155,CCCCCC[n+]1cccc(C)c1,O=S(=O)(NS(=O)(=O)C(F)(F)F)C(F)(F)F,CCCCCC[n+]1cccc(C)c1.O=S(=O)(NS(=O)(=O)C(F)(F)F)C(F)(F)F,exclude,1,0,False,neutral_component_or_incorrect_ion_role
vis,non_test,7156,CCCCCC[n+]1cccc(C)c1,O=S(=O)(NS(=O)(=O)C(F)(F)F)C(F)(F)F,CCCCCC[n+]1cccc(C)c1.O=S(=O)(NS(=O)(=O)C(F)(F)F)C(F)(F)F,exclude,1,0,False,neutral_component_or_incorrect_ion_role
vis,non_test,7157,CCCCCC[n+]1cccc(C)c1,O=S(=O)(NS(=O)(=O)C(F)(F)F)C(F)(F)F,CCCCCC[n+]1cccc(C)c1.O=S(=O)(NS(=O)(=O)C(F)(F)F)C(F)(F)F,exclude,1,0,False,neutral_component_or_incorrect_ion_role
vis,non_test,12195,CC[S+](CC)CCOCCOCCOCCOCC[S+](CC)CC,N#CNC#N,CC[S+](CC)CCOCCOCCOCCOCC[S+](CC)CC.N#CNC#N,exclude,2,0,False,neutral_component_or_incorrect_ion_role
vis,non_test,8234,CCCCCCn1cc[n+](C)c1,COP(=O)(O)OC,CCCCCCn1cc[n+](C)c1.COP(=O)(O)OC,exclude,1,0,False,neutral_component_or_incorrect_ion_role
vis,non_test,8235,CCCCCCn1cc[n+](C)c1,COP(=O)(O)OC,CCCCCCn1cc[n+](C)c1.COP(=O)(O)OC,exclude,1,0,False,neutral_component_or_incorrect_ion_role
vis,non_test,8236,CCCCCCn1cc[n+](C)c1,COP(=O)(O)OC,CCCCCCn1cc[n+](C)c1.COP(=O)(O)OC,exclude,1,0,False,neutral_component_or_incorrect_ion_role
vis,non_test,8237,CCCCCCn1cc[n+](C)c1,COP(=O)(O)OC,CCCCCCn1cc[n+](C)c1.COP(=O)(O)OC,exclude,1,0,False,neutral_component_or_incorrect_ion_role
vis,non_test,8238,CCCCCCn1cc[n+](C)c1,COP(=O)(O)OC,CCCCCCn1cc[n+](C)c1.COP(=O)(O)OC,exclude,1,0,False,neutral_component_or_incorrect_ion_role
vis,non_test,8239,CCCCCCn1cc[n+](C)c1,COP(=O)(O)OC,CCCCCCn1cc[n+](C)c1.COP(=O)(O)OC,exclude,1,0,False,neutral_component_or_incorrect_ion_role
vis,non_test,8240,CCCCCCn1cc[n+](C)c1,COP(=O)(O)OC,CCCCCCn1cc[n+](C)c1.COP(=O)(O)OC,exclude,1,0,False,neutral_component_or_incorrect_ion_role
vis,non_test,8241,CCCCCCn1cc[n+](C)c1,COP(=O)(O)OC,CCCCCCn1cc[n+](C)c1.COP(=O)(O)OC,exclude,1,0,False,neutral_component_or_incorrect_ion_role
vis,non_test,8242,CCCCCCn1cc[n+](C)c1,COP(=O)(O)OC,CCCCCCn1cc[n+](C)c1.COP(=O)(O)OC,exclude,1,0,False,neutral_component_or_incorrect_ion_role
vis,non_test,8243,CCCCCCn1cc[n+](C)c1,COP(=O)(O)OC,CCCCCCn1cc[n+](C)c1.COP(=O)(O)OC,exclude,1,0,False,neutral_component_or_incorrect_ion_role
vis,non_test,12108,CCCCCCCCCCCCOC(=O)C[N+](C)(C)C,N#CNC#N,CCCCCCCCCCCCOC(=O)C[N+](C)(C)C.N#CNC#N,exclude,1,0,False,neutral_component_or_incorrect_ion_role
vis,non_test,4960,C[n+]1ccn(CCCC#N)c1,N#CNC#N,C[n+]1ccn(CCCC#N)c1.N#CNC#N,exclude,1,0,False,neutral_component_or_incorrect_ion_role
vis,non_test,4961,C[n+]1ccn(CCCC#N)c1,N#CNC#N,C[n+]1ccn(CCCC#N)c1.N#CNC#N,exclude,1,0,False,neutral_component_or_incorrect_ion_role
vis,non_test,4962,C[n+]1ccn(CCCC#N)c1,N#CNC#N,C[n+]1ccn(CCCC#N)c1.N#CNC#N,exclude,1,0,False,neutral_component_or_incorrect_ion_role
vis,non_test,4963,C[n+]1ccn(CCCC#N)c1,N#CNC#N,C[n+]1ccn(CCCC#N)c1.N#CNC#N,exclude,1,0,False,neutral_component_or_incorrect_ion_role
vis,non_test,4964,C[n+]1ccn(CCCC#N)c1,N#CNC#N,C[n+]1ccn(CCCC#N)c1.N#CNC#N,exclude,1,0,False,neutral_component_or_incorrect_ion_role
vis,non_test,4965,C[n+]1ccn(CCCC#N)c1,N#CNC#N,C[n+]1ccn(CCCC#N)c1.N#CNC#N,exclude,1,0,False,neutral_component_or_incorrect_ion_role
vis,non_test,4966,C[n+]1ccn(CCCC#N)c1,N#CNC#N,C[n+]1ccn(CCCC#N)c1.N#CNC#N,exclude,1,0,False,neutral_component_or_incorrect_ion_role
vis,non_test,4967,C[n+]1ccn(CCCC#N)c1,N#CNC#N,C[n+]1ccn(CCCC#N)c1.N#CNC#N,exclude,1,0,False,neutral_component_or_incorrect_ion_role
vis,non_test,4968,C[n+]1ccn(CCCC#N)c1,N#CNC#N,C[n+]1ccn(CCCC#N)c1.N#CNC#N,exclude,1,0,False,neutral_component_or_incorrect_ion_role
vis,non_test,4969,C[n+]1ccn(CCCC#N)c1,N#CNC#N,C[n+]1ccn(CCCC#N)c1.N#CNC#N,exclude,1,0,False,neutral_component_or_incorrect_ion_role
vis,non_test,4970,C[n+]1ccn(CCCC#N)c1,N#CNC#N,C[n+]1ccn(CCCC#N)c1.N#CNC#N,exclude,1,0,False,neutral_component_or_incorrect_ion_role
vis,non_test,4971,C[n+]1ccn(CCCC#N)c1,N#CNC#N,C[n+]1ccn(CCCC#N)c1.N#CNC#N,exclude,1,0,False,neutral_component_or_incorrect_ion_role
vis,non_test,4972,C[n+]1ccn(CCCC#N)c1,N#CNC#N,C[n+]1ccn(CCCC#N)c1.N#CNC#N,exclude,1,0,False,neutral_component_or_incorrect_ion_role
vis,non_test,4973,C[n+]1ccn(CCCC#N)c1,N#CNC#N,C[n+]1ccn(CCCC#N)c1.N#CNC#N,exclude,1,0,False,neutral_component_or_incorrect_ion_role
vis,non_test,4974,C[n+]1ccn(CCCC#N)c1,N#CNC#N,C[n+]1ccn(CCCC#N)c1.N#CNC#N,exclude,1,0,False,neutral_component_or_incorrect_ion_role
vis,non_test,6521,CCCCCCCC[N+]1(C)CCCCC1,CCCCCCCCP(=O)([O-])[O-],CCCCCCCC[N+]1(C)CCCCC1.CCCCCCCCP(=O)([O-])[O-],exclude,1,-2,False,multivalent_salt_requires_explicit_stoichiometry
vis,non_test,6522,CCCCCCCC[N+]1(C)CCCCC1,CCCCCCCCP(=O)([O-])[O-],CCCCCCCC[N+]1(C)CCCCC1.CCCCCCCCP(=O)([O-])[O-],exclude,1,-2,False,multivalent_salt_requires_explicit_stoichiometry
vis,non_test,6523,CCCCCCCC[N+]1(C)CCCCC1,CCCCCCCCP(=O)([O-])[O-],CCCCCCCC[N+]1(C)CCCCC1.CCCCCCCCP(=O)([O-])[O-],exclude,1,-2,False,multivalent_salt_requires_explicit_stoichiometry
vis,non_test,6524,CCCCCCCC[N+]1(C)CCCCC1,CCCCCCCCP(=O)([O-])[O-],CCCCCCCC[N+]1(C)CCCCC1.CCCCCCCCP(=O)([O-])[O-],exclude,1,-2,False,multivalent_salt_requires_explicit_stoichiometry
vis,non_test,6525,CCCCCCCC[N+]1(C)CCCCC1,CCCCCCCCP(=O)([O-])[O-],CCCCCCCC[N+]1(C)CCCCC1.CCCCCCCCP(=O)([O-])[O-],exclude,1,-2,False,multivalent_salt_requires_explicit_stoichiometry
vis,non_test,6526,CCCCCCCC[N+]1(C)CCCCC1,CCCCCCCCP(=O)([O-])[O-],CCCCCCCC[N+]1(C)CCCCC1.CCCCCCCCP(=O)([O-])[O-],exclude,1,-2,False,multivalent_salt_requires_explicit_stoichiometry
vis,non_test,6527,CCCCCCCC[N+]1(C)CCCCC1,CCCCCCCCP(=O)([O-])[O-],CCCCCCCC[N+]1(C)CCCCC1.CCCCCCCCP(=O)([O-])[O-],exclude,1,-2,False,multivalent_salt_requires_explicit_stoichiometry
vis,non_test,6528,CCCCCCCC[N+]1(C)CCCCC1,CCCCCCCCP(=O)([O-])[O-],CCCCCCCC[N+]1(C)CCCCC1.CCCCCCCCP(=O)([O-])[O-],exclude,1,-2,False,multivalent_salt_requires_explicit_stoichiometry
vis,non_test,6529,CCCCCCCC[N+]1(C)CCCCC1,CCCCCCCCP(=O)([O-])[O-],CCCCCCCC[N+]1(C)CCCCC1.CCCCCCCCP(=O)([O-])[O-],exclude,1,-2,False,multivalent_salt_requires_explicit_stoichiometry
vis,non_test,6530,CCCCCCCC[N+]1(C)CCCCC1,CCCCCCCCP(=O)([O-])[O-],CCCCCCCC[N+]1(C)CCCCC1.CCCCCCCCP(=O)([O-])[O-],exclude,1,-2,False,multivalent_salt_requires_explicit_stoichiometry
vis,non_test,6531,CCCCCCCC[N+]1(C)CCCCC1,CCCCCCCCP(=O)([O-])[O-],CCCCCCCC[N+]1(C)CCCCC1.CCCCCCCCP(=O)([O-])[O-],exclude,1,-2,False,multivalent_salt_requires_explicit_stoichiometry
vis,non_test,6532,CCCCCCCC[N+]1(C)CCCCC1,CCCCCCCCP(=O)([O-])[O-],CCCCCCCC[N+]1(C)CCCCC1.CCCCCCCCP(=O)([O-])[O-],exclude,1,-2,False,multivalent_salt_requires_explicit_stoichiometry
vis,non_test,6533,CCCCCCCC[N+]1(C)CCCCC1,CCCCCCCCP(=O)([O-])[O-],CCCCCCCC[N+]1(C)CCCCC1.CCCCCCCCP(=O)([O-])[O-],exclude,1,-2,False,multivalent_salt_requires_explicit_stoichiometry
vis,non_test,3786,CCCCCCCCC[n+]1ccn(C)c1,O=S(=O)(NS(=O)(=O)C(F)(F)F)C(F)(F)F,CCCCCCCCC[n+]1ccn(C)c1.O=S(=O)(NS(=O)(=O)C(F)(F)F)C(F)(F)F,exclude,1,0,False,neutral_component_or_incorrect_ion_role
vis,non_test,3787,CCCCCCCCC[n+]1ccn(C)c1,O=S(=O)(NS(=O)(=O)C(F)(F)F)C(F)(F)F,CCCCCCCCC[n+]1ccn(C)c1.O=S(=O)(NS(=O)(=O)C(F)(F)F)C(F)(F)F,exclude,1,0,False,neutral_component_or_incorrect_ion_role
vis,non_test,3788,CCCCCCCCC[n+]1ccn(C)c1,O=S(=O)(NS(=O)(=O)C(F)(F)F)C(F)(F)F,CCCCCCCCC[n+]1ccn(C)c1.O=S(=O)(NS(=O)(=O)C(F)(F)F)C(F)(F)F,exclude,1,0,False,neutral_component_or_incorrect_ion_role
vis,non_test,3789,CCCCCCCCC[n+]1ccn(C)c1,O=S(=O)(NS(=O)(=O)C(F)(F)F)C(F)(F)F,CCCCCCCCC[n+]1ccn(C)c1.O=S(=O)(NS(=O)(=O)C(F)(F)F)C(F)(F)F,exclude,1,0,False,neutral_component_or_incorrect_ion_role
vis,non_test,3790,CCCCCCCCC[n+]1ccn(C)c1,O=S(=O)(NS(=O)(=O)C(F)(F)F)C(F)(F)F,CCCCCCCCC[n+]1ccn(C)c1.O=S(=O)(NS(=O)(=O)C(F)(F)F)C(F)(F)F,exclude,1,0,False,neutral_component_or_incorrect_ion_role
vis,non_test,3791,CCCCCCCCC[n+]1ccn(C)c1,O=S(=O)(NS(=O)(=O)C(F)(F)F)C(F)(F)F,CCCCCCCCC[n+]1ccn(C)c1.O=S(=O)(NS(=O)(=O)C(F)(F)F)C(F)(F)F,exclude,1,0,False,neutral_component_or_incorrect_ion_role
vis,non_test,3792,CCCCCCCCC[n+]1ccn(C)c1,O=S(=O)(NS(=O)(=O)C(F)(F)F)C(F)(F)F,CCCCCCCCC[n+]1ccn(C)c1.O=S(=O)(NS(=O)(=O)C(F)(F)F)C(F)(F)F,exclude,1,0,False,neutral_component_or_incorrect_ion_role
vis,non_test,3793,CCCCCCCCC[n+]1ccn(C)c1,O=S(=O)(NS(=O)(=O)C(F)(F)F)C(F)(F)F,CCCCCCCCC[n+]1ccn(C)c1.O=S(=O)(NS(=O)(=O)C(F)(F)F)C(F)(F)F,exclude,1,0,False,neutral_component_or_incorrect_ion_role
vis,non_test,3794,CCCCCCCCC[n+]1ccn(C)c1,O=S(=O)(NS(=O)(=O)C(F)(F)F)C(F)(F)F,CCCCCCCCC[n+]1ccn(C)c1.O=S(=O)(NS(=O)(=O)C(F)(F)F)C(F)(F)F,exclude,1,0,False,neutral_component_or_incorrect_ion_role
vis,non_test,3795,CCCCCCCCC[n+]1ccn(C)c1,O=S(=O)(NS(=O)(=O)C(F)(F)F)C(F)(F)F,CCCCCCCCC[n+]1ccn(C)c1.O=S(=O)(NS(=O)(=O)C(F)(F)F)C(F)(F)F,exclude,1,0,False,neutral_component_or_incorrect_ion_role
vis,non_test,3796,CCCCCCCCC[n+]1ccn(C)c1,O=S(=O)(NS(=O)(=O)C(F)(F)F)C(F)(F)F,CCCCCCCCC[n+]1ccn(C)c1.O=S(=O)(NS(=O)(=O)C(F)(F)F)C(F)(F)F,exclude,1,0,False,neutral_component_or_incorrect_ion_role
vis,non_test,3797,CCCCCCCCC[n+]1ccn(C)c1,O=S(=O)(NS(=O)(=O)C(F)(F)F)C(F)(F)F,CCCCCCCCC[n+]1ccn(C)c1.O=S(=O)(NS(=O)(=O)C(F)(F)F)C(F)(F)F,exclude,1,0,False,neutral_component_or_incorrect_ion_role
vis,non_test,3798,CCCCCCCCC[n+]1ccn(C)c1,O=S(=O)(NS(=O)(=O)C(F)(F)F)C(F)(F)F,CCCCCCCCC[n+]1ccn(C)c1.O=S(=O)(NS(=O)(=O)C(F)(F)F)C(F)(F)F,exclude,1,0,False,neutral_component_or_incorrect_ion_role
vis,non_test,3799,CCCCCCCCC[n+]1ccn(C)c1,O=S(=O)(NS(=O)(=O)C(F)(F)F)C(F)(F)F,CCCCCCCCC[n+]1ccn(C)c1.O=S(=O)(NS(=O)(=O)C(F)(F)F)C(F)(F)F,exclude,1,0,False,neutral_component_or_incorrect_ion_role
vis,non_test,3800,CCCCCCCCC[n+]1ccn(C)c1,O=S(=O)(NS(=O)(=O)C(F)(F)F)C(F)(F)F,CCCCCCCCC[n+]1ccn(C)c1.O=S(=O)(NS(=O)(=O)C(F)(F)F)C(F)(F)F,exclude,1,0,False,neutral_component_or_incorrect_ion_role
vis,non_test,3801,CCCCCCCCC[n+]1ccn(C)c1,O=S(=O)(NS(=O)(=O)C(F)(F)F)C(F)(F)F,CCCCCCCCC[n+]1ccn(C)c1.O=S(=O)(NS(=O)(=O)C(F)(F)F)C(F)(F)F,exclude,1,0,False,neutral_component_or_incorrect_ion_role
vis,non_test,3802,CCCCCCCCC[n+]1ccn(C)c1,O=S(=O)(NS(=O)(=O)C(F)(F)F)C(F)(F)F,CCCCCCCCC[n+]1ccn(C)c1.O=S(=O)(NS(=O)(=O)C(F)(F)F)C(F)(F)F,exclude,1,0,False,neutral_component_or_incorrect_ion_role
vis,non_test,3803,CCCCCCCCC[n+]1ccn(C)c1,O=S(=O)(NS(=O)(=O)C(F)(F)F)C(F)(F)F,CCCCCCCCC[n+]1ccn(C)c1.O=S(=O)(NS(=O)(=O)C(F)(F)F)C(F)(F)F,exclude,1,0,False,neutral_component_or_incorrect_ion_role
vis,non_test,5569,CCCC[n+]1ccccc1,N#CNC#N,CCCC[n+]1ccccc1.N#CNC#N,exclude,1,0,False,neutral_component_or_incorrect_ion_role
vis,non_test,5570,CCCC[n+]1ccccc1,N#CNC#N,CCCC[n+]1ccccc1.N#CNC#N,exclude,1,0,False,neutral_component_or_incorrect_ion_role
vis,non_test,5571,CCCC[n+]1ccccc1,N#CNC#N,CCCC[n+]1ccccc1.N#CNC#N,exclude,1,0,False,neutral_component_or_incorrect_ion_role
vis,non_test,5572,CCCC[n+]1ccccc1,N#CNC#N,CCCC[n+]1ccccc1.N#CNC#N,exclude,1,0,False,neutral_component_or_incorrect_ion_role
vis,non_test,5573,CCCC[n+]1ccccc1,N#CNC#N,CCCC[n+]1ccccc1.N#CNC#N,exclude,1,0,False,neutral_component_or_incorrect_ion_role
vis,non_test,5574,CCCC[n+]1ccccc1,N#CNC#N,CCCC[n+]1ccccc1.N#CNC#N,exclude,1,0,False,neutral_component_or_incorrect_ion_role
vis,non_test,5575,CCCC[n+]1ccccc1,N#CNC#N,CCCC[n+]1ccccc1.N#CNC#N,exclude,1,0,False,neutral_component_or_incorrect_ion_role
vis,non_test,5576,CCCC[n+]1ccccc1,N#CNC#N,CCCC[n+]1ccccc1.N#CNC#N,exclude,1,0,False,neutral_component_or_incorrect_ion_role
vis,non_test,5577,CCCC[n+]1ccccc1,N#CNC#N,CCCC[n+]1ccccc1.N#CNC#N,exclude,1,0,False,neutral_component_or_incorrect_ion_role
vis,non_test,5578,CCCC[n+]1ccccc1,N#CNC#N,CCCC[n+]1ccccc1.N#CNC#N,exclude,1,0,False,neutral_component_or_incorrect_ion_role
vis,non_test,5579,CCCC[n+]1ccccc1,N#CNC#N,CCCC[n+]1ccccc1.N#CNC#N,exclude,1,0,False,neutral_component_or_incorrect_ion_role
vis,non_test,5580,CCCC[n+]1ccccc1,N#CNC#N,CCCC[n+]1ccccc1.N#CNC#N,exclude,1,0,False,neutral_component_or_incorrect_ion_role
vis,non_test,5581,CCCC[n+]1ccccc1,N#CNC#N,CCCC[n+]1ccccc1.N#CNC#N,exclude,1,0,False,neutral_component_or_incorrect_ion_role
vis,non_test,5582,CCCC[n+]1ccccc1,N#CNC#N,CCCC[n+]1ccccc1.N#CNC#N,exclude,1,0,False,neutral_component_or_incorrect_ion_role
vis,non_test,9700,CCCC[n+]1ccccc1,N#CNC#N,CCCC[n+]1ccccc1.N#CNC#N,exclude,1,0,False,neutral_component_or_incorrect_ion_role
vis,non_test,9701,CCCC[n+]1ccccc1,N#CNC#N,CCCC[n+]1ccccc1.N#CNC#N,exclude,1,0,False,neutral_component_or_incorrect_ion_role
vis,non_test,9702,CCCC[n+]1ccccc1,N#CNC#N,CCCC[n+]1ccccc1.N#CNC#N,exclude,1,0,False,neutral_component_or_incorrect_ion_role
vis,non_test,9703,CCCC[n+]1ccccc1,N#CNC#N,CCCC[n+]1ccccc1.N#CNC#N,exclude,1,0,False,neutral_component_or_incorrect_ion_role
vis,non_test,9704,CCCC[n+]1ccccc1,N#CNC#N,CCCC[n+]1ccccc1.N#CNC#N,exclude,1,0,False,neutral_component_or_incorrect_ion_role
vis,non_test,9705,CCCC[n+]1ccccc1,N#CNC#N,CCCC[n+]1ccccc1.N#CNC#N,exclude,1,0,False,neutral_component_or_incorrect_ion_role
vis,non_test,9706,CCCC[n+]1ccccc1,N#CNC#N,CCCC[n+]1ccccc1.N#CNC#N,exclude,1,0,False,neutral_component_or_incorrect_ion_role
vis,non_test,9707,CCCC[n+]1ccccc1,N#CNC#N,CCCC[n+]1ccccc1.N#CNC#N,exclude,1,0,False,neutral_component_or_incorrect_ion_role
vis,non_test,9708,CCCC[n+]1ccccc1,N#CNC#N,CCCC[n+]1ccccc1.N#CNC#N,exclude,1,0,False,neutral_component_or_incorrect_ion_role
vis,non_test,12043,CCCCCCOC(=O)C[N+](C)(C)C,N#CNC#N,CCCCCCOC(=O)C[N+](C)(C)C.N#CNC#N,exclude,1,0,False,neutral_component_or_incorrect_ion_role
vis,non_test,12044,CCCCCCOC(=O)C[N+](C)(C)C,N#CNC#N,CCCCCCOC(=O)C[N+](C)(C)C.N#CNC#N,exclude,1,0,False,neutral_component_or_incorrect_ion_role
vis,non_test,7527,CCCCCCCCCCCC[N+](C)(C)Cc1ccccc1,O=S(=O)(NS(=O)(=O)C(F)(F)F)C(F)(F)F,CCCCCCCCCCCC[N+](C)(C)Cc1ccccc1.O=S(=O)(NS(=O)(=O)C(F)(F)F)C(F)(F)F,exclude,1,0,False,neutral_component_or_incorrect_ion_role
vis,non_test,7528,CCCCCCCCCCCC[N+](C)(C)Cc1ccccc1,O=S(=O)(NS(=O)(=O)C(F)(F)F)C(F)(F)F,CCCCCCCCCCCC[N+](C)(C)Cc1ccccc1.O=S(=O)(NS(=O)(=O)C(F)(F)F)C(F)(F)F,exclude,1,0,False,neutral_component_or_incorrect_ion_role
vis,non_test,7529,CCCCCCCCCCCC[N+](C)(C)Cc1ccccc1,O=S(=O)(NS(=O)(=O)C(F)(F)F)C(F)(F)F,CCCCCCCCCCCC[N+](C)(C)Cc1ccccc1.O=S(=O)(NS(=O)(=O)C(F)(F)F)C(F)(F)F,exclude,1,0,False,neutral_component_or_incorrect_ion_role
vis,non_test,7530,CCCCCCCCCCCC[N+](C)(C)Cc1ccccc1,O=S(=O)(NS(=O)(=O)C(F)(F)F)C(F)(F)F,CCCCCCCCCCCC[N+](C)(C)Cc1ccccc1.O=S(=O)(NS(=O)(=O)C(F)(F)F)C(F)(F)F,exclude,1,0,False,neutral_component_or_incorrect_ion_role
vis,non_test,7531,CCCCCCCCCCCC[N+](C)(C)Cc1ccccc1,O=S(=O)(NS(=O)(=O)C(F)(F)F)C(F)(F)F,CCCCCCCCCCCC[N+](C)(C)Cc1ccccc1.O=S(=O)(NS(=O)(=O)C(F)(F)F)C(F)(F)F,exclude,1,0,False,neutral_component_or_incorrect_ion_role
vis,non_test,7532,CCCCCCCCCCCC[N+](C)(C)Cc1ccccc1,O=S(=O)(NS(=O)(=O)C(F)(F)F)C(F)(F)F,CCCCCCCCCCCC[N+](C)(C)Cc1ccccc1.O=S(=O)(NS(=O)(=O)C(F)(F)F)C(F)(F)F,exclude,1,0,False,neutral_component_or_incorrect_ion_role
vis,non_test,7533,CCCCCCCCCCCC[N+](C)(C)Cc1ccccc1,O=S(=O)(NS(=O)(=O)C(F)(F)F)C(F)(F)F,CCCCCCCCCCCC[N+](C)(C)Cc1ccccc1.O=S(=O)(NS(=O)(=O)C(F)(F)F)C(F)(F)F,exclude,1,0,False,neutral_component_or_incorrect_ion_role
vis,non_test,7534,CCCCCCCCCCCC[N+](C)(C)Cc1ccccc1,O=S(=O)(NS(=O)(=O)C(F)(F)F)C(F)(F)F,CCCCCCCCCCCC[N+](C)(C)Cc1ccccc1.O=S(=O)(NS(=O)(=O)C(F)(F)F)C(F)(F)F,exclude,1,0,False,neutral_component_or_incorrect_ion_role
vis,non_test,7535,CCCCCCCCCCCC[N+](C)(C)Cc1ccccc1,O=S(=O)(NS(=O)(=O)C(F)(F)F)C(F)(F)F,CCCCCCCCCCCC[N+](C)(C)Cc1ccccc1.O=S(=O)(NS(=O)(=O)C(F)(F)F)C(F)(F)F,exclude,1,0,False,neutral_component_or_incorrect_ion_role
vis,non_test,7536,CCCCCCCCCCCC[N+](C)(C)Cc1ccccc1,O=S(=O)(NS(=O)(=O)C(F)(F)F)C(F)(F)F,CCCCCCCCCCCC[N+](C)(C)Cc1ccccc1.O=S(=O)(NS(=O)(=O)C(F)(F)F)C(F)(F)F,exclude,1,0,False,neutral_component_or_incorrect_ion_role
vis,non_test,7537,CCCCCCCCCCCC[N+](C)(C)Cc1ccccc1,O=S(=O)(NS(=O)(=O)C(F)(F)F)C(F)(F)F,CCCCCCCCCCCC[N+](C)(C)Cc1ccccc1.O=S(=O)(NS(=O)(=O)C(F)(F)F)C(F)(F)F,exclude,1,0,False,neutral_component_or_incorrect_ion_role
vis,non_test,10940,CCCCCCCCC[N+]1(C)CCOCC1,N#CNC#N,CCCCCCCCC[N+]1(C)CCOCC1.N#CNC#N,exclude,1,0,False,neutral_component_or_incorrect_ion_role
vis,non_test,10941,CCCCCCCCC[N+]1(C)CCOCC1,N#CNC#N,CCCCCCCCC[N+]1(C)CCOCC1.N#CNC#N,exclude,1,0,False,neutral_component_or_incorrect_ion_role
vis,non_test,10942,CCCCCCCCC[N+]1(C)CCOCC1,N#CNC#N,CCCCCCCCC[N+]1(C)CCOCC1.N#CNC#N,exclude,1,0,False,neutral_component_or_incorrect_ion_role
vis,non_test,10943,CCCCCCCCC[N+]1(C)CCOCC1,N#CNC#N,CCCCCCCCC[N+]1(C)CCOCC1.N#CNC#N,exclude,1,0,False,neutral_component_or_incorrect_ion_role
vis,non_test,10944,CCCCCCCCC[N+]1(C)CCOCC1,N#CNC#N,CCCCCCCCC[N+]1(C)CCOCC1.N#CNC#N,exclude,1,0,False,neutral_component_or_incorrect_ion_role
vis,non_test,10945,CCCCCCCCC[N+]1(C)CCOCC1,N#CNC#N,CCCCCCCCC[N+]1(C)CCOCC1.N#CNC#N,exclude,1,0,False,neutral_component_or_incorrect_ion_role
vis,non_test,10946,CCCCCCCCC[N+]1(C)CCOCC1,N#CNC#N,CCCCCCCCC[N+]1(C)CCOCC1.N#CNC#N,exclude,1,0,False,neutral_component_or_incorrect_ion_role
vis,non_test,9995,CCCCCCCC[P+](CC)(CC)CC,O=S(=O)(NS(=O)(=O)C(F)(F)F)C(F)(F)F,CCCCCCCC[P+](CC)(CC)CC.O=S(=O)(NS(=O)(=O)C(F)(F)F)C(F)(F)F,exclude,1,0,False,neutral_component_or_incorrect_ion_role
vis,non_test,9996,CCCCCCCC[P+](CC)(CC)CC,O=S(=O)(NS(=O)(=O)C(F)(F)F)C(F)(F)F,CCCCCCCC[P+](CC)(CC)CC.O=S(=O)(NS(=O)(=O)C(F)(F)F)C(F)(F)F,exclude,1,0,False,neutral_component_or_incorrect_ion_role
vis,non_test,9997,CCCCCCCC[P+](CC)(CC)CC,O=S(=O)(NS(=O)(=O)C(F)(F)F)C(F)(F)F,CCCCCCCC[P+](CC)(CC)CC.O=S(=O)(NS(=O)(=O)C(F)(F)F)C(F)(F)F,exclude,1,0,False,neutral_component_or_incorrect_ion_role
vis,non_test,9998,CCCCCCCC[P+](CC)(CC)CC,O=S(=O)(NS(=O)(=O)C(F)(F)F)C(F)(F)F,CCCCCCCC[P+](CC)(CC)CC.O=S(=O)(NS(=O)(=O)C(F)(F)F)C(F)(F)F,exclude,1,0,False,neutral_component_or_incorrect_ion_role
vis,non_test,9999,CCCCCCCC[P+](CC)(CC)CC,O=S(=O)(NS(=O)(=O)C(F)(F)F)C(F)(F)F,CCCCCCCC[P+](CC)(CC)CC.O=S(=O)(NS(=O)(=O)C(F)(F)F)C(F)(F)F,exclude,1,0,False,neutral_component_or_incorrect_ion_role
vis,non_test,10000,CCCCCCCC[P+](CC)(CC)CC,O=S(=O)(NS(=O)(=O)C(F)(F)F)C(F)(F)F,CCCCCCCC[P+](CC)(CC)CC.O=S(=O)(NS(=O)(=O)C(F)(F)F)C(F)(F)F,exclude,1,0,False,neutral_component_or_incorrect_ion_role
vis,non_test,10001,CCCCCCCC[P+](CC)(CC)CC,O=S(=O)(NS(=O)(=O)C(F)(F)F)C(F)(F)F,CCCCCCCC[P+](CC)(CC)CC.O=S(=O)(NS(=O)(=O)C(F)(F)F)C(F)(F)F,exclude,1,0,False,neutral_component_or_incorrect_ion_role
vis,non_test,10002,CCCCCCCC[P+](CC)(CC)CC,O=S(=O)(NS(=O)(=O)C(F)(F)F)C(F)(F)F,CCCCCCCC[P+](CC)(CC)CC.O=S(=O)(NS(=O)(=O)C(F)(F)F)C(F)(F)F,exclude,1,0,False,neutral_component_or_incorrect_ion_role
vis,non_test,12185,CCCCn1cc[n+](CCOCCOCC[n+]2ccn(CCCC)c2)c1,N#CNC#N,CCCCn1cc[n+](CCOCCOCC[n+]2ccn(CCCC)c2)c1.N#CNC#N,exclude,2,0,False,neutral_component_or_incorrect_ion_role
vis,non_test,9655,CCCCCC[n+]1ccccc1,N#CNC#N,CCCCCC[n+]1ccccc1.N#CNC#N,exclude,1,0,False,neutral_component_or_incorrect_ion_role
vis,non_test,9656,CCCCCC[n+]1ccccc1,N#CNC#N,CCCCCC[n+]1ccccc1.N#CNC#N,exclude,1,0,False,neutral_component_or_incorrect_ion_role
vis,non_test,9657,CCCCCC[n+]1ccccc1,N#CNC#N,CCCCCC[n+]1ccccc1.N#CNC#N,exclude,1,0,False,neutral_component_or_incorrect_ion_role
vis,non_test,9658,CCCCCC[n+]1ccccc1,N#CNC#N,CCCCCC[n+]1ccccc1.N#CNC#N,exclude,1,0,False,neutral_component_or_incorrect_ion_role
vis,non_test,9659,CCCCCC[n+]1ccccc1,N#CNC#N,CCCCCC[n+]1ccccc1.N#CNC#N,exclude,1,0,False,neutral_component_or_incorrect_ion_role
vis,non_test,9660,CCCCCC[n+]1ccccc1,N#CNC#N,CCCCCC[n+]1ccccc1.N#CNC#N,exclude,1,0,False,neutral_component_or_incorrect_ion_role
vis,non_test,9661,CCCCCC[n+]1ccccc1,N#CNC#N,CCCCCC[n+]1ccccc1.N#CNC#N,exclude,1,0,False,neutral_component_or_incorrect_ion_role
vis,non_test,9662,CCCCCC[n+]1ccccc1,N#CNC#N,CCCCCC[n+]1ccccc1.N#CNC#N,exclude,1,0,False,neutral_component_or_incorrect_ion_role
vis,non_test,9663,CCCCCC[n+]1ccccc1,N#CNC#N,CCCCCC[n+]1ccccc1.N#CNC#N,exclude,1,0,False,neutral_component_or_incorrect_ion_role
vis,non_test,4050,CCCCCCCCCn1cc[n+](C)c1,O=S(=O)(NS(=O)(=O)C(F)(F)F)C(F)(F)F,CCCCCCCCCn1cc[n+](C)c1.O=S(=O)(NS(=O)(=O)C(F)(F)F)C(F)(F)F,exclude,1,0,False,neutral_component_or_incorrect_ion_role
vis,non_test,4051,CCCCCCCCCn1cc[n+](C)c1,O=S(=O)(NS(=O)(=O)C(F)(F)F)C(F)(F)F,CCCCCCCCCn1cc[n+](C)c1.O=S(=O)(NS(=O)(=O)C(F)(F)F)C(F)(F)F,exclude,1,0,False,neutral_component_or_incorrect_ion_role
vis,non_test,4052,CCCCCCCCCn1cc[n+](C)c1,O=S(=O)(NS(=O)(=O)C(F)(F)F)C(F)(F)F,CCCCCCCCCn1cc[n+](C)c1.O=S(=O)(NS(=O)(=O)C(F)(F)F)C(F)(F)F,exclude,1,0,False,neutral_component_or_incorrect_ion_role
vis,non_test,4053,CCCCCCCCCn1cc[n+](C)c1,O=S(=O)(NS(=O)(=O)C(F)(F)F)C(F)(F)F,CCCCCCCCCn1cc[n+](C)c1.O=S(=O)(NS(=O)(=O)C(F)(F)F)C(F)(F)F,exclude,1,0,False,neutral_component_or_incorrect_ion_role
vis,non_test,4054,CCCCCCCCCn1cc[n+](C)c1,O=S(=O)(NS(=O)(=O)C(F)(F)F)C(F)(F)F,CCCCCCCCCn1cc[n+](C)c1.O=S(=O)(NS(=O)(=O)C(F)(F)F)C(F)(F)F,exclude,1,0,False,neutral_component_or_incorrect_ion_role
vis,non_test,4055,CCCCCCCCCn1cc[n+](C)c1,O=S(=O)(NS(=O)(=O)C(F)(F)F)C(F)(F)F,CCCCCCCCCn1cc[n+](C)c1.O=S(=O)(NS(=O)(=O)C(F)(F)F)C(F)(F)F,exclude,1,0,False,neutral_component_or_incorrect_ion_role
vis,non_test,4056,CCCCCCCCCn1cc[n+](C)c1,O=S(=O)(NS(=O)(=O)C(F)(F)F)C(F)(F)F,CCCCCCCCCn1cc[n+](C)c1.O=S(=O)(NS(=O)(=O)C(F)(F)F)C(F)(F)F,exclude,1,0,False,neutral_component_or_incorrect_ion_role
vis,non_test,4057,CCCCCCCCCn1cc[n+](C)c1,O=S(=O)(NS(=O)(=O)C(F)(F)F)C(F)(F)F,CCCCCCCCCn1cc[n+](C)c1.O=S(=O)(NS(=O)(=O)C(F)(F)F)C(F)(F)F,exclude,1,0,False,neutral_component_or_incorrect_ion_role
vis,non_test,4058,CCCCCCCCCn1cc[n+](C)c1,O=S(=O)(NS(=O)(=O)C(F)(F)F)C(F)(F)F,CCCCCCCCCn1cc[n+](C)c1.O=S(=O)(NS(=O)(=O)C(F)(F)F)C(F)(F)F,exclude,1,0,False,neutral_component_or_incorrect_ion_role
vis,non_test,4059,CCCCCCCCCn1cc[n+](C)c1,O=S(=O)(NS(=O)(=O)C(F)(F)F)C(F)(F)F,CCCCCCCCCn1cc[n+](C)c1.O=S(=O)(NS(=O)(=O)C(F)(F)F)C(F)(F)F,exclude,1,0,False,neutral_component_or_incorrect_ion_role
vis,non_test,4060,CCCCCCCCCn1cc[n+](C)c1,O=S(=O)(NS(=O)(=O)C(F)(F)F)C(F)(F)F,CCCCCCCCCn1cc[n+](C)c1.O=S(=O)(NS(=O)(=O)C(F)(F)F)C(F)(F)F,exclude,1,0,False,neutral_component_or_incorrect_ion_role
vis,non_test,4061,CCCCCCCCCn1cc[n+](C)c1,O=S(=O)(NS(=O)(=O)C(F)(F)F)C(F)(F)F,CCCCCCCCCn1cc[n+](C)c1.O=S(=O)(NS(=O)(=O)C(F)(F)F)C(F)(F)F,exclude,1,0,False,neutral_component_or_incorrect_ion_role
vis,non_test,4062,CCCCCCCCCn1cc[n+](C)c1,O=S(=O)(NS(=O)(=O)C(F)(F)F)C(F)(F)F,CCCCCCCCCn1cc[n+](C)c1.O=S(=O)(NS(=O)(=O)C(F)(F)F)C(F)(F)F,exclude,1,0,False,neutral_component_or_incorrect_ion_role
vis,non_test,4063,CCCCCCCCCn1cc[n+](C)c1,O=S(=O)(NS(=O)(=O)C(F)(F)F)C(F)(F)F,CCCCCCCCCn1cc[n+](C)c1.O=S(=O)(NS(=O)(=O)C(F)(F)F)C(F)(F)F,exclude,1,0,False,neutral_component_or_incorrect_ion_role
vis,non_test,4064,CCCCCCCCCn1cc[n+](C)c1,O=S(=O)(NS(=O)(=O)C(F)(F)F)C(F)(F)F,CCCCCCCCCn1cc[n+](C)c1.O=S(=O)(NS(=O)(=O)C(F)(F)F)C(F)(F)F,exclude,1,0,False,neutral_component_or_incorrect_ion_role
vis,non_test,4065,CCCCCCCCCn1cc[n+](C)c1,O=S(=O)(NS(=O)(=O)C(F)(F)F)C(F)(F)F,CCCCCCCCCn1cc[n+](C)c1.O=S(=O)(NS(=O)(=O)C(F)(F)F)C(F)(F)F,exclude,1,0,False,neutral_component_or_incorrect_ion_role
vis,non_test,4066,CCCCCCCCCn1cc[n+](C)c1,O=S(=O)(NS(=O)(=O)C(F)(F)F)C(F)(F)F,CCCCCCCCCn1cc[n+](C)c1.O=S(=O)(NS(=O)(=O)C(F)(F)F)C(F)(F)F,exclude,1,0,False,neutral_component_or_incorrect_ion_role
vis,non_test,11439,C1CC[NH2+]CC1,O=S(=O)(NS(=O)(=O)C(F)(F)F)C(F)(F)F,C1CC[NH2+]CC1.O=S(=O)(NS(=O)(=O)C(F)(F)F)C(F)(F)F,exclude,1,0,False,neutral_component_or_incorrect_ion_role
vis,non_test,11440,C1CC[NH2+]CC1,O=S(=O)(NS(=O)(=O)C(F)(F)F)C(F)(F)F,C1CC[NH2+]CC1.O=S(=O)(NS(=O)(=O)C(F)(F)F)C(F)(F)F,exclude,1,0,False,neutral_component_or_incorrect_ion_role
vis,non_test,11441,C1CC[NH2+]CC1,O=S(=O)(NS(=O)(=O)C(F)(F)F)C(F)(F)F,C1CC[NH2+]CC1.O=S(=O)(NS(=O)(=O)C(F)(F)F)C(F)(F)F,exclude,1,0,False,neutral_component_or_incorrect_ion_role
vis,non_test,11442,C1CC[NH2+]CC1,O=S(=O)(NS(=O)(=O)C(F)(F)F)C(F)(F)F,C1CC[NH2+]CC1.O=S(=O)(NS(=O)(=O)C(F)(F)F)C(F)(F)F,exclude,1,0,False,neutral_component_or_incorrect_ion_role
vis,non_test,11443,C1CC[NH2+]CC1,O=S(=O)(NS(=O)(=O)C(F)(F)F)C(F)(F)F,C1CC[NH2+]CC1.O=S(=O)(NS(=O)(=O)C(F)(F)F)C(F)(F)F,exclude,1,0,False,neutral_component_or_incorrect_ion_role
vis,non_test,11444,C1CC[NH2+]CC1,O=S(=O)(NS(=O)(=O)C(F)(F)F)C(F)(F)F,C1CC[NH2+]CC1.O=S(=O)(NS(=O)(=O)C(F)(F)F)C(F)(F)F,exclude,1,0,False,neutral_component_or_incorrect_ion_role
vis,non_test,1367,CCCC[n+]1cccc(C)c1,N#CNC#N,CCCC[n+]1cccc(C)c1.N#CNC#N,exclude,1,0,False,neutral_component_or_incorrect_ion_role
vis,non_test,1368,CCCC[n+]1cccc(C)c1,N#CNC#N,CCCC[n+]1cccc(C)c1.N#CNC#N,exclude,1,0,False,neutral_component_or_incorrect_ion_role
vis,non_test,1369,CCCC[n+]1cccc(C)c1,N#CNC#N,CCCC[n+]1cccc(C)c1.N#CNC#N,exclude,1,0,False,neutral_component_or_incorrect_ion_role
vis,non_test,1370,CCCC[n+]1cccc(C)c1,N#CNC#N,CCCC[n+]1cccc(C)c1.N#CNC#N,exclude,1,0,False,neutral_component_or_incorrect_ion_role
vis,non_test,1371,CCCC[n+]1cccc(C)c1,N#CNC#N,CCCC[n+]1cccc(C)c1.N#CNC#N,exclude,1,0,False,neutral_component_or_incorrect_ion_role
vis,non_test,1372,CCCC[n+]1cccc(C)c1,N#CNC#N,CCCC[n+]1cccc(C)c1.N#CNC#N,exclude,1,0,False,neutral_component_or_incorrect_ion_role
vis,non_test,1373,CCCC[n+]1cccc(C)c1,N#CNC#N,CCCC[n+]1cccc(C)c1.N#CNC#N,exclude,1,0,False,neutral_component_or_incorrect_ion_role
vis,non_test,1374,CCCC[n+]1cccc(C)c1,N#CNC#N,CCCC[n+]1cccc(C)c1.N#CNC#N,exclude,1,0,False,neutral_component_or_incorrect_ion_role
vis,non_test,1375,CCCC[n+]1cccc(C)c1,N#CNC#N,CCCC[n+]1cccc(C)c1.N#CNC#N,exclude,1,0,False,neutral_component_or_incorrect_ion_role
vis,non_test,1376,CCCC[n+]1cccc(C)c1,N#CNC#N,CCCC[n+]1cccc(C)c1.N#CNC#N,exclude,1,0,False,neutral_component_or_incorrect_ion_role
vis,non_test,1377,CCCC[n+]1cccc(C)c1,N#CNC#N,CCCC[n+]1cccc(C)c1.N#CNC#N,exclude,1,0,False,neutral_component_or_incorrect_ion_role
vis,non_test,1378,CCCC[n+]1cccc(C)c1,N#CNC#N,CCCC[n+]1cccc(C)c1.N#CNC#N,exclude,1,0,False,neutral_component_or_incorrect_ion_role
vis,non_test,1379,CCCC[n+]1cccc(C)c1,N#CNC#N,CCCC[n+]1cccc(C)c1.N#CNC#N,exclude,1,0,False,neutral_component_or_incorrect_ion_role
vis,non_test,1380,CCCC[n+]1cccc(C)c1,N#CNC#N,CCCC[n+]1cccc(C)c1.N#CNC#N,exclude,1,0,False,neutral_component_or_incorrect_ion_role
vis,non_test,1381,CCCC[n+]1cccc(C)c1,N#CNC#N,CCCC[n+]1cccc(C)c1.N#CNC#N,exclude,1,0,False,neutral_component_or_incorrect_ion_role
vis,non_test,1382,CCCC[n+]1cccc(C)c1,N#CNC#N,CCCC[n+]1cccc(C)c1.N#CNC#N,exclude,1,0,False,neutral_component_or_incorrect_ion_role
vis,non_test,1383,CCCC[n+]1cccc(C)c1,N#CNC#N,CCCC[n+]1cccc(C)c1.N#CNC#N,exclude,1,0,False,neutral_component_or_incorrect_ion_role
vis,non_test,1384,CCCC[n+]1cccc(C)c1,N#CNC#N,CCCC[n+]1cccc(C)c1.N#CNC#N,exclude,1,0,False,neutral_component_or_incorrect_ion_role
vis,non_test,1385,CCCC[n+]1cccc(C)c1,N#CNC#N,CCCC[n+]1cccc(C)c1.N#CNC#N,exclude,1,0,False,neutral_component_or_incorrect_ion_role
vis,non_test,1386,CCCC[n+]1cccc(C)c1,N#CNC#N,CCCC[n+]1cccc(C)c1.N#CNC#N,exclude,1,0,False,neutral_component_or_incorrect_ion_role
vis,non_test,1387,CCCC[n+]1cccc(C)c1,N#CNC#N,CCCC[n+]1cccc(C)c1.N#CNC#N,exclude,1,0,False,neutral_component_or_incorrect_ion_role
vis,non_test,1388,CCCC[n+]1cccc(C)c1,N#CNC#N,CCCC[n+]1cccc(C)c1.N#CNC#N,exclude,1,0,False,neutral_component_or_incorrect_ion_role
vis,non_test,1389,CCCC[n+]1cccc(C)c1,N#CNC#N,CCCC[n+]1cccc(C)c1.N#CNC#N,exclude,1,0,False,neutral_component_or_incorrect_ion_role
vis,non_test,1390,CCCC[n+]1cccc(C)c1,N#CNC#N,CCCC[n+]1cccc(C)c1.N#CNC#N,exclude,1,0,False,neutral_component_or_incorrect_ion_role
vis,non_test,1391,CCCC[n+]1cccc(C)c1,N#CNC#N,CCCC[n+]1cccc(C)c1.N#CNC#N,exclude,1,0,False,neutral_component_or_incorrect_ion_role
vis,non_test,1392,CCCC[n+]1cccc(C)c1,N#CNC#N,CCCC[n+]1cccc(C)c1.N#CNC#N,exclude,1,0,False,neutral_component_or_incorrect_ion_role
vis,non_test,1393,CCCC[n+]1cccc(C)c1,N#CNC#N,CCCC[n+]1cccc(C)c1.N#CNC#N,exclude,1,0,False,neutral_component_or_incorrect_ion_role
vis,non_test,1394,CCCC[n+]1cccc(C)c1,N#CNC#N,CCCC[n+]1cccc(C)c1.N#CNC#N,exclude,1,0,False,neutral_component_or_incorrect_ion_role
vis,non_test,1395,CCCC[n+]1cccc(C)c1,N#CNC#N,CCCC[n+]1cccc(C)c1.N#CNC#N,exclude,1,0,False,neutral_component_or_incorrect_ion_role
vis,non_test,1396,CCCC[n+]1cccc(C)c1,N#CNC#N,CCCC[n+]1cccc(C)c1.N#CNC#N,exclude,1,0,False,neutral_component_or_incorrect_ion_role
vis,non_test,1397,CCCC[n+]1cccc(C)c1,N#CNC#N,CCCC[n+]1cccc(C)c1.N#CNC#N,exclude,1,0,False,neutral_component_or_incorrect_ion_role
vis,non_test,1398,CCCC[n+]1cccc(C)c1,N#CNC#N,CCCC[n+]1cccc(C)c1.N#CNC#N,exclude,1,0,False,neutral_component_or_incorrect_ion_role
vis,non_test,1399,CCCC[n+]1cccc(C)c1,N#CNC#N,CCCC[n+]1cccc(C)c1.N#CNC#N,exclude,1,0,False,neutral_component_or_incorrect_ion_role
vis,non_test,1400,CCCC[n+]1cccc(C)c1,N#CNC#N,CCCC[n+]1cccc(C)c1.N#CNC#N,exclude,1,0,False,neutral_component_or_incorrect_ion_role
vis,non_test,1401,CCCC[n+]1cccc(C)c1,N#CNC#N,CCCC[n+]1cccc(C)c1.N#CNC#N,exclude,1,0,False,neutral_component_or_incorrect_ion_role
vis,non_test,1402,CCCC[n+]1cccc(C)c1,N#CNC#N,CCCC[n+]1cccc(C)c1.N#CNC#N,exclude,1,0,False,neutral_component_or_incorrect_ion_role
vis,non_test,1403,CCCC[n+]1cccc(C)c1,N#CNC#N,CCCC[n+]1cccc(C)c1.N#CNC#N,exclude,1,0,False,neutral_component_or_incorrect_ion_role
vis,non_test,1404,CCCC[n+]1cccc(C)c1,N#CNC#N,CCCC[n+]1cccc(C)c1.N#CNC#N,exclude,1,0,False,neutral_component_or_incorrect_ion_role
vis,non_test,1405,CCCC[n+]1cccc(C)c1,N#CNC#N,CCCC[n+]1cccc(C)c1.N#CNC#N,exclude,1,0,False,neutral_component_or_incorrect_ion_role
vis,non_test,1406,CCCC[n+]1cccc(C)c1,N#CNC#N,CCCC[n+]1cccc(C)c1.N#CNC#N,exclude,1,0,False,neutral_component_or_incorrect_ion_role
vis,non_test,1407,CCCC[n+]1cccc(C)c1,N#CNC#N,CCCC[n+]1cccc(C)c1.N#CNC#N,exclude,1,0,False,neutral_component_or_incorrect_ion_role
vis,non_test,1408,CCCC[n+]1cccc(C)c1,N#CNC#N,CCCC[n+]1cccc(C)c1.N#CNC#N,exclude,1,0,False,neutral_component_or_incorrect_ion_role
vis,non_test,1409,CCCC[n+]1cccc(C)c1,N#CNC#N,CCCC[n+]1cccc(C)c1.N#CNC#N,exclude,1,0,False,neutral_component_or_incorrect_ion_role
vis,non_test,1410,CCCC[n+]1cccc(C)c1,N#CNC#N,CCCC[n+]1cccc(C)c1.N#CNC#N,exclude,1,0,False,neutral_component_or_incorrect_ion_role
vis,non_test,1411,CCCC[n+]1cccc(C)c1,N#CNC#N,CCCC[n+]1cccc(C)c1.N#CNC#N,exclude,1,0,False,neutral_component_or_incorrect_ion_role
vis,non_test,1412,CCCC[n+]1cccc(C)c1,N#CNC#N,CCCC[n+]1cccc(C)c1.N#CNC#N,exclude,1,0,False,neutral_component_or_incorrect_ion_role
vis,non_test,1413,CCCC[n+]1cccc(C)c1,N#CNC#N,CCCC[n+]1cccc(C)c1.N#CNC#N,exclude,1,0,False,neutral_component_or_incorrect_ion_role
vis,non_test,1414,CCCC[n+]1cccc(C)c1,N#CNC#N,CCCC[n+]1cccc(C)c1.N#CNC#N,exclude,1,0,False,neutral_component_or_incorrect_ion_role
vis,non_test,1415,CCCC[n+]1cccc(C)c1,N#CNC#N,CCCC[n+]1cccc(C)c1.N#CNC#N,exclude,1,0,False,neutral_component_or_incorrect_ion_role
vis,non_test,1416,CCCC[n+]1cccc(C)c1,N#CNC#N,CCCC[n+]1cccc(C)c1.N#CNC#N,exclude,1,0,False,neutral_component_or_incorrect_ion_role
vis,non_test,1417,CCCC[n+]1cccc(C)c1,N#CNC#N,CCCC[n+]1cccc(C)c1.N#CNC#N,exclude,1,0,False,neutral_component_or_incorrect_ion_role
vis,non_test,1418,CCCC[n+]1cccc(C)c1,N#CNC#N,CCCC[n+]1cccc(C)c1.N#CNC#N,exclude,1,0,False,neutral_component_or_incorrect_ion_role
vis,non_test,1419,CCCC[n+]1cccc(C)c1,N#CNC#N,CCCC[n+]1cccc(C)c1.N#CNC#N,exclude,1,0,False,neutral_component_or_incorrect_ion_role
vis,non_test,1420,CCCC[n+]1cccc(C)c1,N#CNC#N,CCCC[n+]1cccc(C)c1.N#CNC#N,exclude,1,0,False,neutral_component_or_incorrect_ion_role
vis,non_test,3048,CCCC[n+]1cccc(C)c1,N#CNC#N,CCCC[n+]1cccc(C)c1.N#CNC#N,exclude,1,0,False,neutral_component_or_incorrect_ion_role
vis,non_test,3049,CCCC[n+]1cccc(C)c1,N#CNC#N,CCCC[n+]1cccc(C)c1.N#CNC#N,exclude,1,0,False,neutral_component_or_incorrect_ion_role
vis,non_test,3050,CCCC[n+]1cccc(C)c1,N#CNC#N,CCCC[n+]1cccc(C)c1.N#CNC#N,exclude,1,0,False,neutral_component_or_incorrect_ion_role
vis,non_test,3051,CCCC[n+]1cccc(C)c1,N#CNC#N,CCCC[n+]1cccc(C)c1.N#CNC#N,exclude,1,0,False,neutral_component_or_incorrect_ion_role
vis,non_test,3052,CCCC[n+]1cccc(C)c1,N#CNC#N,CCCC[n+]1cccc(C)c1.N#CNC#N,exclude,1,0,False,neutral_component_or_incorrect_ion_role
vis,non_test,3053,CCCC[n+]1cccc(C)c1,N#CNC#N,CCCC[n+]1cccc(C)c1.N#CNC#N,exclude,1,0,False,neutral_component_or_incorrect_ion_role
vis,non_test,3054,CCCC[n+]1cccc(C)c1,N#CNC#N,CCCC[n+]1cccc(C)c1.N#CNC#N,exclude,1,0,False,neutral_component_or_incorrect_ion_role
vis,non_test,3055,CCCC[n+]1cccc(C)c1,N#CNC#N,CCCC[n+]1cccc(C)c1.N#CNC#N,exclude,1,0,False,neutral_component_or_incorrect_ion_role
vis,non_test,3056,CCCC[n+]1cccc(C)c1,N#CNC#N,CCCC[n+]1cccc(C)c1.N#CNC#N,exclude,1,0,False,neutral_component_or_incorrect_ion_role
vis,non_test,3057,CCCC[n+]1cccc(C)c1,N#CNC#N,CCCC[n+]1cccc(C)c1.N#CNC#N,exclude,1,0,False,neutral_component_or_incorrect_ion_role
vis,non_test,3058,CCCC[n+]1cccc(C)c1,N#CNC#N,CCCC[n+]1cccc(C)c1.N#CNC#N,exclude,1,0,False,neutral_component_or_incorrect_ion_role
vis,non_test,3059,CCCC[n+]1cccc(C)c1,N#CNC#N,CCCC[n+]1cccc(C)c1.N#CNC#N,exclude,1,0,False,neutral_component_or_incorrect_ion_role
vis,non_test,3060,CCCC[n+]1cccc(C)c1,N#CNC#N,CCCC[n+]1cccc(C)c1.N#CNC#N,exclude,1,0,False,neutral_component_or_incorrect_ion_role
vis,non_test,3061,CCCC[n+]1cccc(C)c1,N#CNC#N,CCCC[n+]1cccc(C)c1.N#CNC#N,exclude,1,0,False,neutral_component_or_incorrect_ion_role
vis,non_test,3062,CCCC[n+]1cccc(C)c1,N#CNC#N,CCCC[n+]1cccc(C)c1.N#CNC#N,exclude,1,0,False,neutral_component_or_incorrect_ion_role
vis,non_test,3063,CCCC[n+]1cccc(C)c1,N#CNC#N,CCCC[n+]1cccc(C)c1.N#CNC#N,exclude,1,0,False,neutral_component_or_incorrect_ion_role
vis,non_test,3064,CCCC[n+]1cccc(C)c1,N#CNC#N,CCCC[n+]1cccc(C)c1.N#CNC#N,exclude,1,0,False,neutral_component_or_incorrect_ion_role
vis,non_test,3065,CCCC[n+]1cccc(C)c1,N#CNC#N,CCCC[n+]1cccc(C)c1.N#CNC#N,exclude,1,0,False,neutral_component_or_incorrect_ion_role
vis,non_test,3066,CCCC[n+]1cccc(C)c1,N#CNC#N,CCCC[n+]1cccc(C)c1.N#CNC#N,exclude,1,0,False,neutral_component_or_incorrect_ion_role
vis,non_test,3067,CCCC[n+]1cccc(C)c1,N#CNC#N,CCCC[n+]1cccc(C)c1.N#CNC#N,exclude,1,0,False,neutral_component_or_incorrect_ion_role
vis,non_test,10225,CCCC[n+]1cccc(C)c1,N#CNC#N,CCCC[n+]1cccc(C)c1.N#CNC#N,exclude,1,0,False,neutral_component_or_incorrect_ion_role
vis,non_test,10226,CCCC[n+]1cccc(C)c1,N#CNC#N,CCCC[n+]1cccc(C)c1.N#CNC#N,exclude,1,0,False,neutral_component_or_incorrect_ion_role
vis,non_test,10227,CCCC[n+]1cccc(C)c1,N#CNC#N,CCCC[n+]1cccc(C)c1.N#CNC#N,exclude,1,0,False,neutral_component_or_incorrect_ion_role
vis,non_test,10228,CCCC[n+]1cccc(C)c1,N#CNC#N,CCCC[n+]1cccc(C)c1.N#CNC#N,exclude,1,0,False,neutral_component_or_incorrect_ion_role
vis,non_test,10229,CCCC[n+]1cccc(C)c1,N#CNC#N,CCCC[n+]1cccc(C)c1.N#CNC#N,exclude,1,0,False,neutral_component_or_incorrect_ion_role
vis,non_test,10230,CCCC[n+]1cccc(C)c1,N#CNC#N,CCCC[n+]1cccc(C)c1.N#CNC#N,exclude,1,0,False,neutral_component_or_incorrect_ion_role
vis,non_test,12715,CCCC[n+]1cccc(C)c1,N#CNC#N,CCCC[n+]1cccc(C)c1.N#CNC#N,exclude,1,0,False,neutral_component_or_incorrect_ion_role
vis,non_test,12716,CCCC[n+]1cccc(C)c1,N#CNC#N,CCCC[n+]1cccc(C)c1.N#CNC#N,exclude,1,0,False,neutral_component_or_incorrect_ion_role
vis,non_test,12919,CCCC[n+]1cccc(C)c1,N#CNC#N,CCCC[n+]1cccc(C)c1.N#CNC#N,exclude,1,0,False,neutral_component_or_incorrect_ion_role
vis,non_test,3525,CCCCn1cc[n+](C)c1,N#CC(C#N)C#N,CCCCn1cc[n+](C)c1.N#CC(C#N)C#N,exclude,1,0,False,neutral_component_or_incorrect_ion_role
vis,non_test,3617,CCCCn1cc[n+](C)c1,N#CC(C#N)C#N,CCCCn1cc[n+](C)c1.N#CC(C#N)C#N,exclude,1,0,False,neutral_component_or_incorrect_ion_role
vis,non_test,3618,CCCCn1cc[n+](C)c1,N#CC(C#N)C#N,CCCCn1cc[n+](C)c1.N#CC(C#N)C#N,exclude,1,0,False,neutral_component_or_incorrect_ion_role
vis,non_test,3619,CCCCn1cc[n+](C)c1,N#CC(C#N)C#N,CCCCn1cc[n+](C)c1.N#CC(C#N)C#N,exclude,1,0,False,neutral_component_or_incorrect_ion_role
vis,non_test,9751,CCCCn1cc[n+](C)c1,N#CC(C#N)C#N,CCCCn1cc[n+](C)c1.N#CC(C#N)C#N,exclude,1,0,False,neutral_component_or_incorrect_ion_role
vis,non_test,9752,CCCCn1cc[n+](C)c1,N#CC(C#N)C#N,CCCCn1cc[n+](C)c1.N#CC(C#N)C#N,exclude,1,0,False,neutral_component_or_incorrect_ion_role
vis,non_test,9753,CCCCn1cc[n+](C)c1,N#CC(C#N)C#N,CCCCn1cc[n+](C)c1.N#CC(C#N)C#N,exclude,1,0,False,neutral_component_or_incorrect_ion_role
vis,non_test,9754,CCCCn1cc[n+](C)c1,N#CC(C#N)C#N,CCCCn1cc[n+](C)c1.N#CC(C#N)C#N,exclude,1,0,False,neutral_component_or_incorrect_ion_role
vis,non_test,9755,CCCCn1cc[n+](C)c1,N#CC(C#N)C#N,CCCCn1cc[n+](C)c1.N#CC(C#N)C#N,exclude,1,0,False,neutral_component_or_incorrect_ion_role
vis,non_test,9756,CCCCn1cc[n+](C)c1,N#CC(C#N)C#N,CCCCn1cc[n+](C)c1.N#CC(C#N)C#N,exclude,1,0,False,neutral_component_or_incorrect_ion_role
vis,non_test,9757,CCCCn1cc[n+](C)c1,N#CC(C#N)C#N,CCCCn1cc[n+](C)c1.N#CC(C#N)C#N,exclude,1,0,False,neutral_component_or_incorrect_ion_role
vis,non_test,9758,CCCCn1cc[n+](C)c1,N#CC(C#N)C#N,CCCCn1cc[n+](C)c1.N#CC(C#N)C#N,exclude,1,0,False,neutral_component_or_incorrect_ion_role
vis,non_test,12717,CCCCn1cc[n+](C)c1,N#CC(C#N)C#N,CCCCn1cc[n+](C)c1.N#CC(C#N)C#N,exclude,1,0,False,neutral_component_or_incorrect_ion_role
vis,non_test,13128,CCCCn1cc[n+](C)c1,N#CC(C#N)C#N,CCCCn1cc[n+](C)c1.N#CC(C#N)C#N,exclude,1,0,False,neutral_component_or_incorrect_ion_role
vis,non_test,13129,CCCCn1cc[n+](C)c1,N#CC(C#N)C#N,CCCCn1cc[n+](C)c1.N#CC(C#N)C#N,exclude,1,0,False,neutral_component_or_incorrect_ion_role
vis,non_test,13130,CCCCn1cc[n+](C)c1,N#CC(C#N)C#N,CCCCn1cc[n+](C)c1.N#CC(C#N)C#N,exclude,1,0,False,neutral_component_or_incorrect_ion_role
vis,non_test,13131,CCCCn1cc[n+](C)c1,N#CC(C#N)C#N,CCCCn1cc[n+](C)c1.N#CC(C#N)C#N,exclude,1,0,False,neutral_component_or_incorrect_ion_role
vis,non_test,13132,CCCCn1cc[n+](C)c1,N#CC(C#N)C#N,CCCCn1cc[n+](C)c1.N#CC(C#N)C#N,exclude,1,0,False,neutral_component_or_incorrect_ion_role
vis,non_test,13133,CCCCn1cc[n+](C)c1,N#CC(C#N)C#N,CCCCn1cc[n+](C)c1.N#CC(C#N)C#N,exclude,1,0,False,neutral_component_or_incorrect_ion_role
vis,non_test,13134,CCCCn1cc[n+](C)c1,N#CC(C#N)C#N,CCCCn1cc[n+](C)c1.N#CC(C#N)C#N,exclude,1,0,False,neutral_component_or_incorrect_ion_role
vis,non_test,13135,CCCCn1cc[n+](C)c1,N#CC(C#N)C#N,CCCCn1cc[n+](C)c1.N#CC(C#N)C#N,exclude,1,0,False,neutral_component_or_incorrect_ion_role
vis,non_test,13136,CCCCn1cc[n+](C)c1,N#CC(C#N)C#N,CCCCn1cc[n+](C)c1.N#CC(C#N)C#N,exclude,1,0,False,neutral_component_or_incorrect_ion_role
vis,non_test,13137,CCCCn1cc[n+](C)c1,N#CC(C#N)C#N,CCCCn1cc[n+](C)c1.N#CC(C#N)C#N,exclude,1,0,False,neutral_component_or_incorrect_ion_role
vis,non_test,13138,CCCCn1cc[n+](C)c1,N#CC(C#N)C#N,CCCCn1cc[n+](C)c1.N#CC(C#N)C#N,exclude,1,0,False,neutral_component_or_incorrect_ion_role
vis,non_test,13139,CCCCn1cc[n+](C)c1,N#CC(C#N)C#N,CCCCn1cc[n+](C)c1.N#CC(C#N)C#N,exclude,1,0,False,neutral_component_or_incorrect_ion_role
vis,non_test,13140,CCCCn1cc[n+](C)c1,N#CC(C#N)C#N,CCCCn1cc[n+](C)c1.N#CC(C#N)C#N,exclude,1,0,False,neutral_component_or_incorrect_ion_role
vis,non_test,13141,CCCCn1cc[n+](C)c1,N#CC(C#N)C#N,CCCCn1cc[n+](C)c1.N#CC(C#N)C#N,exclude,1,0,False,neutral_component_or_incorrect_ion_role
vis,non_test,13142,CCCCn1cc[n+](C)c1,N#CC(C#N)C#N,CCCCn1cc[n+](C)c1.N#CC(C#N)C#N,exclude,1,0,False,neutral_component_or_incorrect_ion_role
vis,non_test,13143,CCCCn1cc[n+](C)c1,N#CC(C#N)C#N,CCCCn1cc[n+](C)c1.N#CC(C#N)C#N,exclude,1,0,False,neutral_component_or_incorrect_ion_role
vis,non_test,13144,CCCCn1cc[n+](C)c1,N#CC(C#N)C#N,CCCCn1cc[n+](C)c1.N#CC(C#N)C#N,exclude,1,0,False,neutral_component_or_incorrect_ion_role
vis,non_test,13229,CCCCn1cc[n+](C)c1,N#CC(C#N)C#N,CCCCn1cc[n+](C)c1.N#CC(C#N)C#N,exclude,1,0,False,neutral_component_or_incorrect_ion_role
vis,non_test,13230,CCCCn1cc[n+](C)c1,N#CC(C#N)C#N,CCCCn1cc[n+](C)c1.N#CC(C#N)C#N,exclude,1,0,False,neutral_component_or_incorrect_ion_role
vis,non_test,13231,CCCCn1cc[n+](C)c1,N#CC(C#N)C#N,CCCCn1cc[n+](C)c1.N#CC(C#N)C#N,exclude,1,0,False,neutral_component_or_incorrect_ion_role
vis,non_test,13232,CCCCn1cc[n+](C)c1,N#CC(C#N)C#N,CCCCn1cc[n+](C)c1.N#CC(C#N)C#N,exclude,1,0,False,neutral_component_or_incorrect_ion_role
vis,non_test,13233,CCCCn1cc[n+](C)c1,N#CC(C#N)C#N,CCCCn1cc[n+](C)c1.N#CC(C#N)C#N,exclude,1,0,False,neutral_component_or_incorrect_ion_role
vis,non_test,13234,CCCCn1cc[n+](C)c1,N#CC(C#N)C#N,CCCCn1cc[n+](C)c1.N#CC(C#N)C#N,exclude,1,0,False,neutral_component_or_incorrect_ion_role
vis,non_test,13235,CCCCn1cc[n+](C)c1,N#CC(C#N)C#N,CCCCn1cc[n+](C)c1.N#CC(C#N)C#N,exclude,1,0,False,neutral_component_or_incorrect_ion_role
vis,non_test,13236,CCCCn1cc[n+](C)c1,N#CC(C#N)C#N,CCCCn1cc[n+](C)c1.N#CC(C#N)C#N,exclude,1,0,False,neutral_component_or_incorrect_ion_role
vis,non_test,13237,CCCCn1cc[n+](C)c1,N#CC(C#N)C#N,CCCCn1cc[n+](C)c1.N#CC(C#N)C#N,exclude,1,0,False,neutral_component_or_incorrect_ion_role
vis,non_test,13238,CCCCn1cc[n+](C)c1,N#CC(C#N)C#N,CCCCn1cc[n+](C)c1.N#CC(C#N)C#N,exclude,1,0,False,neutral_component_or_incorrect_ion_role
vis,non_test,13239,CCCCn1cc[n+](C)c1,N#CC(C#N)C#N,CCCCn1cc[n+](C)c1.N#CC(C#N)C#N,exclude,1,0,False,neutral_component_or_incorrect_ion_role
vis,non_test,13240,CCCCn1cc[n+](C)c1,N#CC(C#N)C#N,CCCCn1cc[n+](C)c1.N#CC(C#N)C#N,exclude,1,0,False,neutral_component_or_incorrect_ion_role
vis,non_test,13241,CCCCn1cc[n+](C)c1,N#CC(C#N)C#N,CCCCn1cc[n+](C)c1.N#CC(C#N)C#N,exclude,1,0,False,neutral_component_or_incorrect_ion_role
vis,non_test,13242,CCCCn1cc[n+](C)c1,N#CC(C#N)C#N,CCCCn1cc[n+](C)c1.N#CC(C#N)C#N,exclude,1,0,False,neutral_component_or_incorrect_ion_role
vis,non_test,13243,CCCCn1cc[n+](C)c1,N#CC(C#N)C#N,CCCCn1cc[n+](C)c1.N#CC(C#N)C#N,exclude,1,0,False,neutral_component_or_incorrect_ion_role
vis,non_test,12200,C[N+]1(CCOCCOCCOCC[N+]2(C)CCCC2)CCCC1,N#CNC#N,C[N+]1(CCOCCOCCOCC[N+]2(C)CCCC2)CCCC1.N#CNC#N,exclude,2,0,False,neutral_component_or_incorrect_ion_role
vis,non_test,7794,NCCO,CC(O)C(=O)[O-],NCCO.CC(O)C(=O)[O-],exclude,0,-1,False,neutral_component_or_incorrect_ion_role
vis,non_test,7795,NCCO,CC(O)C(=O)[O-],NCCO.CC(O)C(=O)[O-],exclude,0,-1,False,neutral_component_or_incorrect_ion_role
vis,non_test,7796,NCCO,CC(O)C(=O)[O-],NCCO.CC(O)C(=O)[O-],exclude,0,-1,False,neutral_component_or_incorrect_ion_role
vis,non_test,7797,NCCO,CC(O)C(=O)[O-],NCCO.CC(O)C(=O)[O-],exclude,0,-1,False,neutral_component_or_incorrect_ion_role
vis,non_test,7798,NCCO,CC(O)C(=O)[O-],NCCO.CC(O)C(=O)[O-],exclude,0,-1,False,neutral_component_or_incorrect_ion_role
vis,non_test,7799,NCCO,CC(O)C(=O)[O-],NCCO.CC(O)C(=O)[O-],exclude,0,-1,False,neutral_component_or_incorrect_ion_role
vis,non_test,7800,NCCO,CC(O)C(=O)[O-],NCCO.CC(O)C(=O)[O-],exclude,0,-1,False,neutral_component_or_incorrect_ion_role
vis,non_test,7801,NCCO,CC(O)C(=O)[O-],NCCO.CC(O)C(=O)[O-],exclude,0,-1,False,neutral_component_or_incorrect_ion_role
vis,non_test,7802,NCCO,CC(O)C(=O)[O-],NCCO.CC(O)C(=O)[O-],exclude,0,-1,False,neutral_component_or_incorrect_ion_role
vis,non_test,7803,NCCO,CC(O)C(=O)[O-],NCCO.CC(O)C(=O)[O-],exclude,0,-1,False,neutral_component_or_incorrect_ion_role
vis,non_test,7804,NCCO,CC(O)C(=O)[O-],NCCO.CC(O)C(=O)[O-],exclude,0,-1,False,neutral_component_or_incorrect_ion_role
vis,non_test,12201,C[N+]1(CCOCCOCCOCCOCC[N+]2(C)CCCC2)CCCC1,N#CNC#N,C[N+]1(CCOCCOCCOCCOCC[N+]2(C)CCCC2)CCCC1.N#CNC#N,exclude,2,0,False,neutral_component_or_incorrect_ion_role
vis,non_test,10794,CCN=C(N(C)C)[NH+](C)C,O=S(=O)(NS(=O)(=O)C(F)(F)F)C(F)(F)F,CCN=C(N(C)C)[NH+](C)C.O=S(=O)(NS(=O)(=O)C(F)(F)F)C(F)(F)F,exclude,1,0,False,neutral_component_or_incorrect_ion_role
vis,non_test,10795,CCN=C(N(C)C)[NH+](C)C,O=S(=O)(NS(=O)(=O)C(F)(F)F)C(F)(F)F,CCN=C(N(C)C)[NH+](C)C.O=S(=O)(NS(=O)(=O)C(F)(F)F)C(F)(F)F,exclude,1,0,False,neutral_component_or_incorrect_ion_role
vis,non_test,10796,CCN=C(N(C)C)[NH+](C)C,O=S(=O)(NS(=O)(=O)C(F)(F)F)C(F)(F)F,CCN=C(N(C)C)[NH+](C)C.O=S(=O)(NS(=O)(=O)C(F)(F)F)C(F)(F)F,exclude,1,0,False,neutral_component_or_incorrect_ion_role
vis,non_test,10797,CCN=C(N(C)C)[NH+](C)C,O=S(=O)(NS(=O)(=O)C(F)(F)F)C(F)(F)F,CCN=C(N(C)C)[NH+](C)C.O=S(=O)(NS(=O)(=O)C(F)(F)F)C(F)(F)F,exclude,1,0,False,neutral_component_or_incorrect_ion_role
vis,non_test,10798,CCN=C(N(C)C)[NH+](C)C,O=S(=O)(NS(=O)(=O)C(F)(F)F)C(F)(F)F,CCN=C(N(C)C)[NH+](C)C.O=S(=O)(NS(=O)(=O)C(F)(F)F)C(F)(F)F,exclude,1,0,False,neutral_component_or_incorrect_ion_role
vis,non_test,10799,CCN=C(N(C)C)[NH+](C)C,O=S(=O)(NS(=O)(=O)C(F)(F)F)C(F)(F)F,CCN=C(N(C)C)[NH+](C)C.O=S(=O)(NS(=O)(=O)C(F)(F)F)C(F)(F)F,exclude,1,0,False,neutral_component_or_incorrect_ion_role
vis,non_test,10800,CCN=C(N(C)C)[NH+](C)C,O=S(=O)(NS(=O)(=O)C(F)(F)F)C(F)(F)F,CCN=C(N(C)C)[NH+](C)C.O=S(=O)(NS(=O)(=O)C(F)(F)F)C(F)(F)F,exclude,1,0,False,neutral_component_or_incorrect_ion_role
vis,non_test,6075,CC[N+](C)(C)CCOCCOC,O=S(=O)(NS(=O)(=O)C(F)(F)F)C(F)(F)F,CC[N+](C)(C)CCOCCOC.O=S(=O)(NS(=O)(=O)C(F)(F)F)C(F)(F)F,exclude,1,0,False,neutral_component_or_incorrect_ion_role
vis,non_test,6076,CC[N+](C)(C)CCOCCOC,O=S(=O)(NS(=O)(=O)C(F)(F)F)C(F)(F)F,CC[N+](C)(C)CCOCCOC.O=S(=O)(NS(=O)(=O)C(F)(F)F)C(F)(F)F,exclude,1,0,False,neutral_component_or_incorrect_ion_role
vis,non_test,6077,CC[N+](C)(C)CCOCCOC,O=S(=O)(NS(=O)(=O)C(F)(F)F)C(F)(F)F,CC[N+](C)(C)CCOCCOC.O=S(=O)(NS(=O)(=O)C(F)(F)F)C(F)(F)F,exclude,1,0,False,neutral_component_or_incorrect_ion_role
vis,non_test,6078,CC[N+](C)(C)CCOCCOC,O=S(=O)(NS(=O)(=O)C(F)(F)F)C(F)(F)F,CC[N+](C)(C)CCOCCOC.O=S(=O)(NS(=O)(=O)C(F)(F)F)C(F)(F)F,exclude,1,0,False,neutral_component_or_incorrect_ion_role
vis,non_test,6079,CC[N+](C)(C)CCOCCOC,O=S(=O)(NS(=O)(=O)C(F)(F)F)C(F)(F)F,CC[N+](C)(C)CCOCCOC.O=S(=O)(NS(=O)(=O)C(F)(F)F)C(F)(F)F,exclude,1,0,False,neutral_component_or_incorrect_ion_role
vis,non_test,6080,CC[N+](C)(C)CCOCCOC,O=S(=O)(NS(=O)(=O)C(F)(F)F)C(F)(F)F,CC[N+](C)(C)CCOCCOC.O=S(=O)(NS(=O)(=O)C(F)(F)F)C(F)(F)F,exclude,1,0,False,neutral_component_or_incorrect_ion_role
vis,non_test,6081,CC[N+](C)(C)CCOCCOC,O=S(=O)(NS(=O)(=O)C(F)(F)F)C(F)(F)F,CC[N+](C)(C)CCOCCOC.O=S(=O)(NS(=O)(=O)C(F)(F)F)C(F)(F)F,exclude,1,0,False,neutral_component_or_incorrect_ion_role
vis,non_test,6082,CC[N+](C)(C)CCOCCOC,O=S(=O)(NS(=O)(=O)C(F)(F)F)C(F)(F)F,CC[N+](C)(C)CCOCCOC.O=S(=O)(NS(=O)(=O)C(F)(F)F)C(F)(F)F,exclude,1,0,False,neutral_component_or_incorrect_ion_role
vis,non_test,6083,CC[N+](C)(C)CCOCCOC,O=S(=O)(NS(=O)(=O)C(F)(F)F)C(F)(F)F,CC[N+](C)(C)CCOCCOC.O=S(=O)(NS(=O)(=O)C(F)(F)F)C(F)(F)F,exclude,1,0,False,neutral_component_or_incorrect_ion_role
vis,non_test,6084,CC[N+](C)(C)CCOCCOC,O=S(=O)(NS(=O)(=O)C(F)(F)F)C(F)(F)F,CC[N+](C)(C)CCOCCOC.O=S(=O)(NS(=O)(=O)C(F)(F)F)C(F)(F)F,exclude,1,0,False,neutral_component_or_incorrect_ion_role
vis,non_test,6085,CC[N+](C)(C)CCOCCOC,O=S(=O)(NS(=O)(=O)C(F)(F)F)C(F)(F)F,CC[N+](C)(C)CCOCCOC.O=S(=O)(NS(=O)(=O)C(F)(F)F)C(F)(F)F,exclude,1,0,False,neutral_component_or_incorrect_ion_role
vis,non_test,6086,CC[N+](C)(C)CCOCCOC,O=S(=O)(NS(=O)(=O)C(F)(F)F)C(F)(F)F,CC[N+](C)(C)CCOCCOC.O=S(=O)(NS(=O)(=O)C(F)(F)F)C(F)(F)F,exclude,1,0,False,neutral_component_or_incorrect_ion_role
vis,non_test,6087,CC[N+](C)(C)CCOCCOC,O=S(=O)(NS(=O)(=O)C(F)(F)F)C(F)(F)F,CC[N+](C)(C)CCOCCOC.O=S(=O)(NS(=O)(=O)C(F)(F)F)C(F)(F)F,exclude,1,0,False,neutral_component_or_incorrect_ion_role
vis,non_test,12187,CCCCn1cc[n+](CCOCCOCCOCCOCC[n+]2ccn(CCCC)c2)c1,N#CNC#N,CCCCn1cc[n+](CCOCCOCCOCCOCC[n+]2ccn(CCCC)c2)c1.N#CNC#N,exclude,2,0,False,neutral_component_or_incorrect_ion_role
vis,non_test,10982,CCCCCC[N+]1(C)CCOCC1,N#CNC#N,CCCCCC[N+]1(C)CCOCC1.N#CNC#N,exclude,1,0,False,neutral_component_or_incorrect_ion_role
vis,non_test,10983,CCCCCC[N+]1(C)CCOCC1,N#CNC#N,CCCCCC[N+]1(C)CCOCC1.N#CNC#N,exclude,1,0,False,neutral_component_or_incorrect_ion_role
vis,non_test,10984,CCCCCC[N+]1(C)CCOCC1,N#CNC#N,CCCCCC[N+]1(C)CCOCC1.N#CNC#N,exclude,1,0,False,neutral_component_or_incorrect_ion_role
vis,non_test,10985,CCCCCC[N+]1(C)CCOCC1,N#CNC#N,CCCCCC[N+]1(C)CCOCC1.N#CNC#N,exclude,1,0,False,neutral_component_or_incorrect_ion_role
vis,non_test,10986,CCCCCC[N+]1(C)CCOCC1,N#CNC#N,CCCCCC[N+]1(C)CCOCC1.N#CNC#N,exclude,1,0,False,neutral_component_or_incorrect_ion_role
vis,non_test,10987,CCCCCC[N+]1(C)CCOCC1,N#CNC#N,CCCCCC[N+]1(C)CCOCC1.N#CNC#N,exclude,1,0,False,neutral_component_or_incorrect_ion_role
vis,non_test,10988,CCCCCC[N+]1(C)CCOCC1,N#CNC#N,CCCCCC[N+]1(C)CCOCC1.N#CNC#N,exclude,1,0,False,neutral_component_or_incorrect_ion_role
vis,non_test,7783,CC[N+]1(C)CCCC1,O=C(O)CO,CC[N+]1(C)CCCC1.O=C(O)CO,exclude,1,0,False,neutral_component_or_incorrect_ion_role
vis,non_test,7784,CC[N+]1(C)CCCC1,O=C(O)CO,CC[N+]1(C)CCCC1.O=C(O)CO,exclude,1,0,False,neutral_component_or_incorrect_ion_role
vis,non_test,7785,CC[N+]1(C)CCCC1,O=C(O)CO,CC[N+]1(C)CCCC1.O=C(O)CO,exclude,1,0,False,neutral_component_or_incorrect_ion_role
vis,non_test,7786,CC[N+]1(C)CCCC1,O=C(O)CO,CC[N+]1(C)CCCC1.O=C(O)CO,exclude,1,0,False,neutral_component_or_incorrect_ion_role
vis,non_test,7787,CC[N+]1(C)CCCC1,O=C(O)CO,CC[N+]1(C)CCCC1.O=C(O)CO,exclude,1,0,False,neutral_component_or_incorrect_ion_role
vis,non_test,7788,CC[N+]1(C)CCCC1,O=C(O)CO,CC[N+]1(C)CCCC1.O=C(O)CO,exclude,1,0,False,neutral_component_or_incorrect_ion_role
vis,non_test,7789,CC[N+]1(C)CCCC1,O=C(O)CO,CC[N+]1(C)CCCC1.O=C(O)CO,exclude,1,0,False,neutral_component_or_incorrect_ion_role
vis,non_test,7790,CC[N+]1(C)CCCC1,O=C(O)CO,CC[N+]1(C)CCCC1.O=C(O)CO,exclude,1,0,False,neutral_component_or_incorrect_ion_role
vis,non_test,7791,CC[N+]1(C)CCCC1,O=C(O)CO,CC[N+]1(C)CCCC1.O=C(O)CO,exclude,1,0,False,neutral_component_or_incorrect_ion_role
vis,non_test,7792,CC[N+]1(C)CCCC1,O=C(O)CO,CC[N+]1(C)CCCC1.O=C(O)CO,exclude,1,0,False,neutral_component_or_incorrect_ion_role
vis,non_test,7793,CC[N+]1(C)CCCC1,O=C(O)CO,CC[N+]1(C)CCCC1.O=C(O)CO,exclude,1,0,False,neutral_component_or_incorrect_ion_role
vis,non_test,10527,CCCCCC[S+]=C(N(C)C)N(C)C,O=S(=O)(NS(=O)(=O)C(F)(F)F)C(F)(F)F,CCCCCC[S+]=C(N(C)C)N(C)C.O=S(=O)(NS(=O)(=O)C(F)(F)F)C(F)(F)F,exclude,1,0,False,neutral_component_or_incorrect_ion_role
vis,non_test,10528,CCCCCC[S+]=C(N(C)C)N(C)C,O=S(=O)(NS(=O)(=O)C(F)(F)F)C(F)(F)F,CCCCCC[S+]=C(N(C)C)N(C)C.O=S(=O)(NS(=O)(=O)C(F)(F)F)C(F)(F)F,exclude,1,0,False,neutral_component_or_incorrect_ion_role
vis,non_test,10529,CCCCCC[S+]=C(N(C)C)N(C)C,O=S(=O)(NS(=O)(=O)C(F)(F)F)C(F)(F)F,CCCCCC[S+]=C(N(C)C)N(C)C.O=S(=O)(NS(=O)(=O)C(F)(F)F)C(F)(F)F,exclude,1,0,False,neutral_component_or_incorrect_ion_role
vis,non_test,10530,CCCCCC[S+]=C(N(C)C)N(C)C,O=S(=O)(NS(=O)(=O)C(F)(F)F)C(F)(F)F,CCCCCC[S+]=C(N(C)C)N(C)C.O=S(=O)(NS(=O)(=O)C(F)(F)F)C(F)(F)F,exclude,1,0,False,neutral_component_or_incorrect_ion_role
vis,non_test,10531,CCCCCC[S+]=C(N(C)C)N(C)C,O=S(=O)(NS(=O)(=O)C(F)(F)F)C(F)(F)F,CCCCCC[S+]=C(N(C)C)N(C)C.O=S(=O)(NS(=O)(=O)C(F)(F)F)C(F)(F)F,exclude,1,0,False,neutral_component_or_incorrect_ion_role
vis,non_test,10532,CCCCCC[S+]=C(N(C)C)N(C)C,O=S(=O)(NS(=O)(=O)C(F)(F)F)C(F)(F)F,CCCCCC[S+]=C(N(C)C)N(C)C.O=S(=O)(NS(=O)(=O)C(F)(F)F)C(F)(F)F,exclude,1,0,False,neutral_component_or_incorrect_ion_role
vis,non_test,10533,CCCCCC[S+]=C(N(C)C)N(C)C,O=S(=O)(NS(=O)(=O)C(F)(F)F)C(F)(F)F,CCCCCC[S+]=C(N(C)C)N(C)C.O=S(=O)(NS(=O)(=O)C(F)(F)F)C(F)(F)F,exclude,1,0,False,neutral_component_or_incorrect_ion_role
vis,non_test,8536,CC[N+]1(C)CCCC1,COP(=O)(O)OC,CC[N+]1(C)CCCC1.COP(=O)(O)OC,exclude,1,0,False,neutral_component_or_incorrect_ion_role
vis,non_test,8537,CC[N+]1(C)CCCC1,COP(=O)(O)OC,CC[N+]1(C)CCCC1.COP(=O)(O)OC,exclude,1,0,False,neutral_component_or_incorrect_ion_role
vis,non_test,8538,CC[N+]1(C)CCCC1,COP(=O)(O)OC,CC[N+]1(C)CCCC1.COP(=O)(O)OC,exclude,1,0,False,neutral_component_or_incorrect_ion_role
vis,non_test,8539,CC[N+]1(C)CCCC1,COP(=O)(O)OC,CC[N+]1(C)CCCC1.COP(=O)(O)OC,exclude,1,0,False,neutral_component_or_incorrect_ion_role
vis,non_test,8540,CC[N+]1(C)CCCC1,COP(=O)(O)OC,CC[N+]1(C)CCCC1.COP(=O)(O)OC,exclude,1,0,False,neutral_component_or_incorrect_ion_role
vis,non_test,8541,CC[N+]1(C)CCCC1,COP(=O)(O)OC,CC[N+]1(C)CCCC1.COP(=O)(O)OC,exclude,1,0,False,neutral_component_or_incorrect_ion_role
vis,non_test,8542,CC[N+]1(C)CCCC1,COP(=O)(O)OC,CC[N+]1(C)CCCC1.COP(=O)(O)OC,exclude,1,0,False,neutral_component_or_incorrect_ion_role
vis,non_test,8543,CC[N+]1(C)CCCC1,COP(=O)(O)OC,CC[N+]1(C)CCCC1.COP(=O)(O)OC,exclude,1,0,False,neutral_component_or_incorrect_ion_role
vis,non_test,8544,CC[N+]1(C)CCCC1,COP(=O)(O)OC,CC[N+]1(C)CCCC1.COP(=O)(O)OC,exclude,1,0,False,neutral_component_or_incorrect_ion_role
vis,non_test,8545,CC[N+]1(C)CCCC1,COP(=O)(O)OC,CC[N+]1(C)CCCC1.COP(=O)(O)OC,exclude,1,0,False,neutral_component_or_incorrect_ion_role
vis,non_test,8038,C[N+](C)(C)CCC[n+]1ccccc1,N#CNC#N,C[N+](C)(C)CCC[n+]1ccccc1.N#CNC#N,exclude,2,0,False,neutral_component_or_incorrect_ion_role
vis,non_test,8039,C[N+](C)(C)CCC[n+]1ccccc1,N#CNC#N,C[N+](C)(C)CCC[n+]1ccccc1.N#CNC#N,exclude,2,0,False,neutral_component_or_incorrect_ion_role
vis,non_test,8040,C[N+](C)(C)CCC[n+]1ccccc1,N#CNC#N,C[N+](C)(C)CCC[n+]1ccccc1.N#CNC#N,exclude,2,0,False,neutral_component_or_incorrect_ion_role
vis,non_test,8041,C[N+](C)(C)CCC[n+]1ccccc1,N#CNC#N,C[N+](C)(C)CCC[n+]1ccccc1.N#CNC#N,exclude,2,0,False,neutral_component_or_incorrect_ion_role
vis,non_test,8042,C[N+](C)(C)CCC[n+]1ccccc1,N#CNC#N,C[N+](C)(C)CCC[n+]1ccccc1.N#CNC#N,exclude,2,0,False,neutral_component_or_incorrect_ion_role
vis,non_test,8043,C[N+](C)(C)CCC[n+]1ccccc1,N#CNC#N,C[N+](C)(C)CCC[n+]1ccccc1.N#CNC#N,exclude,2,0,False,neutral_component_or_incorrect_ion_role
vis,non_test,8044,C[N+](C)(C)CCC[n+]1ccccc1,N#CNC#N,C[N+](C)(C)CCC[n+]1ccccc1.N#CNC#N,exclude,2,0,False,neutral_component_or_incorrect_ion_role
vis,non_test,8045,C[N+](C)(C)CCC[n+]1ccccc1,N#CNC#N,C[N+](C)(C)CCC[n+]1ccccc1.N#CNC#N,exclude,2,0,False,neutral_component_or_incorrect_ion_role
vis,non_test,8046,C[N+](C)(C)CCC[n+]1ccccc1,N#CNC#N,C[N+](C)(C)CCC[n+]1ccccc1.N#CNC#N,exclude,2,0,False,neutral_component_or_incorrect_ion_role
vis,non_test,8047,C[N+](C)(C)CCC[n+]1ccccc1,N#CNC#N,C[N+](C)(C)CCC[n+]1ccccc1.N#CNC#N,exclude,2,0,False,neutral_component_or_incorrect_ion_role
vis,non_test,8048,C[N+](C)(C)CCC[n+]1ccccc1,N#CNC#N,C[N+](C)(C)CCC[n+]1ccccc1.N#CNC#N,exclude,2,0,False,neutral_component_or_incorrect_ion_role
vis,non_test,4746,CCCCCC[n+]1ccc(C)cc1,O=S(=O)(NS(=O)(=O)C(F)(F)F)C(F)(F)F,CCCCCC[n+]1ccc(C)cc1.O=S(=O)(NS(=O)(=O)C(F)(F)F)C(F)(F)F,exclude,1,0,False,neutral_component_or_incorrect_ion_role
vis,non_test,4747,CCCCCC[n+]1ccc(C)cc1,O=S(=O)(NS(=O)(=O)C(F)(F)F)C(F)(F)F,CCCCCC[n+]1ccc(C)cc1.O=S(=O)(NS(=O)(=O)C(F)(F)F)C(F)(F)F,exclude,1,0,False,neutral_component_or_incorrect_ion_role
vis,non_test,4748,CCCCCC[n+]1ccc(C)cc1,O=S(=O)(NS(=O)(=O)C(F)(F)F)C(F)(F)F,CCCCCC[n+]1ccc(C)cc1.O=S(=O)(NS(=O)(=O)C(F)(F)F)C(F)(F)F,exclude,1,0,False,neutral_component_or_incorrect_ion_role
vis,non_test,4749,CCCCCC[n+]1ccc(C)cc1,O=S(=O)(NS(=O)(=O)C(F)(F)F)C(F)(F)F,CCCCCC[n+]1ccc(C)cc1.O=S(=O)(NS(=O)(=O)C(F)(F)F)C(F)(F)F,exclude,1,0,False,neutral_component_or_incorrect_ion_role
vis,non_test,4750,CCCCCC[n+]1ccc(C)cc1,O=S(=O)(NS(=O)(=O)C(F)(F)F)C(F)(F)F,CCCCCC[n+]1ccc(C)cc1.O=S(=O)(NS(=O)(=O)C(F)(F)F)C(F)(F)F,exclude,1,0,False,neutral_component_or_incorrect_ion_role
vis,non_test,4751,CCCCCC[n+]1ccc(C)cc1,O=S(=O)(NS(=O)(=O)C(F)(F)F)C(F)(F)F,CCCCCC[n+]1ccc(C)cc1.O=S(=O)(NS(=O)(=O)C(F)(F)F)C(F)(F)F,exclude,1,0,False,neutral_component_or_incorrect_ion_role
vis,non_test,4752,CCCCCC[n+]1ccc(C)cc1,O=S(=O)(NS(=O)(=O)C(F)(F)F)C(F)(F)F,CCCCCC[n+]1ccc(C)cc1.O=S(=O)(NS(=O)(=O)C(F)(F)F)C(F)(F)F,exclude,1,0,False,neutral_component_or_incorrect_ion_role
vis,non_test,4753,CCCCCC[n+]1ccc(C)cc1,O=S(=O)(NS(=O)(=O)C(F)(F)F)C(F)(F)F,CCCCCC[n+]1ccc(C)cc1.O=S(=O)(NS(=O)(=O)C(F)(F)F)C(F)(F)F,exclude,1,0,False,neutral_component_or_incorrect_ion_role
vis,non_test,4754,CCCCCC[n+]1ccc(C)cc1,O=S(=O)(NS(=O)(=O)C(F)(F)F)C(F)(F)F,CCCCCC[n+]1ccc(C)cc1.O=S(=O)(NS(=O)(=O)C(F)(F)F)C(F)(F)F,exclude,1,0,False,neutral_component_or_incorrect_ion_role
vis,non_test,4755,CCCCCC[n+]1ccc(C)cc1,O=S(=O)(NS(=O)(=O)C(F)(F)F)C(F)(F)F,CCCCCC[n+]1ccc(C)cc1.O=S(=O)(NS(=O)(=O)C(F)(F)F)C(F)(F)F,exclude,1,0,False,neutral_component_or_incorrect_ion_role
vis,non_test,4756,CCCCCC[n+]1ccc(C)cc1,O=S(=O)(NS(=O)(=O)C(F)(F)F)C(F)(F)F,CCCCCC[n+]1ccc(C)cc1.O=S(=O)(NS(=O)(=O)C(F)(F)F)C(F)(F)F,exclude,1,0,False,neutral_component_or_incorrect_ion_role
vis,non_test,4757,CCCCCC[n+]1ccc(C)cc1,O=S(=O)(NS(=O)(=O)C(F)(F)F)C(F)(F)F,CCCCCC[n+]1ccc(C)cc1.O=S(=O)(NS(=O)(=O)C(F)(F)F)C(F)(F)F,exclude,1,0,False,neutral_component_or_incorrect_ion_role
vis,non_test,4758,CCCCCC[n+]1ccc(C)cc1,O=S(=O)(NS(=O)(=O)C(F)(F)F)C(F)(F)F,CCCCCC[n+]1ccc(C)cc1.O=S(=O)(NS(=O)(=O)C(F)(F)F)C(F)(F)F,exclude,1,0,False,neutral_component_or_incorrect_ion_role
vis,non_test,4759,CCCCCC[n+]1ccc(C)cc1,O=S(=O)(NS(=O)(=O)C(F)(F)F)C(F)(F)F,CCCCCC[n+]1ccc(C)cc1.O=S(=O)(NS(=O)(=O)C(F)(F)F)C(F)(F)F,exclude,1,0,False,neutral_component_or_incorrect_ion_role
vis,non_test,4760,CCCCCC[n+]1ccc(C)cc1,O=S(=O)(NS(=O)(=O)C(F)(F)F)C(F)(F)F,CCCCCC[n+]1ccc(C)cc1.O=S(=O)(NS(=O)(=O)C(F)(F)F)C(F)(F)F,exclude,1,0,False,neutral_component_or_incorrect_ion_role
vis,non_test,3912,CCCCn1cc[n+](C)c1,N#CS[Al-3](SC#N)(SC#N)(SC#N)(SC#N)SC#N,CCCCn1cc[n+](C)c1.N#CS[Al-3](SC#N)(SC#N)(SC#N)(SC#N)SC#N,exclude,1,-3,False,multivalent_salt_requires_explicit_stoichiometry
vis,non_test,3913,CCCCn1cc[n+](C)c1,N#CS[Al-3](SC#N)(SC#N)(SC#N)(SC#N)SC#N,CCCCn1cc[n+](C)c1.N#CS[Al-3](SC#N)(SC#N)(SC#N)(SC#N)SC#N,exclude,1,-3,False,multivalent_salt_requires_explicit_stoichiometry
vis,non_test,3914,CCCCn1cc[n+](C)c1,N#CS[Al-3](SC#N)(SC#N)(SC#N)(SC#N)SC#N,CCCCn1cc[n+](C)c1.N#CS[Al-3](SC#N)(SC#N)(SC#N)(SC#N)SC#N,exclude,1,-3,False,multivalent_salt_requires_explicit_stoichiometry
vis,non_test,3915,CCCCn1cc[n+](C)c1,N#CS[Al-3](SC#N)(SC#N)(SC#N)(SC#N)SC#N,CCCCn1cc[n+](C)c1.N#CS[Al-3](SC#N)(SC#N)(SC#N)(SC#N)SC#N,exclude,1,-3,False,multivalent_salt_requires_explicit_stoichiometry
vis,non_test,3916,CCCCn1cc[n+](C)c1,N#CS[Al-3](SC#N)(SC#N)(SC#N)(SC#N)SC#N,CCCCn1cc[n+](C)c1.N#CS[Al-3](SC#N)(SC#N)(SC#N)(SC#N)SC#N,exclude,1,-3,False,multivalent_salt_requires_explicit_stoichiometry
vis,non_test,3917,CCCCn1cc[n+](C)c1,N#CS[Al-3](SC#N)(SC#N)(SC#N)(SC#N)SC#N,CCCCn1cc[n+](C)c1.N#CS[Al-3](SC#N)(SC#N)(SC#N)(SC#N)SC#N,exclude,1,-3,False,multivalent_salt_requires_explicit_stoichiometry
vis,non_test,3918,CCCCn1cc[n+](C)c1,N#CS[Al-3](SC#N)(SC#N)(SC#N)(SC#N)SC#N,CCCCn1cc[n+](C)c1.N#CS[Al-3](SC#N)(SC#N)(SC#N)(SC#N)SC#N,exclude,1,-3,False,multivalent_salt_requires_explicit_stoichiometry
vis,non_test,3919,CCCCn1cc[n+](C)c1,N#CS[Al-3](SC#N)(SC#N)(SC#N)(SC#N)SC#N,CCCCn1cc[n+](C)c1.N#CS[Al-3](SC#N)(SC#N)(SC#N)(SC#N)SC#N,exclude,1,-3,False,multivalent_salt_requires_explicit_stoichiometry
vis,non_test,3920,CCCCn1cc[n+](C)c1,N#CS[Al-3](SC#N)(SC#N)(SC#N)(SC#N)SC#N,CCCCn1cc[n+](C)c1.N#CS[Al-3](SC#N)(SC#N)(SC#N)(SC#N)SC#N,exclude,1,-3,False,multivalent_salt_requires_explicit_stoichiometry
vis,non_test,3921,CCCCn1cc[n+](C)c1,N#CS[Al-3](SC#N)(SC#N)(SC#N)(SC#N)SC#N,CCCCn1cc[n+](C)c1.N#CS[Al-3](SC#N)(SC#N)(SC#N)(SC#N)SC#N,exclude,1,-3,False,multivalent_salt_requires_explicit_stoichiometry
vis,non_test,3922,CCCCn1cc[n+](C)c1,N#CS[Al-3](SC#N)(SC#N)(SC#N)(SC#N)SC#N,CCCCn1cc[n+](C)c1.N#CS[Al-3](SC#N)(SC#N)(SC#N)(SC#N)SC#N,exclude,1,-3,False,multivalent_salt_requires_explicit_stoichiometry
vis,non_test,3923,CCCCn1cc[n+](C)c1,N#CS[Al-3](SC#N)(SC#N)(SC#N)(SC#N)SC#N,CCCCn1cc[n+](C)c1.N#CS[Al-3](SC#N)(SC#N)(SC#N)(SC#N)SC#N,exclude,1,-3,False,multivalent_salt_requires_explicit_stoichiometry
vis,non_test,3924,CCCCn1cc[n+](C)c1,N#CS[Al-3](SC#N)(SC#N)(SC#N)(SC#N)SC#N,CCCCn1cc[n+](C)c1.N#CS[Al-3](SC#N)(SC#N)(SC#N)(SC#N)SC#N,exclude,1,-3,False,multivalent_salt_requires_explicit_stoichiometry
vis,non_test,3925,CCCCn1cc[n+](C)c1,N#CS[Al-3](SC#N)(SC#N)(SC#N)(SC#N)SC#N,CCCCn1cc[n+](C)c1.N#CS[Al-3](SC#N)(SC#N)(SC#N)(SC#N)SC#N,exclude,1,-3,False,multivalent_salt_requires_explicit_stoichiometry
vis,non_test,3926,CCCCn1cc[n+](C)c1,N#CS[Al-3](SC#N)(SC#N)(SC#N)(SC#N)SC#N,CCCCn1cc[n+](C)c1.N#CS[Al-3](SC#N)(SC#N)(SC#N)(SC#N)SC#N,exclude,1,-3,False,multivalent_salt_requires_explicit_stoichiometry
vis,non_test,3927,CCCCn1cc[n+](C)c1,N#CS[Al-3](SC#N)(SC#N)(SC#N)(SC#N)SC#N,CCCCn1cc[n+](C)c1.N#CS[Al-3](SC#N)(SC#N)(SC#N)(SC#N)SC#N,exclude,1,-3,False,multivalent_salt_requires_explicit_stoichiometry
vis,non_test,3928,CCCCn1cc[n+](C)c1,N#CS[Al-3](SC#N)(SC#N)(SC#N)(SC#N)SC#N,CCCCn1cc[n+](C)c1.N#CS[Al-3](SC#N)(SC#N)(SC#N)(SC#N)SC#N,exclude,1,-3,False,multivalent_salt_requires_explicit_stoichiometry
vis,non_test,9682,CC[n+]1ccccc1,N#CNC#N,CC[n+]1ccccc1.N#CNC#N,exclude,1,0,False,neutral_component_or_incorrect_ion_role
vis,non_test,9683,CC[n+]1ccccc1,N#CNC#N,CC[n+]1ccccc1.N#CNC#N,exclude,1,0,False,neutral_component_or_incorrect_ion_role
vis,non_test,9684,CC[n+]1ccccc1,N#CNC#N,CC[n+]1ccccc1.N#CNC#N,exclude,1,0,False,neutral_component_or_incorrect_ion_role
vis,non_test,9685,CC[n+]1ccccc1,N#CNC#N,CC[n+]1ccccc1.N#CNC#N,exclude,1,0,False,neutral_component_or_incorrect_ion_role
vis,non_test,9686,CC[n+]1ccccc1,N#CNC#N,CC[n+]1ccccc1.N#CNC#N,exclude,1,0,False,neutral_component_or_incorrect_ion_role
vis,non_test,9687,CC[n+]1ccccc1,N#CNC#N,CC[n+]1ccccc1.N#CNC#N,exclude,1,0,False,neutral_component_or_incorrect_ion_role
vis,non_test,9688,CC[n+]1ccccc1,N#CNC#N,CC[n+]1ccccc1.N#CNC#N,exclude,1,0,False,neutral_component_or_incorrect_ion_role
vis,non_test,9689,CC[n+]1ccccc1,N#CNC#N,CC[n+]1ccccc1.N#CNC#N,exclude,1,0,False,neutral_component_or_incorrect_ion_role
vis,non_test,9690,CC[n+]1ccccc1,N#CNC#N,CC[n+]1ccccc1.N#CNC#N,exclude,1,0,False,neutral_component_or_incorrect_ion_role
vis,non_test,4930,C[n+]1ccn(CCCl)c1,N#CNC#N,C[n+]1ccn(CCCl)c1.N#CNC#N,exclude,1,0,False,neutral_component_or_incorrect_ion_role
vis,non_test,4931,C[n+]1ccn(CCCl)c1,N#CNC#N,C[n+]1ccn(CCCl)c1.N#CNC#N,exclude,1,0,False,neutral_component_or_incorrect_ion_role
vis,non_test,4932,C[n+]1ccn(CCCl)c1,N#CNC#N,C[n+]1ccn(CCCl)c1.N#CNC#N,exclude,1,0,False,neutral_component_or_incorrect_ion_role
vis,non_test,4933,C[n+]1ccn(CCCl)c1,N#CNC#N,C[n+]1ccn(CCCl)c1.N#CNC#N,exclude,1,0,False,neutral_component_or_incorrect_ion_role
vis,non_test,4934,C[n+]1ccn(CCCl)c1,N#CNC#N,C[n+]1ccn(CCCl)c1.N#CNC#N,exclude,1,0,False,neutral_component_or_incorrect_ion_role
vis,non_test,4935,C[n+]1ccn(CCCl)c1,N#CNC#N,C[n+]1ccn(CCCl)c1.N#CNC#N,exclude,1,0,False,neutral_component_or_incorrect_ion_role
vis,non_test,4936,C[n+]1ccn(CCCl)c1,N#CNC#N,C[n+]1ccn(CCCl)c1.N#CNC#N,exclude,1,0,False,neutral_component_or_incorrect_ion_role
vis,non_test,4937,C[n+]1ccn(CCCl)c1,N#CNC#N,C[n+]1ccn(CCCl)c1.N#CNC#N,exclude,1,0,False,neutral_component_or_incorrect_ion_role
vis,non_test,4938,C[n+]1ccn(CCCl)c1,N#CNC#N,C[n+]1ccn(CCCl)c1.N#CNC#N,exclude,1,0,False,neutral_component_or_incorrect_ion_role
vis,non_test,4939,C[n+]1ccn(CCCl)c1,N#CNC#N,C[n+]1ccn(CCCl)c1.N#CNC#N,exclude,1,0,False,neutral_component_or_incorrect_ion_role
vis,non_test,4940,C[n+]1ccn(CCCl)c1,N#CNC#N,C[n+]1ccn(CCCl)c1.N#CNC#N,exclude,1,0,False,neutral_component_or_incorrect_ion_role
vis,non_test,4941,C[n+]1ccn(CCCl)c1,N#CNC#N,C[n+]1ccn(CCCl)c1.N#CNC#N,exclude,1,0,False,neutral_component_or_incorrect_ion_role
vis,non_test,4942,C[n+]1ccn(CCCl)c1,N#CNC#N,C[n+]1ccn(CCCl)c1.N#CNC#N,exclude,1,0,False,neutral_component_or_incorrect_ion_role
vis,non_test,4943,C[n+]1ccn(CCCl)c1,N#CNC#N,C[n+]1ccn(CCCl)c1.N#CNC#N,exclude,1,0,False,neutral_component_or_incorrect_ion_role
vis,non_test,4944,C[n+]1ccn(CCCl)c1,N#CNC#N,C[n+]1ccn(CCCl)c1.N#CNC#N,exclude,1,0,False,neutral_component_or_incorrect_ion_role
vis,non_test,10780,CCn1cc[n+](CCOC)c1,O=S(=O)(NS(=O)(=O)C(F)(F)F)C(F)(F)F,CCn1cc[n+](CCOC)c1.O=S(=O)(NS(=O)(=O)C(F)(F)F)C(F)(F)F,exclude,1,0,False,neutral_component_or_incorrect_ion_role
vis,non_test,10781,CCn1cc[n+](CCOC)c1,O=S(=O)(NS(=O)(=O)C(F)(F)F)C(F)(F)F,CCn1cc[n+](CCOC)c1.O=S(=O)(NS(=O)(=O)C(F)(F)F)C(F)(F)F,exclude,1,0,False,neutral_component_or_incorrect_ion_role
vis,non_test,10782,CCn1cc[n+](CCOC)c1,O=S(=O)(NS(=O)(=O)C(F)(F)F)C(F)(F)F,CCn1cc[n+](CCOC)c1.O=S(=O)(NS(=O)(=O)C(F)(F)F)C(F)(F)F,exclude,1,0,False,neutral_component_or_incorrect_ion_role
vis,non_test,10783,CCn1cc[n+](CCOC)c1,O=S(=O)(NS(=O)(=O)C(F)(F)F)C(F)(F)F,CCn1cc[n+](CCOC)c1.O=S(=O)(NS(=O)(=O)C(F)(F)F)C(F)(F)F,exclude,1,0,False,neutral_component_or_incorrect_ion_role
vis,non_test,10784,CCn1cc[n+](CCOC)c1,O=S(=O)(NS(=O)(=O)C(F)(F)F)C(F)(F)F,CCn1cc[n+](CCOC)c1.O=S(=O)(NS(=O)(=O)C(F)(F)F)C(F)(F)F,exclude,1,0,False,neutral_component_or_incorrect_ion_role
vis,non_test,10785,CCn1cc[n+](CCOC)c1,O=S(=O)(NS(=O)(=O)C(F)(F)F)C(F)(F)F,CCn1cc[n+](CCOC)c1.O=S(=O)(NS(=O)(=O)C(F)(F)F)C(F)(F)F,exclude,1,0,False,neutral_component_or_incorrect_ion_role
vis,non_test,10786,CCn1cc[n+](CCOC)c1,O=S(=O)(NS(=O)(=O)C(F)(F)F)C(F)(F)F,CCn1cc[n+](CCOC)c1.O=S(=O)(NS(=O)(=O)C(F)(F)F)C(F)(F)F,exclude,1,0,False,neutral_component_or_incorrect_ion_role
vis,non_test,5487,Cn1cc[n+](CCC[n+]2ccn(C)c2)c1,O=S(=O)([N-]S(=O)(=O)C(F)(F)F)C(F)(F)F,Cn1cc[n+](CCC[n+]2ccn(C)c2)c1.O=S(=O)([N-]S(=O)(=O)C(F)(F)F)C(F)(F)F,exclude,2,-1,False,multivalent_salt_requires_explicit_stoichiometry
vis,non_test,5488,Cn1cc[n+](CCC[n+]2ccn(C)c2)c1,O=S(=O)([N-]S(=O)(=O)C(F)(F)F)C(F)(F)F,Cn1cc[n+](CCC[n+]2ccn(C)c2)c1.O=S(=O)([N-]S(=O)(=O)C(F)(F)F)C(F)(F)F,exclude,2,-1,False,multivalent_salt_requires_explicit_stoichiometry
vis,non_test,5489,Cn1cc[n+](CCC[n+]2ccn(C)c2)c1,O=S(=O)([N-]S(=O)(=O)C(F)(F)F)C(F)(F)F,Cn1cc[n+](CCC[n+]2ccn(C)c2)c1.O=S(=O)([N-]S(=O)(=O)C(F)(F)F)C(F)(F)F,exclude,2,-1,False,multivalent_salt_requires_explicit_stoichiometry
vis,non_test,5490,Cn1cc[n+](CCC[n+]2ccn(C)c2)c1,O=S(=O)([N-]S(=O)(=O)C(F)(F)F)C(F)(F)F,Cn1cc[n+](CCC[n+]2ccn(C)c2)c1.O=S(=O)([N-]S(=O)(=O)C(F)(F)F)C(F)(F)F,exclude,2,-1,False,multivalent_salt_requires_explicit_stoichiometry
vis,non_test,5491,Cn1cc[n+](CCC[n+]2ccn(C)c2)c1,O=S(=O)([N-]S(=O)(=O)C(F)(F)F)C(F)(F)F,Cn1cc[n+](CCC[n+]2ccn(C)c2)c1.O=S(=O)([N-]S(=O)(=O)C(F)(F)F)C(F)(F)F,exclude,2,-1,False,multivalent_salt_requires_explicit_stoichiometry
vis,non_test,5492,Cn1cc[n+](CCC[n+]2ccn(C)c2)c1,O=S(=O)([N-]S(=O)(=O)C(F)(F)F)C(F)(F)F,Cn1cc[n+](CCC[n+]2ccn(C)c2)c1.O=S(=O)([N-]S(=O)(=O)C(F)(F)F)C(F)(F)F,exclude,2,-1,False,multivalent_salt_requires_explicit_stoichiometry
vis,non_test,5493,Cn1cc[n+](CCC[n+]2ccn(C)c2)c1,O=S(=O)([N-]S(=O)(=O)C(F)(F)F)C(F)(F)F,Cn1cc[n+](CCC[n+]2ccn(C)c2)c1.O=S(=O)([N-]S(=O)(=O)C(F)(F)F)C(F)(F)F,exclude,2,-1,False,multivalent_salt_requires_explicit_stoichiometry
vis,non_test,5494,Cn1cc[n+](CCC[n+]2ccn(C)c2)c1,O=S(=O)([N-]S(=O)(=O)C(F)(F)F)C(F)(F)F,Cn1cc[n+](CCC[n+]2ccn(C)c2)c1.O=S(=O)([N-]S(=O)(=O)C(F)(F)F)C(F)(F)F,exclude,2,-1,False,multivalent_salt_requires_explicit_stoichiometry
vis,non_test,5495,Cn1cc[n+](CCC[n+]2ccn(C)c2)c1,O=S(=O)([N-]S(=O)(=O)C(F)(F)F)C(F)(F)F,Cn1cc[n+](CCC[n+]2ccn(C)c2)c1.O=S(=O)([N-]S(=O)(=O)C(F)(F)F)C(F)(F)F,exclude,2,-1,False,multivalent_salt_requires_explicit_stoichiometry
vis,non_test,5496,Cn1cc[n+](CCC[n+]2ccn(C)c2)c1,O=S(=O)([N-]S(=O)(=O)C(F)(F)F)C(F)(F)F,Cn1cc[n+](CCC[n+]2ccn(C)c2)c1.O=S(=O)([N-]S(=O)(=O)C(F)(F)F)C(F)(F)F,exclude,2,-1,False,multivalent_salt_requires_explicit_stoichiometry
vis,non_test,5497,Cn1cc[n+](CCC[n+]2ccn(C)c2)c1,O=S(=O)([N-]S(=O)(=O)C(F)(F)F)C(F)(F)F,Cn1cc[n+](CCC[n+]2ccn(C)c2)c1.O=S(=O)([N-]S(=O)(=O)C(F)(F)F)C(F)(F)F,exclude,2,-1,False,multivalent_salt_requires_explicit_stoichiometry
vis,non_test,5498,Cn1cc[n+](CCC[n+]2ccn(C)c2)c1,O=S(=O)([N-]S(=O)(=O)C(F)(F)F)C(F)(F)F,Cn1cc[n+](CCC[n+]2ccn(C)c2)c1.O=S(=O)([N-]S(=O)(=O)C(F)(F)F)C(F)(F)F,exclude,2,-1,False,multivalent_salt_requires_explicit_stoichiometry
vis,non_test,5499,Cn1cc[n+](CCC[n+]2ccn(C)c2)c1,O=S(=O)([N-]S(=O)(=O)C(F)(F)F)C(F)(F)F,Cn1cc[n+](CCC[n+]2ccn(C)c2)c1.O=S(=O)([N-]S(=O)(=O)C(F)(F)F)C(F)(F)F,exclude,2,-1,False,multivalent_salt_requires_explicit_stoichiometry
vis,non_test,5500,Cn1cc[n+](CCC[n+]2ccn(C)c2)c1,O=S(=O)([N-]S(=O)(=O)C(F)(F)F)C(F)(F)F,Cn1cc[n+](CCC[n+]2ccn(C)c2)c1.O=S(=O)([N-]S(=O)(=O)C(F)(F)F)C(F)(F)F,exclude,2,-1,False,multivalent_salt_requires_explicit_stoichiometry
vis,non_test,5501,Cn1cc[n+](CCC[n+]2ccn(C)c2)c1,O=S(=O)([N-]S(=O)(=O)C(F)(F)F)C(F)(F)F,Cn1cc[n+](CCC[n+]2ccn(C)c2)c1.O=S(=O)([N-]S(=O)(=O)C(F)(F)F)C(F)(F)F,exclude,2,-1,False,multivalent_salt_requires_explicit_stoichiometry
vis,non_test,5502,Cn1cc[n+](CCC[n+]2ccn(C)c2)c1,O=S(=O)([N-]S(=O)(=O)C(F)(F)F)C(F)(F)F,Cn1cc[n+](CCC[n+]2ccn(C)c2)c1.O=S(=O)([N-]S(=O)(=O)C(F)(F)F)C(F)(F)F,exclude,2,-1,False,multivalent_salt_requires_explicit_stoichiometry
vis,non_test,5503,Cn1cc[n+](CCC[n+]2ccn(C)c2)c1,O=S(=O)([N-]S(=O)(=O)C(F)(F)F)C(F)(F)F,Cn1cc[n+](CCC[n+]2ccn(C)c2)c1.O=S(=O)([N-]S(=O)(=O)C(F)(F)F)C(F)(F)F,exclude,2,-1,False,multivalent_salt_requires_explicit_stoichiometry
vis,non_test,5504,Cn1cc[n+](CCC[n+]2ccn(C)c2)c1,O=S(=O)([N-]S(=O)(=O)C(F)(F)F)C(F)(F)F,Cn1cc[n+](CCC[n+]2ccn(C)c2)c1.O=S(=O)([N-]S(=O)(=O)C(F)(F)F)C(F)(F)F,exclude,2,-1,False,multivalent_salt_requires_explicit_stoichiometry
vis,non_test,5505,Cn1cc[n+](CCC[n+]2ccn(C)c2)c1,O=S(=O)([N-]S(=O)(=O)C(F)(F)F)C(F)(F)F,Cn1cc[n+](CCC[n+]2ccn(C)c2)c1.O=S(=O)([N-]S(=O)(=O)C(F)(F)F)C(F)(F)F,exclude,2,-1,False,multivalent_salt_requires_explicit_stoichiometry
vis,non_test,5506,Cn1cc[n+](CCC[n+]2ccn(C)c2)c1,O=S(=O)([N-]S(=O)(=O)C(F)(F)F)C(F)(F)F,Cn1cc[n+](CCC[n+]2ccn(C)c2)c1.O=S(=O)([N-]S(=O)(=O)C(F)(F)F)C(F)(F)F,exclude,2,-1,False,multivalent_salt_requires_explicit_stoichiometry
vis,non_test,5507,Cn1cc[n+](CCC[n+]2ccn(C)c2)c1,O=S(=O)([N-]S(=O)(=O)C(F)(F)F)C(F)(F)F,Cn1cc[n+](CCC[n+]2ccn(C)c2)c1.O=S(=O)([N-]S(=O)(=O)C(F)(F)F)C(F)(F)F,exclude,2,-1,False,multivalent_salt_requires_explicit_stoichiometry
vis,non_test,5508,Cn1cc[n+](CCC[n+]2ccn(C)c2)c1,O=S(=O)([N-]S(=O)(=O)C(F)(F)F)C(F)(F)F,Cn1cc[n+](CCC[n+]2ccn(C)c2)c1.O=S(=O)([N-]S(=O)(=O)C(F)(F)F)C(F)(F)F,exclude,2,-1,False,multivalent_salt_requires_explicit_stoichiometry
vis,non_test,5509,Cn1cc[n+](CCC[n+]2ccn(C)c2)c1,O=S(=O)([N-]S(=O)(=O)C(F)(F)F)C(F)(F)F,Cn1cc[n+](CCC[n+]2ccn(C)c2)c1.O=S(=O)([N-]S(=O)(=O)C(F)(F)F)C(F)(F)F,exclude,2,-1,False,multivalent_salt_requires_explicit_stoichiometry
vis,non_test,5510,Cn1cc[n+](CCC[n+]2ccn(C)c2)c1,O=S(=O)([N-]S(=O)(=O)C(F)(F)F)C(F)(F)F,Cn1cc[n+](CCC[n+]2ccn(C)c2)c1.O=S(=O)([N-]S(=O)(=O)C(F)(F)F)C(F)(F)F,exclude,2,-1,False,multivalent_salt_requires_explicit_stoichiometry
vis,non_test,5511,Cn1cc[n+](CCC[n+]2ccn(C)c2)c1,O=S(=O)([N-]S(=O)(=O)C(F)(F)F)C(F)(F)F,Cn1cc[n+](CCC[n+]2ccn(C)c2)c1.O=S(=O)([N-]S(=O)(=O)C(F)(F)F)C(F)(F)F,exclude,2,-1,False,multivalent_salt_requires_explicit_stoichiometry
vis,non_test,5512,Cn1cc[n+](CCC[n+]2ccn(C)c2)c1,O=S(=O)([N-]S(=O)(=O)C(F)(F)F)C(F)(F)F,Cn1cc[n+](CCC[n+]2ccn(C)c2)c1.O=S(=O)([N-]S(=O)(=O)C(F)(F)F)C(F)(F)F,exclude,2,-1,False,multivalent_salt_requires_explicit_stoichiometry
vis,non_test,5513,Cn1cc[n+](CCC[n+]2ccn(C)c2)c1,O=S(=O)([N-]S(=O)(=O)C(F)(F)F)C(F)(F)F,Cn1cc[n+](CCC[n+]2ccn(C)c2)c1.O=S(=O)([N-]S(=O)(=O)C(F)(F)F)C(F)(F)F,exclude,2,-1,False,multivalent_salt_requires_explicit_stoichiometry
vis,non_test,5514,Cn1cc[n+](CCC[n+]2ccn(C)c2)c1,O=S(=O)([N-]S(=O)(=O)C(F)(F)F)C(F)(F)F,Cn1cc[n+](CCC[n+]2ccn(C)c2)c1.O=S(=O)([N-]S(=O)(=O)C(F)(F)F)C(F)(F)F,exclude,2,-1,False,multivalent_salt_requires_explicit_stoichiometry
vis,non_test,8728,CCCCCC[n+]1cc(C)cc(C)c1C,O=S(=O)(NS(=O)(=O)C(F)(F)F)C(F)(F)F,CCCCCC[n+]1cc(C)cc(C)c1C.O=S(=O)(NS(=O)(=O)C(F)(F)F)C(F)(F)F,exclude,1,0,False,neutral_component_or_incorrect_ion_role
vis,non_test,8729,CCCCCC[n+]1cc(C)cc(C)c1C,O=S(=O)(NS(=O)(=O)C(F)(F)F)C(F)(F)F,CCCCCC[n+]1cc(C)cc(C)c1C.O=S(=O)(NS(=O)(=O)C(F)(F)F)C(F)(F)F,exclude,1,0,False,neutral_component_or_incorrect_ion_role
vis,non_test,8730,CCCCCC[n+]1cc(C)cc(C)c1C,O=S(=O)(NS(=O)(=O)C(F)(F)F)C(F)(F)F,CCCCCC[n+]1cc(C)cc(C)c1C.O=S(=O)(NS(=O)(=O)C(F)(F)F)C(F)(F)F,exclude,1,0,False,neutral_component_or_incorrect_ion_role
vis,non_test,8731,CCCCCC[n+]1cc(C)cc(C)c1C,O=S(=O)(NS(=O)(=O)C(F)(F)F)C(F)(F)F,CCCCCC[n+]1cc(C)cc(C)c1C.O=S(=O)(NS(=O)(=O)C(F)(F)F)C(F)(F)F,exclude,1,0,False,neutral_component_or_incorrect_ion_role
vis,non_test,8732,CCCCCC[n+]1cc(C)cc(C)c1C,O=S(=O)(NS(=O)(=O)C(F)(F)F)C(F)(F)F,CCCCCC[n+]1cc(C)cc(C)c1C.O=S(=O)(NS(=O)(=O)C(F)(F)F)C(F)(F)F,exclude,1,0,False,neutral_component_or_incorrect_ion_role
vis,non_test,8733,CCCCCC[n+]1cc(C)cc(C)c1C,O=S(=O)(NS(=O)(=O)C(F)(F)F)C(F)(F)F,CCCCCC[n+]1cc(C)cc(C)c1C.O=S(=O)(NS(=O)(=O)C(F)(F)F)C(F)(F)F,exclude,1,0,False,neutral_component_or_incorrect_ion_role
vis,non_test,8734,CCCCCC[n+]1cc(C)cc(C)c1C,O=S(=O)(NS(=O)(=O)C(F)(F)F)C(F)(F)F,CCCCCC[n+]1cc(C)cc(C)c1C.O=S(=O)(NS(=O)(=O)C(F)(F)F)C(F)(F)F,exclude,1,0,False,neutral_component_or_incorrect_ion_role
vis,non_test,8735,CCCCCC[n+]1cc(C)cc(C)c1C,O=S(=O)(NS(=O)(=O)C(F)(F)F)C(F)(F)F,CCCCCC[n+]1cc(C)cc(C)c1C.O=S(=O)(NS(=O)(=O)C(F)(F)F)C(F)(F)F,exclude,1,0,False,neutral_component_or_incorrect_ion_role
vis,non_test,8736,CCCCCC[n+]1cc(C)cc(C)c1C,O=S(=O)(NS(=O)(=O)C(F)(F)F)C(F)(F)F,CCCCCC[n+]1cc(C)cc(C)c1C.O=S(=O)(NS(=O)(=O)C(F)(F)F)C(F)(F)F,exclude,1,0,False,neutral_component_or_incorrect_ion_role
vis,non_test,8737,CCCCCC[n+]1cc(C)cc(C)c1C,O=S(=O)(NS(=O)(=O)C(F)(F)F)C(F)(F)F,CCCCCC[n+]1cc(C)cc(C)c1C.O=S(=O)(NS(=O)(=O)C(F)(F)F)C(F)(F)F,exclude,1,0,False,neutral_component_or_incorrect_ion_role
vis,non_test,5650,C=C([NH3+])[NH2+]CCCCCC,O=C([O-])C(F)(F)F,C=C([NH3+])[NH2+]CCCCCC.O=C([O-])C(F)(F)F,exclude,2,-1,False,multivalent_salt_requires_explicit_stoichiometry
vis,non_test,5651,C=C([NH3+])[NH2+]CCCCCC,O=C([O-])C(F)(F)F,C=C([NH3+])[NH2+]CCCCCC.O=C([O-])C(F)(F)F,exclude,2,-1,False,multivalent_salt_requires_explicit_stoichiometry
vis,non_test,5652,C=C([NH3+])[NH2+]CCCCCC,O=C([O-])C(F)(F)F,C=C([NH3+])[NH2+]CCCCCC.O=C([O-])C(F)(F)F,exclude,2,-1,False,multivalent_salt_requires_explicit_stoichiometry
vis,non_test,5653,C=C([NH3+])[NH2+]CCCCCC,O=C([O-])C(F)(F)F,C=C([NH3+])[NH2+]CCCCCC.O=C([O-])C(F)(F)F,exclude,2,-1,False,multivalent_salt_requires_explicit_stoichiometry
vis,non_test,5654,C=C([NH3+])[NH2+]CCCCCC,O=C([O-])C(F)(F)F,C=C([NH3+])[NH2+]CCCCCC.O=C([O-])C(F)(F)F,exclude,2,-1,False,multivalent_salt_requires_explicit_stoichiometry
vis,non_test,5655,C=C([NH3+])[NH2+]CCCCCC,O=C([O-])C(F)(F)F,C=C([NH3+])[NH2+]CCCCCC.O=C([O-])C(F)(F)F,exclude,2,-1,False,multivalent_salt_requires_explicit_stoichiometry
vis,non_test,5656,C=C([NH3+])[NH2+]CCCCCC,O=C([O-])C(F)(F)F,C=C([NH3+])[NH2+]CCCCCC.O=C([O-])C(F)(F)F,exclude,2,-1,False,multivalent_salt_requires_explicit_stoichiometry
vis,non_test,5657,C=C([NH3+])[NH2+]CCCCCC,O=C([O-])C(F)(F)F,C=C([NH3+])[NH2+]CCCCCC.O=C([O-])C(F)(F)F,exclude,2,-1,False,multivalent_salt_requires_explicit_stoichiometry
vis,non_test,5658,C=C([NH3+])[NH2+]CCCCCC,O=C([O-])C(F)(F)F,C=C([NH3+])[NH2+]CCCCCC.O=C([O-])C(F)(F)F,exclude,2,-1,False,multivalent_salt_requires_explicit_stoichiometry
vis,non_test,5659,C=C([NH3+])[NH2+]CCCCCC,O=C([O-])C(F)(F)F,C=C([NH3+])[NH2+]CCCCCC.O=C([O-])C(F)(F)F,exclude,2,-1,False,multivalent_salt_requires_explicit_stoichiometry
vis,non_test,5660,C=C([NH3+])[NH2+]CCCCCC,O=C([O-])C(F)(F)F,C=C([NH3+])[NH2+]CCCCCC.O=C([O-])C(F)(F)F,exclude,2,-1,False,multivalent_salt_requires_explicit_stoichiometry
vis,non_test,5661,C=C([NH3+])[NH2+]CCCCCC,O=C([O-])C(F)(F)F,C=C([NH3+])[NH2+]CCCCCC.O=C([O-])C(F)(F)F,exclude,2,-1,False,multivalent_salt_requires_explicit_stoichiometry
vis,non_test,5662,C=C([NH3+])[NH2+]CCCCCC,O=C([O-])C(F)(F)F,C=C([NH3+])[NH2+]CCCCCC.O=C([O-])C(F)(F)F,exclude,2,-1,False,multivalent_salt_requires_explicit_stoichiometry
vis,non_test,6982,C=CC[N+](C)(C)CC,N#CNC#N,C=CC[N+](C)(C)CC.N#CNC#N,exclude,1,0,False,neutral_component_or_incorrect_ion_role
vis,non_test,6983,C=CC[N+](C)(C)CC,N#CNC#N,C=CC[N+](C)(C)CC.N#CNC#N,exclude,1,0,False,neutral_component_or_incorrect_ion_role
vis,non_test,6984,C=CC[N+](C)(C)CC,N#CNC#N,C=CC[N+](C)(C)CC.N#CNC#N,exclude,1,0,False,neutral_component_or_incorrect_ion_role
vis,non_test,6985,C=CC[N+](C)(C)CC,N#CNC#N,C=CC[N+](C)(C)CC.N#CNC#N,exclude,1,0,False,neutral_component_or_incorrect_ion_role
vis,non_test,6986,C=CC[N+](C)(C)CC,N#CNC#N,C=CC[N+](C)(C)CC.N#CNC#N,exclude,1,0,False,neutral_component_or_incorrect_ion_role
vis,non_test,6987,C=CC[N+](C)(C)CC,N#CNC#N,C=CC[N+](C)(C)CC.N#CNC#N,exclude,1,0,False,neutral_component_or_incorrect_ion_role
vis,non_test,6988,C=CC[N+](C)(C)CC,N#CNC#N,C=CC[N+](C)(C)CC.N#CNC#N,exclude,1,0,False,neutral_component_or_incorrect_ion_role
vis,non_test,6989,C=CC[N+](C)(C)CC,N#CNC#N,C=CC[N+](C)(C)CC.N#CNC#N,exclude,1,0,False,neutral_component_or_incorrect_ion_role
vis,non_test,6990,C=CC[N+](C)(C)CC,N#CNC#N,C=CC[N+](C)(C)CC.N#CNC#N,exclude,1,0,False,neutral_component_or_incorrect_ion_role
vis,non_test,6991,C=CC[N+](C)(C)CC,N#CNC#N,C=CC[N+](C)(C)CC.N#CNC#N,exclude,1,0,False,neutral_component_or_incorrect_ion_role
vis,non_test,6992,C=CC[N+](C)(C)CC,N#CNC#N,C=CC[N+](C)(C)CC.N#CNC#N,exclude,1,0,False,neutral_component_or_incorrect_ion_role
vis,non_test,6993,C=CC[N+](C)(C)CC,N#CNC#N,C=CC[N+](C)(C)CC.N#CNC#N,exclude,1,0,False,neutral_component_or_incorrect_ion_role
vis,non_test,8688,CCCCCC[n+]1cc(C)cc(C)c1CCCCC,O=S(=O)(NS(=O)(=O)C(F)(F)F)C(F)(F)F,CCCCCC[n+]1cc(C)cc(C)c1CCCCC.O=S(=O)(NS(=O)(=O)C(F)(F)F)C(F)(F)F,exclude,1,0,False,neutral_component_or_incorrect_ion_role
vis,non_test,8689,CCCCCC[n+]1cc(C)cc(C)c1CCCCC,O=S(=O)(NS(=O)(=O)C(F)(F)F)C(F)(F)F,CCCCCC[n+]1cc(C)cc(C)c1CCCCC.O=S(=O)(NS(=O)(=O)C(F)(F)F)C(F)(F)F,exclude,1,0,False,neutral_component_or_incorrect_ion_role
vis,non_test,8690,CCCCCC[n+]1cc(C)cc(C)c1CCCCC,O=S(=O)(NS(=O)(=O)C(F)(F)F)C(F)(F)F,CCCCCC[n+]1cc(C)cc(C)c1CCCCC.O=S(=O)(NS(=O)(=O)C(F)(F)F)C(F)(F)F,exclude,1,0,False,neutral_component_or_incorrect_ion_role
vis,non_test,8691,CCCCCC[n+]1cc(C)cc(C)c1CCCCC,O=S(=O)(NS(=O)(=O)C(F)(F)F)C(F)(F)F,CCCCCC[n+]1cc(C)cc(C)c1CCCCC.O=S(=O)(NS(=O)(=O)C(F)(F)F)C(F)(F)F,exclude,1,0,False,neutral_component_or_incorrect_ion_role
vis,non_test,8692,CCCCCC[n+]1cc(C)cc(C)c1CCCCC,O=S(=O)(NS(=O)(=O)C(F)(F)F)C(F)(F)F,CCCCCC[n+]1cc(C)cc(C)c1CCCCC.O=S(=O)(NS(=O)(=O)C(F)(F)F)C(F)(F)F,exclude,1,0,False,neutral_component_or_incorrect_ion_role
vis,non_test,8693,CCCCCC[n+]1cc(C)cc(C)c1CCCCC,O=S(=O)(NS(=O)(=O)C(F)(F)F)C(F)(F)F,CCCCCC[n+]1cc(C)cc(C)c1CCCCC.O=S(=O)(NS(=O)(=O)C(F)(F)F)C(F)(F)F,exclude,1,0,False,neutral_component_or_incorrect_ion_role
vis,non_test,8694,CCCCCC[n+]1cc(C)cc(C)c1CCCCC,O=S(=O)(NS(=O)(=O)C(F)(F)F)C(F)(F)F,CCCCCC[n+]1cc(C)cc(C)c1CCCCC.O=S(=O)(NS(=O)(=O)C(F)(F)F)C(F)(F)F,exclude,1,0,False,neutral_component_or_incorrect_ion_role
vis,non_test,8695,CCCCCC[n+]1cc(C)cc(C)c1CCCCC,O=S(=O)(NS(=O)(=O)C(F)(F)F)C(F)(F)F,CCCCCC[n+]1cc(C)cc(C)c1CCCCC.O=S(=O)(NS(=O)(=O)C(F)(F)F)C(F)(F)F,exclude,1,0,False,neutral_component_or_incorrect_ion_role
vis,non_test,8696,CCCCCC[n+]1cc(C)cc(C)c1CCCCC,O=S(=O)(NS(=O)(=O)C(F)(F)F)C(F)(F)F,CCCCCC[n+]1cc(C)cc(C)c1CCCCC.O=S(=O)(NS(=O)(=O)C(F)(F)F)C(F)(F)F,exclude,1,0,False,neutral_component_or_incorrect_ion_role
vis,non_test,8697,CCCCCC[n+]1cc(C)cc(C)c1CCCCC,O=S(=O)(NS(=O)(=O)C(F)(F)F)C(F)(F)F,CCCCCC[n+]1cc(C)cc(C)c1CCCCC.O=S(=O)(NS(=O)(=O)C(F)(F)F)C(F)(F)F,exclude,1,0,False,neutral_component_or_incorrect_ion_role
vis,non_test,8708,CCCCCc1c(C)cc(C)c[n+]1CCCC,O=S(=O)(NS(=O)(=O)C(F)(F)F)C(F)(F)F,CCCCCc1c(C)cc(C)c[n+]1CCCC.O=S(=O)(NS(=O)(=O)C(F)(F)F)C(F)(F)F,exclude,1,0,False,neutral_component_or_incorrect_ion_role
vis,non_test,8709,CCCCCc1c(C)cc(C)c[n+]1CCCC,O=S(=O)(NS(=O)(=O)C(F)(F)F)C(F)(F)F,CCCCCc1c(C)cc(C)c[n+]1CCCC.O=S(=O)(NS(=O)(=O)C(F)(F)F)C(F)(F)F,exclude,1,0,False,neutral_component_or_incorrect_ion_role
vis,non_test,8710,CCCCCc1c(C)cc(C)c[n+]1CCCC,O=S(=O)(NS(=O)(=O)C(F)(F)F)C(F)(F)F,CCCCCc1c(C)cc(C)c[n+]1CCCC.O=S(=O)(NS(=O)(=O)C(F)(F)F)C(F)(F)F,exclude,1,0,False,neutral_component_or_incorrect_ion_role
vis,non_test,8711,CCCCCc1c(C)cc(C)c[n+]1CCCC,O=S(=O)(NS(=O)(=O)C(F)(F)F)C(F)(F)F,CCCCCc1c(C)cc(C)c[n+]1CCCC.O=S(=O)(NS(=O)(=O)C(F)(F)F)C(F)(F)F,exclude,1,0,False,neutral_component_or_incorrect_ion_role
vis,non_test,8712,CCCCCc1c(C)cc(C)c[n+]1CCCC,O=S(=O)(NS(=O)(=O)C(F)(F)F)C(F)(F)F,CCCCCc1c(C)cc(C)c[n+]1CCCC.O=S(=O)(NS(=O)(=O)C(F)(F)F)C(F)(F)F,exclude,1,0,False,neutral_component_or_incorrect_ion_role
vis,non_test,8713,CCCCCc1c(C)cc(C)c[n+]1CCCC,O=S(=O)(NS(=O)(=O)C(F)(F)F)C(F)(F)F,CCCCCc1c(C)cc(C)c[n+]1CCCC.O=S(=O)(NS(=O)(=O)C(F)(F)F)C(F)(F)F,exclude,1,0,False,neutral_component_or_incorrect_ion_role
vis,non_test,8714,CCCCCc1c(C)cc(C)c[n+]1CCCC,O=S(=O)(NS(=O)(=O)C(F)(F)F)C(F)(F)F,CCCCCc1c(C)cc(C)c[n+]1CCCC.O=S(=O)(NS(=O)(=O)C(F)(F)F)C(F)(F)F,exclude,1,0,False,neutral_component_or_incorrect_ion_role
vis,non_test,8715,CCCCCc1c(C)cc(C)c[n+]1CCCC,O=S(=O)(NS(=O)(=O)C(F)(F)F)C(F)(F)F,CCCCCc1c(C)cc(C)c[n+]1CCCC.O=S(=O)(NS(=O)(=O)C(F)(F)F)C(F)(F)F,exclude,1,0,False,neutral_component_or_incorrect_ion_role
vis,non_test,8716,CCCCCc1c(C)cc(C)c[n+]1CCCC,O=S(=O)(NS(=O)(=O)C(F)(F)F)C(F)(F)F,CCCCCc1c(C)cc(C)c[n+]1CCCC.O=S(=O)(NS(=O)(=O)C(F)(F)F)C(F)(F)F,exclude,1,0,False,neutral_component_or_incorrect_ion_role
vis,non_test,8717,CCCCCc1c(C)cc(C)c[n+]1CCCC,O=S(=O)(NS(=O)(=O)C(F)(F)F)C(F)(F)F,CCCCCc1c(C)cc(C)c[n+]1CCCC.O=S(=O)(NS(=O)(=O)C(F)(F)F)C(F)(F)F,exclude,1,0,False,neutral_component_or_incorrect_ion_role
vis,non_test,6657,CCCCCn1cc[n+](C)c1,N#CNC#N,CCCCCn1cc[n+](C)c1.N#CNC#N,exclude,1,0,False,neutral_component_or_incorrect_ion_role
vis,non_test,6658,CCCCCn1cc[n+](C)c1,N#CNC#N,CCCCCn1cc[n+](C)c1.N#CNC#N,exclude,1,0,False,neutral_component_or_incorrect_ion_role
vis,non_test,6659,CCCCCn1cc[n+](C)c1,N#CNC#N,CCCCCn1cc[n+](C)c1.N#CNC#N,exclude,1,0,False,neutral_component_or_incorrect_ion_role
vis,non_test,6660,CCCCCn1cc[n+](C)c1,N#CNC#N,CCCCCn1cc[n+](C)c1.N#CNC#N,exclude,1,0,False,neutral_component_or_incorrect_ion_role
vis,non_test,6661,CCCCCn1cc[n+](C)c1,N#CNC#N,CCCCCn1cc[n+](C)c1.N#CNC#N,exclude,1,0,False,neutral_component_or_incorrect_ion_role
vis,non_test,6662,CCCCCn1cc[n+](C)c1,N#CNC#N,CCCCCn1cc[n+](C)c1.N#CNC#N,exclude,1,0,False,neutral_component_or_incorrect_ion_role
vis,non_test,6663,CCCCCn1cc[n+](C)c1,N#CNC#N,CCCCCn1cc[n+](C)c1.N#CNC#N,exclude,1,0,False,neutral_component_or_incorrect_ion_role
vis,non_test,6664,CCCCCn1cc[n+](C)c1,N#CNC#N,CCCCCn1cc[n+](C)c1.N#CNC#N,exclude,1,0,False,neutral_component_or_incorrect_ion_role
vis,non_test,6665,CCCCCn1cc[n+](C)c1,N#CNC#N,CCCCCn1cc[n+](C)c1.N#CNC#N,exclude,1,0,False,neutral_component_or_incorrect_ion_role
vis,non_test,6666,CCCCCn1cc[n+](C)c1,N#CNC#N,CCCCCn1cc[n+](C)c1.N#CNC#N,exclude,1,0,False,neutral_component_or_incorrect_ion_role
vis,non_test,6667,CCCCCn1cc[n+](C)c1,N#CNC#N,CCCCCn1cc[n+](C)c1.N#CNC#N,exclude,1,0,False,neutral_component_or_incorrect_ion_role
vis,non_test,6668,CCCCCn1cc[n+](C)c1,N#CNC#N,CCCCCn1cc[n+](C)c1.N#CNC#N,exclude,1,0,False,neutral_component_or_incorrect_ion_role
vis,non_test,6669,CCCCCn1cc[n+](C)c1,N#CNC#N,CCCCCn1cc[n+](C)c1.N#CNC#N,exclude,1,0,False,neutral_component_or_incorrect_ion_role
vis,non_test,8294,C=C([NH3+])[NH2+]CCCCCCCC,O=C([O-])C(F)(F)F,C=C([NH3+])[NH2+]CCCCCCCC.O=C([O-])C(F)(F)F,exclude,2,-1,False,multivalent_salt_requires_explicit_stoichiometry
vis,non_test,8295,C=C([NH3+])[NH2+]CCCCCCCC,O=C([O-])C(F)(F)F,C=C([NH3+])[NH2+]CCCCCCCC.O=C([O-])C(F)(F)F,exclude,2,-1,False,multivalent_salt_requires_explicit_stoichiometry
vis,non_test,8296,C=C([NH3+])[NH2+]CCCCCCCC,O=C([O-])C(F)(F)F,C=C([NH3+])[NH2+]CCCCCCCC.O=C([O-])C(F)(F)F,exclude,2,-1,False,multivalent_salt_requires_explicit_stoichiometry
vis,non_test,8297,C=C([NH3+])[NH2+]CCCCCCCC,O=C([O-])C(F)(F)F,C=C([NH3+])[NH2+]CCCCCCCC.O=C([O-])C(F)(F)F,exclude,2,-1,False,multivalent_salt_requires_explicit_stoichiometry
vis,non_test,8298,C=C([NH3+])[NH2+]CCCCCCCC,O=C([O-])C(F)(F)F,C=C([NH3+])[NH2+]CCCCCCCC.O=C([O-])C(F)(F)F,exclude,2,-1,False,multivalent_salt_requires_explicit_stoichiometry
vis,non_test,8299,C=C([NH3+])[NH2+]CCCCCCCC,O=C([O-])C(F)(F)F,C=C([NH3+])[NH2+]CCCCCCCC.O=C([O-])C(F)(F)F,exclude,2,-1,False,multivalent_salt_requires_explicit_stoichiometry
vis,non_test,8300,C=C([NH3+])[NH2+]CCCCCCCC,O=C([O-])C(F)(F)F,C=C([NH3+])[NH2+]CCCCCCCC.O=C([O-])C(F)(F)F,exclude,2,-1,False,multivalent_salt_requires_explicit_stoichiometry
vis,non_test,8301,C=C([NH3+])[NH2+]CCCCCCCC,O=C([O-])C(F)(F)F,C=C([NH3+])[NH2+]CCCCCCCC.O=C([O-])C(F)(F)F,exclude,2,-1,False,multivalent_salt_requires_explicit_stoichiometry
vis,non_test,8302,C=C([NH3+])[NH2+]CCCCCCCC,O=C([O-])C(F)(F)F,C=C([NH3+])[NH2+]CCCCCCCC.O=C([O-])C(F)(F)F,exclude,2,-1,False,multivalent_salt_requires_explicit_stoichiometry
vis,non_test,8303,C=C([NH3+])[NH2+]CCCCCCCC,O=C([O-])C(F)(F)F,C=C([NH3+])[NH2+]CCCCCCCC.O=C([O-])C(F)(F)F,exclude,2,-1,False,multivalent_salt_requires_explicit_stoichiometry
vis,non_test,11011,CCCCn1cc[n+](C)c1,NCCS(=O)(=O)O,CCCCn1cc[n+](C)c1.NCCS(=O)(=O)O,exclude,1,0,False,neutral_component_or_incorrect_ion_role
vis,non_test,11012,CCCCn1cc[n+](C)c1,NCCS(=O)(=O)O,CCCCn1cc[n+](C)c1.NCCS(=O)(=O)O,exclude,1,0,False,neutral_component_or_incorrect_ion_role
vis,non_test,11013,CCCCn1cc[n+](C)c1,NCCS(=O)(=O)O,CCCCn1cc[n+](C)c1.NCCS(=O)(=O)O,exclude,1,0,False,neutral_component_or_incorrect_ion_role
vis,non_test,11014,CCCCn1cc[n+](C)c1,NCCS(=O)(=O)O,CCCCn1cc[n+](C)c1.NCCS(=O)(=O)O,exclude,1,0,False,neutral_component_or_incorrect_ion_role
vis,non_test,11015,CCCCn1cc[n+](C)c1,NCCS(=O)(=O)O,CCCCn1cc[n+](C)c1.NCCS(=O)(=O)O,exclude,1,0,False,neutral_component_or_incorrect_ion_role
vis,non_test,11016,CCCCn1cc[n+](C)c1,NCCS(=O)(=O)O,CCCCn1cc[n+](C)c1.NCCS(=O)(=O)O,exclude,1,0,False,neutral_component_or_incorrect_ion_role
vis,non_test,11017,CCCCn1cc[n+](C)c1,NCCS(=O)(=O)O,CCCCn1cc[n+](C)c1.NCCS(=O)(=O)O,exclude,1,0,False,neutral_component_or_incorrect_ion_role
vis,non_test,12267,CCCCC[S+]1CCCC1,O=S(=O)(NS(=O)(=O)C(F)(F)F)C(F)(F)F,CCCCC[S+]1CCCC1.O=S(=O)(NS(=O)(=O)C(F)(F)F)C(F)(F)F,exclude,1,0,False,neutral_component_or_incorrect_ion_role
vis,non_test,11238,CCCC[n+]1ccc(C#N)cc1,O=S(=O)(NS(=O)(=O)C(F)(F)F)C(F)(F)F,CCCC[n+]1ccc(C#N)cc1.O=S(=O)(NS(=O)(=O)C(F)(F)F)C(F)(F)F,exclude,1,0,False,neutral_component_or_incorrect_ion_role
vis,non_test,11239,CCCC[n+]1ccc(C#N)cc1,O=S(=O)(NS(=O)(=O)C(F)(F)F)C(F)(F)F,CCCC[n+]1ccc(C#N)cc1.O=S(=O)(NS(=O)(=O)C(F)(F)F)C(F)(F)F,exclude,1,0,False,neutral_component_or_incorrect_ion_role
vis,non_test,11240,CCCC[n+]1ccc(C#N)cc1,O=S(=O)(NS(=O)(=O)C(F)(F)F)C(F)(F)F,CCCC[n+]1ccc(C#N)cc1.O=S(=O)(NS(=O)(=O)C(F)(F)F)C(F)(F)F,exclude,1,0,False,neutral_component_or_incorrect_ion_role
vis,non_test,11241,CCCC[n+]1ccc(C#N)cc1,O=S(=O)(NS(=O)(=O)C(F)(F)F)C(F)(F)F,CCCC[n+]1ccc(C#N)cc1.O=S(=O)(NS(=O)(=O)C(F)(F)F)C(F)(F)F,exclude,1,0,False,neutral_component_or_incorrect_ion_role
vis,non_test,11242,CCCC[n+]1ccc(C#N)cc1,O=S(=O)(NS(=O)(=O)C(F)(F)F)C(F)(F)F,CCCC[n+]1ccc(C#N)cc1.O=S(=O)(NS(=O)(=O)C(F)(F)F)C(F)(F)F,exclude,1,0,False,neutral_component_or_incorrect_ion_role
vis,non_test,11243,CCCC[n+]1ccc(C#N)cc1,O=S(=O)(NS(=O)(=O)C(F)(F)F)C(F)(F)F,CCCC[n+]1ccc(C#N)cc1.O=S(=O)(NS(=O)(=O)C(F)(F)F)C(F)(F)F,exclude,1,0,False,neutral_component_or_incorrect_ion_role
vis,non_test,8194,CCCCn1cc[n+](C)c1,N#CS[Cu-3](SC#N)(SC#N)SC#N,CCCCn1cc[n+](C)c1.N#CS[Cu-3](SC#N)(SC#N)SC#N,exclude,1,-3,False,multivalent_salt_requires_explicit_stoichiometry
vis,non_test,8195,CCCCn1cc[n+](C)c1,N#CS[Cu-3](SC#N)(SC#N)SC#N,CCCCn1cc[n+](C)c1.N#CS[Cu-3](SC#N)(SC#N)SC#N,exclude,1,-3,False,multivalent_salt_requires_explicit_stoichiometry
vis,non_test,8196,CCCCn1cc[n+](C)c1,N#CS[Cu-3](SC#N)(SC#N)SC#N,CCCCn1cc[n+](C)c1.N#CS[Cu-3](SC#N)(SC#N)SC#N,exclude,1,-3,False,multivalent_salt_requires_explicit_stoichiometry
vis,non_test,8197,CCCCn1cc[n+](C)c1,N#CS[Cu-3](SC#N)(SC#N)SC#N,CCCCn1cc[n+](C)c1.N#CS[Cu-3](SC#N)(SC#N)SC#N,exclude,1,-3,False,multivalent_salt_requires_explicit_stoichiometry
vis,non_test,8198,CCCCn1cc[n+](C)c1,N#CS[Cu-3](SC#N)(SC#N)SC#N,CCCCn1cc[n+](C)c1.N#CS[Cu-3](SC#N)(SC#N)SC#N,exclude,1,-3,False,multivalent_salt_requires_explicit_stoichiometry
vis,non_test,8199,CCCCn1cc[n+](C)c1,N#CS[Cu-3](SC#N)(SC#N)SC#N,CCCCn1cc[n+](C)c1.N#CS[Cu-3](SC#N)(SC#N)SC#N,exclude,1,-3,False,multivalent_salt_requires_explicit_stoichiometry
vis,non_test,8200,CCCCn1cc[n+](C)c1,N#CS[Cu-3](SC#N)(SC#N)SC#N,CCCCn1cc[n+](C)c1.N#CS[Cu-3](SC#N)(SC#N)SC#N,exclude,1,-3,False,multivalent_salt_requires_explicit_stoichiometry
vis,non_test,8201,CCCCn1cc[n+](C)c1,N#CS[Cu-3](SC#N)(SC#N)SC#N,CCCCn1cc[n+](C)c1.N#CS[Cu-3](SC#N)(SC#N)SC#N,exclude,1,-3,False,multivalent_salt_requires_explicit_stoichiometry
vis,non_test,8202,CCCCn1cc[n+](C)c1,N#CS[Cu-3](SC#N)(SC#N)SC#N,CCCCn1cc[n+](C)c1.N#CS[Cu-3](SC#N)(SC#N)SC#N,exclude,1,-3,False,multivalent_salt_requires_explicit_stoichiometry
vis,non_test,8203,CCCCn1cc[n+](C)c1,N#CS[Cu-3](SC#N)(SC#N)SC#N,CCCCn1cc[n+](C)c1.N#CS[Cu-3](SC#N)(SC#N)SC#N,exclude,1,-3,False,multivalent_salt_requires_explicit_stoichiometry
vis,non_test,4851,C[n+]1ccn(CCCCCn2cc[n+](C)c2)c1,O=S(=O)(NS(=O)(=O)C(F)(F)F)C(F)(F)F,C[n+]1ccn(CCCCCn2cc[n+](C)c2)c1.O=S(=O)(NS(=O)(=O)C(F)(F)F)C(F)(F)F,exclude,2,0,False,neutral_component_or_incorrect_ion_role
vis,non_test,4852,C[n+]1ccn(CCCCCn2cc[n+](C)c2)c1,O=S(=O)(NS(=O)(=O)C(F)(F)F)C(F)(F)F,C[n+]1ccn(CCCCCn2cc[n+](C)c2)c1.O=S(=O)(NS(=O)(=O)C(F)(F)F)C(F)(F)F,exclude,2,0,False,neutral_component_or_incorrect_ion_role
vis,non_test,4853,C[n+]1ccn(CCCCCn2cc[n+](C)c2)c1,O=S(=O)(NS(=O)(=O)C(F)(F)F)C(F)(F)F,C[n+]1ccn(CCCCCn2cc[n+](C)c2)c1.O=S(=O)(NS(=O)(=O)C(F)(F)F)C(F)(F)F,exclude,2,0,False,neutral_component_or_incorrect_ion_role
vis,non_test,4854,C[n+]1ccn(CCCCCn2cc[n+](C)c2)c1,O=S(=O)(NS(=O)(=O)C(F)(F)F)C(F)(F)F,C[n+]1ccn(CCCCCn2cc[n+](C)c2)c1.O=S(=O)(NS(=O)(=O)C(F)(F)F)C(F)(F)F,exclude,2,0,False,neutral_component_or_incorrect_ion_role
vis,non_test,4855,C[n+]1ccn(CCCCCn2cc[n+](C)c2)c1,O=S(=O)(NS(=O)(=O)C(F)(F)F)C(F)(F)F,C[n+]1ccn(CCCCCn2cc[n+](C)c2)c1.O=S(=O)(NS(=O)(=O)C(F)(F)F)C(F)(F)F,exclude,2,0,False,neutral_component_or_incorrect_ion_role
vis,non_test,4856,C[n+]1ccn(CCCCCn2cc[n+](C)c2)c1,O=S(=O)(NS(=O)(=O)C(F)(F)F)C(F)(F)F,C[n+]1ccn(CCCCCn2cc[n+](C)c2)c1.O=S(=O)(NS(=O)(=O)C(F)(F)F)C(F)(F)F,exclude,2,0,False,neutral_component_or_incorrect_ion_role
vis,non_test,4857,C[n+]1ccn(CCCCCn2cc[n+](C)c2)c1,O=S(=O)(NS(=O)(=O)C(F)(F)F)C(F)(F)F,C[n+]1ccn(CCCCCn2cc[n+](C)c2)c1.O=S(=O)(NS(=O)(=O)C(F)(F)F)C(F)(F)F,exclude,2,0,False,neutral_component_or_incorrect_ion_role
vis,non_test,4858,C[n+]1ccn(CCCCCn2cc[n+](C)c2)c1,O=S(=O)(NS(=O)(=O)C(F)(F)F)C(F)(F)F,C[n+]1ccn(CCCCCn2cc[n+](C)c2)c1.O=S(=O)(NS(=O)(=O)C(F)(F)F)C(F)(F)F,exclude,2,0,False,neutral_component_or_incorrect_ion_role
vis,non_test,4859,C[n+]1ccn(CCCCCn2cc[n+](C)c2)c1,O=S(=O)(NS(=O)(=O)C(F)(F)F)C(F)(F)F,C[n+]1ccn(CCCCCn2cc[n+](C)c2)c1.O=S(=O)(NS(=O)(=O)C(F)(F)F)C(F)(F)F,exclude,2,0,False,neutral_component_or_incorrect_ion_role
vis,non_test,4860,C[n+]1ccn(CCCCCn2cc[n+](C)c2)c1,O=S(=O)(NS(=O)(=O)C(F)(F)F)C(F)(F)F,C[n+]1ccn(CCCCCn2cc[n+](C)c2)c1.O=S(=O)(NS(=O)(=O)C(F)(F)F)C(F)(F)F,exclude,2,0,False,neutral_component_or_incorrect_ion_role
vis,non_test,4861,C[n+]1ccn(CCCCCn2cc[n+](C)c2)c1,O=S(=O)(NS(=O)(=O)C(F)(F)F)C(F)(F)F,C[n+]1ccn(CCCCCn2cc[n+](C)c2)c1.O=S(=O)(NS(=O)(=O)C(F)(F)F)C(F)(F)F,exclude,2,0,False,neutral_component_or_incorrect_ion_role
vis,non_test,4862,C[n+]1ccn(CCCCCn2cc[n+](C)c2)c1,O=S(=O)(NS(=O)(=O)C(F)(F)F)C(F)(F)F,C[n+]1ccn(CCCCCn2cc[n+](C)c2)c1.O=S(=O)(NS(=O)(=O)C(F)(F)F)C(F)(F)F,exclude,2,0,False,neutral_component_or_incorrect_ion_role
vis,non_test,4863,C[n+]1ccn(CCCCCn2cc[n+](C)c2)c1,O=S(=O)(NS(=O)(=O)C(F)(F)F)C(F)(F)F,C[n+]1ccn(CCCCCn2cc[n+](C)c2)c1.O=S(=O)(NS(=O)(=O)C(F)(F)F)C(F)(F)F,exclude,2,0,False,neutral_component_or_incorrect_ion_role
vis,non_test,4864,C[n+]1ccn(CCCCCn2cc[n+](C)c2)c1,O=S(=O)(NS(=O)(=O)C(F)(F)F)C(F)(F)F,C[n+]1ccn(CCCCCn2cc[n+](C)c2)c1.O=S(=O)(NS(=O)(=O)C(F)(F)F)C(F)(F)F,exclude,2,0,False,neutral_component_or_incorrect_ion_role
vis,non_test,4865,C[n+]1ccn(CCCCCn2cc[n+](C)c2)c1,O=S(=O)(NS(=O)(=O)C(F)(F)F)C(F)(F)F,C[n+]1ccn(CCCCCn2cc[n+](C)c2)c1.O=S(=O)(NS(=O)(=O)C(F)(F)F)C(F)(F)F,exclude,2,0,False,neutral_component_or_incorrect_ion_role
vis,non_test,4866,C[n+]1ccn(CCCCCn2cc[n+](C)c2)c1,O=S(=O)(NS(=O)(=O)C(F)(F)F)C(F)(F)F,C[n+]1ccn(CCCCCn2cc[n+](C)c2)c1.O=S(=O)(NS(=O)(=O)C(F)(F)F)C(F)(F)F,exclude,2,0,False,neutral_component_or_incorrect_ion_role
vis,non_test,4867,C[n+]1ccn(CCCCCn2cc[n+](C)c2)c1,O=S(=O)(NS(=O)(=O)C(F)(F)F)C(F)(F)F,C[n+]1ccn(CCCCCn2cc[n+](C)c2)c1.O=S(=O)(NS(=O)(=O)C(F)(F)F)C(F)(F)F,exclude,2,0,False,neutral_component_or_incorrect_ion_role
vis,non_test,4868,C[n+]1ccn(CCCCCn2cc[n+](C)c2)c1,O=S(=O)(NS(=O)(=O)C(F)(F)F)C(F)(F)F,C[n+]1ccn(CCCCCn2cc[n+](C)c2)c1.O=S(=O)(NS(=O)(=O)C(F)(F)F)C(F)(F)F,exclude,2,0,False,neutral_component_or_incorrect_ion_role
vis,non_test,4869,C[n+]1ccn(CCCCCn2cc[n+](C)c2)c1,O=S(=O)(NS(=O)(=O)C(F)(F)F)C(F)(F)F,C[n+]1ccn(CCCCCn2cc[n+](C)c2)c1.O=S(=O)(NS(=O)(=O)C(F)(F)F)C(F)(F)F,exclude,2,0,False,neutral_component_or_incorrect_ion_role
vis,non_test,4870,C[n+]1ccn(CCCCCn2cc[n+](C)c2)c1,O=S(=O)(NS(=O)(=O)C(F)(F)F)C(F)(F)F,C[n+]1ccn(CCCCCn2cc[n+](C)c2)c1.O=S(=O)(NS(=O)(=O)C(F)(F)F)C(F)(F)F,exclude,2,0,False,neutral_component_or_incorrect_ion_role
vis,non_test,4871,C[n+]1ccn(CCCCCn2cc[n+](C)c2)c1,O=S(=O)(NS(=O)(=O)C(F)(F)F)C(F)(F)F,C[n+]1ccn(CCCCCn2cc[n+](C)c2)c1.O=S(=O)(NS(=O)(=O)C(F)(F)F)C(F)(F)F,exclude,2,0,False,neutral_component_or_incorrect_ion_role
vis,non_test,4872,C[n+]1ccn(CCCCCn2cc[n+](C)c2)c1,O=S(=O)(NS(=O)(=O)C(F)(F)F)C(F)(F)F,C[n+]1ccn(CCCCCn2cc[n+](C)c2)c1.O=S(=O)(NS(=O)(=O)C(F)(F)F)C(F)(F)F,exclude,2,0,False,neutral_component_or_incorrect_ion_role
vis,non_test,4873,C[n+]1ccn(CCCCCn2cc[n+](C)c2)c1,O=S(=O)(NS(=O)(=O)C(F)(F)F)C(F)(F)F,C[n+]1ccn(CCCCCn2cc[n+](C)c2)c1.O=S(=O)(NS(=O)(=O)C(F)(F)F)C(F)(F)F,exclude,2,0,False,neutral_component_or_incorrect_ion_role
vis,non_test,4874,C[n+]1ccn(CCCCCn2cc[n+](C)c2)c1,O=S(=O)(NS(=O)(=O)C(F)(F)F)C(F)(F)F,C[n+]1ccn(CCCCCn2cc[n+](C)c2)c1.O=S(=O)(NS(=O)(=O)C(F)(F)F)C(F)(F)F,exclude,2,0,False,neutral_component_or_incorrect_ion_role
vis,non_test,4875,C[n+]1ccn(CCCCCn2cc[n+](C)c2)c1,O=S(=O)(NS(=O)(=O)C(F)(F)F)C(F)(F)F,C[n+]1ccn(CCCCCn2cc[n+](C)c2)c1.O=S(=O)(NS(=O)(=O)C(F)(F)F)C(F)(F)F,exclude,2,0,False,neutral_component_or_incorrect_ion_role
vis,non_test,4876,C[n+]1ccn(CCCCCn2cc[n+](C)c2)c1,O=S(=O)(NS(=O)(=O)C(F)(F)F)C(F)(F)F,C[n+]1ccn(CCCCCn2cc[n+](C)c2)c1.O=S(=O)(NS(=O)(=O)C(F)(F)F)C(F)(F)F,exclude,2,0,False,neutral_component_or_incorrect_ion_role
vis,non_test,4877,C[n+]1ccn(CCCCCn2cc[n+](C)c2)c1,O=S(=O)(NS(=O)(=O)C(F)(F)F)C(F)(F)F,C[n+]1ccn(CCCCCn2cc[n+](C)c2)c1.O=S(=O)(NS(=O)(=O)C(F)(F)F)C(F)(F)F,exclude,2,0,False,neutral_component_or_incorrect_ion_role
vis,non_test,4878,C[n+]1ccn(CCCCCn2cc[n+](C)c2)c1,O=S(=O)(NS(=O)(=O)C(F)(F)F)C(F)(F)F,C[n+]1ccn(CCCCCn2cc[n+](C)c2)c1.O=S(=O)(NS(=O)(=O)C(F)(F)F)C(F)(F)F,exclude,2,0,False,neutral_component_or_incorrect_ion_role
vis,non_test,4879,C[n+]1ccn(CCCCCn2cc[n+](C)c2)c1,O=S(=O)(NS(=O)(=O)C(F)(F)F)C(F)(F)F,C[n+]1ccn(CCCCCn2cc[n+](C)c2)c1.O=S(=O)(NS(=O)(=O)C(F)(F)F)C(F)(F)F,exclude,2,0,False,neutral_component_or_incorrect_ion_role
vis,non_test,4880,C[n+]1ccn(CCCCCn2cc[n+](C)c2)c1,O=S(=O)(NS(=O)(=O)C(F)(F)F)C(F)(F)F,C[n+]1ccn(CCCCCn2cc[n+](C)c2)c1.O=S(=O)(NS(=O)(=O)C(F)(F)F)C(F)(F)F,exclude,2,0,False,neutral_component_or_incorrect_ion_role
vis,non_test,8698,CCCCCc1c(C)cc(C)c[n+]1CC,O=S(=O)(NS(=O)(=O)C(F)(F)F)C(F)(F)F,CCCCCc1c(C)cc(C)c[n+]1CC.O=S(=O)(NS(=O)(=O)C(F)(F)F)C(F)(F)F,exclude,1,0,False,neutral_component_or_incorrect_ion_role
vis,non_test,8699,CCCCCc1c(C)cc(C)c[n+]1CC,O=S(=O)(NS(=O)(=O)C(F)(F)F)C(F)(F)F,CCCCCc1c(C)cc(C)c[n+]1CC.O=S(=O)(NS(=O)(=O)C(F)(F)F)C(F)(F)F,exclude,1,0,False,neutral_component_or_incorrect_ion_role
vis,non_test,8700,CCCCCc1c(C)cc(C)c[n+]1CC,O=S(=O)(NS(=O)(=O)C(F)(F)F)C(F)(F)F,CCCCCc1c(C)cc(C)c[n+]1CC.O=S(=O)(NS(=O)(=O)C(F)(F)F)C(F)(F)F,exclude,1,0,False,neutral_component_or_incorrect_ion_role
vis,non_test,8701,CCCCCc1c(C)cc(C)c[n+]1CC,O=S(=O)(NS(=O)(=O)C(F)(F)F)C(F)(F)F,CCCCCc1c(C)cc(C)c[n+]1CC.O=S(=O)(NS(=O)(=O)C(F)(F)F)C(F)(F)F,exclude,1,0,False,neutral_component_or_incorrect_ion_role
vis,non_test,8702,CCCCCc1c(C)cc(C)c[n+]1CC,O=S(=O)(NS(=O)(=O)C(F)(F)F)C(F)(F)F,CCCCCc1c(C)cc(C)c[n+]1CC.O=S(=O)(NS(=O)(=O)C(F)(F)F)C(F)(F)F,exclude,1,0,False,neutral_component_or_incorrect_ion_role
vis,non_test,8703,CCCCCc1c(C)cc(C)c[n+]1CC,O=S(=O)(NS(=O)(=O)C(F)(F)F)C(F)(F)F,CCCCCc1c(C)cc(C)c[n+]1CC.O=S(=O)(NS(=O)(=O)C(F)(F)F)C(F)(F)F,exclude,1,0,False,neutral_component_or_incorrect_ion_role
vis,non_test,8704,CCCCCc1c(C)cc(C)c[n+]1CC,O=S(=O)(NS(=O)(=O)C(F)(F)F)C(F)(F)F,CCCCCc1c(C)cc(C)c[n+]1CC.O=S(=O)(NS(=O)(=O)C(F)(F)F)C(F)(F)F,exclude,1,0,False,neutral_component_or_incorrect_ion_role
vis,non_test,8705,CCCCCc1c(C)cc(C)c[n+]1CC,O=S(=O)(NS(=O)(=O)C(F)(F)F)C(F)(F)F,CCCCCc1c(C)cc(C)c[n+]1CC.O=S(=O)(NS(=O)(=O)C(F)(F)F)C(F)(F)F,exclude,1,0,False,neutral_component_or_incorrect_ion_role
vis,non_test,8706,CCCCCc1c(C)cc(C)c[n+]1CC,O=S(=O)(NS(=O)(=O)C(F)(F)F)C(F)(F)F,CCCCCc1c(C)cc(C)c[n+]1CC.O=S(=O)(NS(=O)(=O)C(F)(F)F)C(F)(F)F,exclude,1,0,False,neutral_component_or_incorrect_ion_role
vis,non_test,8707,CCCCCc1c(C)cc(C)c[n+]1CC,O=S(=O)(NS(=O)(=O)C(F)(F)F)C(F)(F)F,CCCCCc1c(C)cc(C)c[n+]1CC.O=S(=O)(NS(=O)(=O)C(F)(F)F)C(F)(F)F,exclude,1,0,False,neutral_component_or_incorrect_ion_role
vis,non_test,3562,CCCCCCCCCCCCCC[P+](CCCCCC)(CCCCCC)CCCCCC,N#CNC#N,CCCCCCCCCCCCCC[P+](CCCCCC)(CCCCCC)CCCCCC.N#CNC#N,exclude,1,0,False,neutral_component_or_incorrect_ion_role
vis,non_test,3563,CCCCCCCCCCCCCC[P+](CCCCCC)(CCCCCC)CCCCCC,N#CNC#N,CCCCCCCCCCCCCC[P+](CCCCCC)(CCCCCC)CCCCCC.N#CNC#N,exclude,1,0,False,neutral_component_or_incorrect_ion_role
vis,non_test,3564,CCCCCCCCCCCCCC[P+](CCCCCC)(CCCCCC)CCCCCC,N#CNC#N,CCCCCCCCCCCCCC[P+](CCCCCC)(CCCCCC)CCCCCC.N#CNC#N,exclude,1,0,False,neutral_component_or_incorrect_ion_role
vis,non_test,3565,CCCCCCCCCCCCCC[P+](CCCCCC)(CCCCCC)CCCCCC,N#CNC#N,CCCCCCCCCCCCCC[P+](CCCCCC)(CCCCCC)CCCCCC.N#CNC#N,exclude,1,0,False,neutral_component_or_incorrect_ion_role
vis,non_test,3566,CCCCCCCCCCCCCC[P+](CCCCCC)(CCCCCC)CCCCCC,N#CNC#N,CCCCCCCCCCCCCC[P+](CCCCCC)(CCCCCC)CCCCCC.N#CNC#N,exclude,1,0,False,neutral_component_or_incorrect_ion_role
vis,non_test,3567,CCCCCCCCCCCCCC[P+](CCCCCC)(CCCCCC)CCCCCC,N#CNC#N,CCCCCCCCCCCCCC[P+](CCCCCC)(CCCCCC)CCCCCC.N#CNC#N,exclude,1,0,False,neutral_component_or_incorrect_ion_role
vis,non_test,8374,CCCCCCCCCCCCCC[P+](CCCCCC)(CCCCCC)CCCCCC,N#CNC#N,CCCCCCCCCCCCCC[P+](CCCCCC)(CCCCCC)CCCCCC.N#CNC#N,exclude,1,0,False,neutral_component_or_incorrect_ion_role
vis,non_test,8375,CCCCCCCCCCCCCC[P+](CCCCCC)(CCCCCC)CCCCCC,N#CNC#N,CCCCCCCCCCCCCC[P+](CCCCCC)(CCCCCC)CCCCCC.N#CNC#N,exclude,1,0,False,neutral_component_or_incorrect_ion_role
vis,non_test,8376,CCCCCCCCCCCCCC[P+](CCCCCC)(CCCCCC)CCCCCC,N#CNC#N,CCCCCCCCCCCCCC[P+](CCCCCC)(CCCCCC)CCCCCC.N#CNC#N,exclude,1,0,False,neutral_component_or_incorrect_ion_role
vis,non_test,8377,CCCCCCCCCCCCCC[P+](CCCCCC)(CCCCCC)CCCCCC,N#CNC#N,CCCCCCCCCCCCCC[P+](CCCCCC)(CCCCCC)CCCCCC.N#CNC#N,exclude,1,0,False,neutral_component_or_incorrect_ion_role
vis,non_test,8378,CCCCCCCCCCCCCC[P+](CCCCCC)(CCCCCC)CCCCCC,N#CNC#N,CCCCCCCCCCCCCC[P+](CCCCCC)(CCCCCC)CCCCCC.N#CNC#N,exclude,1,0,False,neutral_component_or_incorrect_ion_role
vis,non_test,8379,CCCCCCCCCCCCCC[P+](CCCCCC)(CCCCCC)CCCCCC,N#CNC#N,CCCCCCCCCCCCCC[P+](CCCCCC)(CCCCCC)CCCCCC.N#CNC#N,exclude,1,0,False,neutral_component_or_incorrect_ion_role
vis,non_test,8380,CCCCCCCCCCCCCC[P+](CCCCCC)(CCCCCC)CCCCCC,N#CNC#N,CCCCCCCCCCCCCC[P+](CCCCCC)(CCCCCC)CCCCCC.N#CNC#N,exclude,1,0,False,neutral_component_or_incorrect_ion_role
vis,non_test,8381,CCCCCCCCCCCCCC[P+](CCCCCC)(CCCCCC)CCCCCC,N#CNC#N,CCCCCCCCCCCCCC[P+](CCCCCC)(CCCCCC)CCCCCC.N#CNC#N,exclude,1,0,False,neutral_component_or_incorrect_ion_role
vis,non_test,8382,CCCCCCCCCCCCCC[P+](CCCCCC)(CCCCCC)CCCCCC,N#CNC#N,CCCCCCCCCCCCCC[P+](CCCCCC)(CCCCCC)CCCCCC.N#CNC#N,exclude,1,0,False,neutral_component_or_incorrect_ion_role
vis,non_test,8383,CCCCCCCCCCCCCC[P+](CCCCCC)(CCCCCC)CCCCCC,N#CNC#N,CCCCCCCCCCCCCC[P+](CCCCCC)(CCCCCC)CCCCCC.N#CNC#N,exclude,1,0,False,neutral_component_or_incorrect_ion_role
vis,non_test,10462,CCCCCCCCCCCCCC[P+](CCCCCC)(CCCCCC)CCCCCC,N#CNC#N,CCCCCCCCCCCCCC[P+](CCCCCC)(CCCCCC)CCCCCC.N#CNC#N,exclude,1,0,False,neutral_component_or_incorrect_ion_role
vis,non_test,10463,CCCCCCCCCCCCCC[P+](CCCCCC)(CCCCCC)CCCCCC,N#CNC#N,CCCCCCCCCCCCCC[P+](CCCCCC)(CCCCCC)CCCCCC.N#CNC#N,exclude,1,0,False,neutral_component_or_incorrect_ion_role
vis,non_test,10464,CCCCCCCCCCCCCC[P+](CCCCCC)(CCCCCC)CCCCCC,N#CNC#N,CCCCCCCCCCCCCC[P+](CCCCCC)(CCCCCC)CCCCCC.N#CNC#N,exclude,1,0,False,neutral_component_or_incorrect_ion_role
vis,non_test,10465,CCCCCCCCCCCCCC[P+](CCCCCC)(CCCCCC)CCCCCC,N#CNC#N,CCCCCCCCCCCCCC[P+](CCCCCC)(CCCCCC)CCCCCC.N#CNC#N,exclude,1,0,False,neutral_component_or_incorrect_ion_role
vis,non_test,10466,CCCCCCCCCCCCCC[P+](CCCCCC)(CCCCCC)CCCCCC,N#CNC#N,CCCCCCCCCCCCCC[P+](CCCCCC)(CCCCCC)CCCCCC.N#CNC#N,exclude,1,0,False,neutral_component_or_incorrect_ion_role
vis,non_test,10467,CCCCCCCCCCCCCC[P+](CCCCCC)(CCCCCC)CCCCCC,N#CNC#N,CCCCCCCCCCCCCC[P+](CCCCCC)(CCCCCC)CCCCCC.N#CNC#N,exclude,1,0,False,neutral_component_or_incorrect_ion_role
vis,non_test,10468,CCCCCCCCCCCCCC[P+](CCCCCC)(CCCCCC)CCCCCC,N#CNC#N,CCCCCCCCCCCCCC[P+](CCCCCC)(CCCCCC)CCCCCC.N#CNC#N,exclude,1,0,False,neutral_component_or_incorrect_ion_role
vis,non_test,11209,CCCCCCCCCCCCCC[P+](CCCCCC)(CCCCCC)CCCCCC,N#CNC#N,CCCCCCCCCCCCCC[P+](CCCCCC)(CCCCCC)CCCCCC.N#CNC#N,exclude,1,0,False,neutral_component_or_incorrect_ion_role
vis,non_test,11210,CCCCCCCCCCCCCC[P+](CCCCCC)(CCCCCC)CCCCCC,N#CNC#N,CCCCCCCCCCCCCC[P+](CCCCCC)(CCCCCC)CCCCCC.N#CNC#N,exclude,1,0,False,neutral_component_or_incorrect_ion_role
vis,non_test,11211,CCCCCCCCCCCCCC[P+](CCCCCC)(CCCCCC)CCCCCC,N#CNC#N,CCCCCCCCCCCCCC[P+](CCCCCC)(CCCCCC)CCCCCC.N#CNC#N,exclude,1,0,False,neutral_component_or_incorrect_ion_role
vis,non_test,11212,CCCCCCCCCCCCCC[P+](CCCCCC)(CCCCCC)CCCCCC,N#CNC#N,CCCCCCCCCCCCCC[P+](CCCCCC)(CCCCCC)CCCCCC.N#CNC#N,exclude,1,0,False,neutral_component_or_incorrect_ion_role
vis,non_test,11213,CCCCCCCCCCCCCC[P+](CCCCCC)(CCCCCC)CCCCCC,N#CNC#N,CCCCCCCCCCCCCC[P+](CCCCCC)(CCCCCC)CCCCCC.N#CNC#N,exclude,1,0,False,neutral_component_or_incorrect_ion_role
vis,non_test,11214,CCCCCCCCCCCCCC[P+](CCCCCC)(CCCCCC)CCCCCC,N#CNC#N,CCCCCCCCCCCCCC[P+](CCCCCC)(CCCCCC)CCCCCC.N#CNC#N,exclude,1,0,False,neutral_component_or_incorrect_ion_role
vis,non_test,11511,CCCCCCCCCCCCCC[P+](CCCCCC)(CCCCCC)CCCCCC,N#CNC#N,CCCCCCCCCCCCCC[P+](CCCCCC)(CCCCCC)CCCCCC.N#CNC#N,exclude,1,0,False,neutral_component_or_incorrect_ion_role
vis,non_test,11512,CCCCCCCCCCCCCC[P+](CCCCCC)(CCCCCC)CCCCCC,N#CNC#N,CCCCCCCCCCCCCC[P+](CCCCCC)(CCCCCC)CCCCCC.N#CNC#N,exclude,1,0,False,neutral_component_or_incorrect_ion_role
vis,non_test,11513,CCCCCCCCCCCCCC[P+](CCCCCC)(CCCCCC)CCCCCC,N#CNC#N,CCCCCCCCCCCCCC[P+](CCCCCC)(CCCCCC)CCCCCC.N#CNC#N,exclude,1,0,False,neutral_component_or_incorrect_ion_role
vis,non_test,11514,CCCCCCCCCCCCCC[P+](CCCCCC)(CCCCCC)CCCCCC,N#CNC#N,CCCCCCCCCCCCCC[P+](CCCCCC)(CCCCCC)CCCCCC.N#CNC#N,exclude,1,0,False,neutral_component_or_incorrect_ion_role
vis,non_test,11515,CCCCCCCCCCCCCC[P+](CCCCCC)(CCCCCC)CCCCCC,N#CNC#N,CCCCCCCCCCCCCC[P+](CCCCCC)(CCCCCC)CCCCCC.N#CNC#N,exclude,1,0,False,neutral_component_or_incorrect_ion_role
vis,non_test,11525,CCCCCCCCCCCCCC[P+](CCCCCC)(CCCCCC)CCCCCC,N#CNC#N,CCCCCCCCCCCCCC[P+](CCCCCC)(CCCCCC)CCCCCC.N#CNC#N,exclude,1,0,False,neutral_component_or_incorrect_ion_role
vis,non_test,11526,CCCCCCCCCCCCCC[P+](CCCCCC)(CCCCCC)CCCCCC,N#CNC#N,CCCCCCCCCCCCCC[P+](CCCCCC)(CCCCCC)CCCCCC.N#CNC#N,exclude,1,0,False,neutral_component_or_incorrect_ion_role
vis,non_test,11527,CCCCCCCCCCCCCC[P+](CCCCCC)(CCCCCC)CCCCCC,N#CNC#N,CCCCCCCCCCCCCC[P+](CCCCCC)(CCCCCC)CCCCCC.N#CNC#N,exclude,1,0,False,neutral_component_or_incorrect_ion_role
vis,non_test,11528,CCCCCCCCCCCCCC[P+](CCCCCC)(CCCCCC)CCCCCC,N#CNC#N,CCCCCCCCCCCCCC[P+](CCCCCC)(CCCCCC)CCCCCC.N#CNC#N,exclude,1,0,False,neutral_component_or_incorrect_ion_role
vis,non_test,11529,CCCCCCCCCCCCCC[P+](CCCCCC)(CCCCCC)CCCCCC,N#CNC#N,CCCCCCCCCCCCCC[P+](CCCCCC)(CCCCCC)CCCCCC.N#CNC#N,exclude,1,0,False,neutral_component_or_incorrect_ion_role
vis,non_test,12033,CCCCCCCCCCCCCC[P+](CCCCCC)(CCCCCC)CCCCCC,N#CNC#N,CCCCCCCCCCCCCC[P+](CCCCCC)(CCCCCC)CCCCCC.N#CNC#N,exclude,1,0,False,neutral_component_or_incorrect_ion_role
vis,non_test,12115,CCCCCCCCCCCCCC[P+](CCCCCC)(CCCCCC)CCCCCC,N#CNC#N,CCCCCCCCCCCCCC[P+](CCCCCC)(CCCCCC)CCCCCC.N#CNC#N,exclude,1,0,False,neutral_component_or_incorrect_ion_role
vis,non_test,13194,CCCCCCCCCCCCCC[P+](CCCCCC)(CCCCCC)CCCCCC,N#CNC#N,CCCCCCCCCCCCCC[P+](CCCCCC)(CCCCCC)CCCCCC.N#CNC#N,exclude,1,0,False,neutral_component_or_incorrect_ion_role
vis,non_test,13195,CCCCCCCCCCCCCC[P+](CCCCCC)(CCCCCC)CCCCCC,N#CNC#N,CCCCCCCCCCCCCC[P+](CCCCCC)(CCCCCC)CCCCCC.N#CNC#N,exclude,1,0,False,neutral_component_or_incorrect_ion_role
vis,non_test,13196,CCCCCCCCCCCCCC[P+](CCCCCC)(CCCCCC)CCCCCC,N#CNC#N,CCCCCCCCCCCCCC[P+](CCCCCC)(CCCCCC)CCCCCC.N#CNC#N,exclude,1,0,False,neutral_component_or_incorrect_ion_role
vis,non_test,13197,CCCCCCCCCCCCCC[P+](CCCCCC)(CCCCCC)CCCCCC,N#CNC#N,CCCCCCCCCCCCCC[P+](CCCCCC)(CCCCCC)CCCCCC.N#CNC#N,exclude,1,0,False,neutral_component_or_incorrect_ion_role
vis,non_test,13198,CCCCCCCCCCCCCC[P+](CCCCCC)(CCCCCC)CCCCCC,N#CNC#N,CCCCCCCCCCCCCC[P+](CCCCCC)(CCCCCC)CCCCCC.N#CNC#N,exclude,1,0,False,neutral_component_or_incorrect_ion_role
vis,non_test,13199,CCCCCCCCCCCCCC[P+](CCCCCC)(CCCCCC)CCCCCC,N#CNC#N,CCCCCCCCCCCCCC[P+](CCCCCC)(CCCCCC)CCCCCC.N#CNC#N,exclude,1,0,False,neutral_component_or_incorrect_ion_role
vis,non_test,13200,CCCCCCCCCCCCCC[P+](CCCCCC)(CCCCCC)CCCCCC,N#CNC#N,CCCCCCCCCCCCCC[P+](CCCCCC)(CCCCCC)CCCCCC.N#CNC#N,exclude,1,0,False,neutral_component_or_incorrect_ion_role
vis,non_test,13201,CCCCCCCCCCCCCC[P+](CCCCCC)(CCCCCC)CCCCCC,N#CNC#N,CCCCCCCCCCCCCC[P+](CCCCCC)(CCCCCC)CCCCCC.N#CNC#N,exclude,1,0,False,neutral_component_or_incorrect_ion_role
vis,non_test,13202,CCCCCCCCCCCCCC[P+](CCCCCC)(CCCCCC)CCCCCC,N#CNC#N,CCCCCCCCCCCCCC[P+](CCCCCC)(CCCCCC)CCCCCC.N#CNC#N,exclude,1,0,False,neutral_component_or_incorrect_ion_role
vis,non_test,13203,CCCCCCCCCCCCCC[P+](CCCCCC)(CCCCCC)CCCCCC,N#CNC#N,CCCCCCCCCCCCCC[P+](CCCCCC)(CCCCCC)CCCCCC.N#CNC#N,exclude,1,0,False,neutral_component_or_incorrect_ion_role
vis,non_test,13204,CCCCCCCCCCCCCC[P+](CCCCCC)(CCCCCC)CCCCCC,N#CNC#N,CCCCCCCCCCCCCC[P+](CCCCCC)(CCCCCC)CCCCCC.N#CNC#N,exclude,1,0,False,neutral_component_or_incorrect_ion_role
vis,non_test,13205,CCCCCCCCCCCCCC[P+](CCCCCC)(CCCCCC)CCCCCC,N#CNC#N,CCCCCCCCCCCCCC[P+](CCCCCC)(CCCCCC)CCCCCC.N#CNC#N,exclude,1,0,False,neutral_component_or_incorrect_ion_role
vis,non_test,6443,CCCCCC[N+]1(C)CCOCC1,CCCCCCP(=O)([O-])[O-],CCCCCC[N+]1(C)CCOCC1.CCCCCCP(=O)([O-])[O-],exclude,1,-2,False,multivalent_salt_requires_explicit_stoichiometry
vis,non_test,6444,CCCCCC[N+]1(C)CCOCC1,CCCCCCP(=O)([O-])[O-],CCCCCC[N+]1(C)CCOCC1.CCCCCCP(=O)([O-])[O-],exclude,1,-2,False,multivalent_salt_requires_explicit_stoichiometry
vis,non_test,6445,CCCCCC[N+]1(C)CCOCC1,CCCCCCP(=O)([O-])[O-],CCCCCC[N+]1(C)CCOCC1.CCCCCCP(=O)([O-])[O-],exclude,1,-2,False,multivalent_salt_requires_explicit_stoichiometry
vis,non_test,6446,CCCCCC[N+]1(C)CCOCC1,CCCCCCP(=O)([O-])[O-],CCCCCC[N+]1(C)CCOCC1.CCCCCCP(=O)([O-])[O-],exclude,1,-2,False,multivalent_salt_requires_explicit_stoichiometry
vis,non_test,6447,CCCCCC[N+]1(C)CCOCC1,CCCCCCP(=O)([O-])[O-],CCCCCC[N+]1(C)CCOCC1.CCCCCCP(=O)([O-])[O-],exclude,1,-2,False,multivalent_salt_requires_explicit_stoichiometry
vis,non_test,6448,CCCCCC[N+]1(C)CCOCC1,CCCCCCP(=O)([O-])[O-],CCCCCC[N+]1(C)CCOCC1.CCCCCCP(=O)([O-])[O-],exclude,1,-2,False,multivalent_salt_requires_explicit_stoichiometry
vis,non_test,6449,CCCCCC[N+]1(C)CCOCC1,CCCCCCP(=O)([O-])[O-],CCCCCC[N+]1(C)CCOCC1.CCCCCCP(=O)([O-])[O-],exclude,1,-2,False,multivalent_salt_requires_explicit_stoichiometry
vis,non_test,6450,CCCCCC[N+]1(C)CCOCC1,CCCCCCP(=O)([O-])[O-],CCCCCC[N+]1(C)CCOCC1.CCCCCCP(=O)([O-])[O-],exclude,1,-2,False,multivalent_salt_requires_explicit_stoichiometry
vis,non_test,6451,CCCCCC[N+]1(C)CCOCC1,CCCCCCP(=O)([O-])[O-],CCCCCC[N+]1(C)CCOCC1.CCCCCCP(=O)([O-])[O-],exclude,1,-2,False,multivalent_salt_requires_explicit_stoichiometry
vis,non_test,6452,CCCCCC[N+]1(C)CCOCC1,CCCCCCP(=O)([O-])[O-],CCCCCC[N+]1(C)CCOCC1.CCCCCCP(=O)([O-])[O-],exclude,1,-2,False,multivalent_salt_requires_explicit_stoichiometry
vis,non_test,6453,CCCCCC[N+]1(C)CCOCC1,CCCCCCP(=O)([O-])[O-],CCCCCC[N+]1(C)CCOCC1.CCCCCCP(=O)([O-])[O-],exclude,1,-2,False,multivalent_salt_requires_explicit_stoichiometry
vis,non_test,6454,CCCCCC[N+]1(C)CCOCC1,CCCCCCP(=O)([O-])[O-],CCCCCC[N+]1(C)CCOCC1.CCCCCCP(=O)([O-])[O-],exclude,1,-2,False,multivalent_salt_requires_explicit_stoichiometry
vis,non_test,6455,CCCCCC[N+]1(C)CCOCC1,CCCCCCP(=O)([O-])[O-],CCCCCC[N+]1(C)CCOCC1.CCCCCCP(=O)([O-])[O-],exclude,1,-2,False,multivalent_salt_requires_explicit_stoichiometry
vis,non_test,8400,CCc1cccc[n+]1C,COS(=O)(=O)O,CCc1cccc[n+]1C.COS(=O)(=O)O,exclude,1,0,False,neutral_component_or_incorrect_ion_role
vis,non_test,8401,CCc1cccc[n+]1C,COS(=O)(=O)O,CCc1cccc[n+]1C.COS(=O)(=O)O,exclude,1,0,False,neutral_component_or_incorrect_ion_role
vis,non_test,8402,CCc1cccc[n+]1C,COS(=O)(=O)O,CCc1cccc[n+]1C.COS(=O)(=O)O,exclude,1,0,False,neutral_component_or_incorrect_ion_role
vis,non_test,8403,CCc1cccc[n+]1C,COS(=O)(=O)O,CCc1cccc[n+]1C.COS(=O)(=O)O,exclude,1,0,False,neutral_component_or_incorrect_ion_role
vis,non_test,8404,CCc1cccc[n+]1C,COS(=O)(=O)O,CCc1cccc[n+]1C.COS(=O)(=O)O,exclude,1,0,False,neutral_component_or_incorrect_ion_role
vis,non_test,8405,CCc1cccc[n+]1C,COS(=O)(=O)O,CCc1cccc[n+]1C.COS(=O)(=O)O,exclude,1,0,False,neutral_component_or_incorrect_ion_role
vis,non_test,8406,CCc1cccc[n+]1C,COS(=O)(=O)O,CCc1cccc[n+]1C.COS(=O)(=O)O,exclude,1,0,False,neutral_component_or_incorrect_ion_role
vis,non_test,8407,CCc1cccc[n+]1C,COS(=O)(=O)O,CCc1cccc[n+]1C.COS(=O)(=O)O,exclude,1,0,False,neutral_component_or_incorrect_ion_role
vis,non_test,8408,CCc1cccc[n+]1C,COS(=O)(=O)O,CCc1cccc[n+]1C.COS(=O)(=O)O,exclude,1,0,False,neutral_component_or_incorrect_ion_role
vis,non_test,8409,CCc1cccc[n+]1C,COS(=O)(=O)O,CCc1cccc[n+]1C.COS(=O)(=O)O,exclude,1,0,False,neutral_component_or_incorrect_ion_role
vis,non_test,4692,O=S(=O)([O-])C(F)(F)C(F)(F)C(F)(F)C(F)(F)F,O=C([O-])C(F)(F)C(F)(F)C(F)(F)C(F)(F)F,O=S(=O)([O-])C(F)(F)C(F)(F)C(F)(F)C(F)(F)F.O=C([O-])C(F)(F)C(F)(F)C(F)(F)C(F)(F)F,exclude,-1,-1,False,neutral_component_or_incorrect_ion_role
vis,non_test,4693,O=S(=O)([O-])C(F)(F)C(F)(F)C(F)(F)C(F)(F)F,O=C([O-])C(F)(F)C(F)(F)C(F)(F)C(F)(F)F,O=S(=O)([O-])C(F)(F)C(F)(F)C(F)(F)C(F)(F)F.O=C([O-])C(F)(F)C(F)(F)C(F)(F)C(F)(F)F,exclude,-1,-1,False,neutral_component_or_incorrect_ion_role
vis,non_test,4694,O=S(=O)([O-])C(F)(F)C(F)(F)C(F)(F)C(F)(F)F,O=C([O-])C(F)(F)C(F)(F)C(F)(F)C(F)(F)F,O=S(=O)([O-])C(F)(F)C(F)(F)C(F)(F)C(F)(F)F.O=C([O-])C(F)(F)C(F)(F)C(F)(F)C(F)(F)F,exclude,-1,-1,False,neutral_component_or_incorrect_ion_role
vis,non_test,4695,O=S(=O)([O-])C(F)(F)C(F)(F)C(F)(F)C(F)(F)F,O=C([O-])C(F)(F)C(F)(F)C(F)(F)C(F)(F)F,O=S(=O)([O-])C(F)(F)C(F)(F)C(F)(F)C(F)(F)F.O=C([O-])C(F)(F)C(F)(F)C(F)(F)C(F)(F)F,exclude,-1,-1,False,neutral_component_or_incorrect_ion_role
vis,non_test,4696,O=S(=O)([O-])C(F)(F)C(F)(F)C(F)(F)C(F)(F)F,O=C([O-])C(F)(F)C(F)(F)C(F)(F)C(F)(F)F,O=S(=O)([O-])C(F)(F)C(F)(F)C(F)(F)C(F)(F)F.O=C([O-])C(F)(F)C(F)(F)C(F)(F)C(F)(F)F,exclude,-1,-1,False,neutral_component_or_incorrect_ion_role
vis,non_test,4697,O=S(=O)([O-])C(F)(F)C(F)(F)C(F)(F)C(F)(F)F,O=C([O-])C(F)(F)C(F)(F)C(F)(F)C(F)(F)F,O=S(=O)([O-])C(F)(F)C(F)(F)C(F)(F)C(F)(F)F.O=C([O-])C(F)(F)C(F)(F)C(F)(F)C(F)(F)F,exclude,-1,-1,False,neutral_component_or_incorrect_ion_role
vis,non_test,4698,O=S(=O)([O-])C(F)(F)C(F)(F)C(F)(F)C(F)(F)F,O=C([O-])C(F)(F)C(F)(F)C(F)(F)C(F)(F)F,O=S(=O)([O-])C(F)(F)C(F)(F)C(F)(F)C(F)(F)F.O=C([O-])C(F)(F)C(F)(F)C(F)(F)C(F)(F)F,exclude,-1,-1,False,neutral_component_or_incorrect_ion_role
vis,non_test,4699,O=S(=O)([O-])C(F)(F)C(F)(F)C(F)(F)C(F)(F)F,O=C([O-])C(F)(F)C(F)(F)C(F)(F)C(F)(F)F,O=S(=O)([O-])C(F)(F)C(F)(F)C(F)(F)C(F)(F)F.O=C([O-])C(F)(F)C(F)(F)C(F)(F)C(F)(F)F,exclude,-1,-1,False,neutral_component_or_incorrect_ion_role
vis,non_test,4700,O=S(=O)([O-])C(F)(F)C(F)(F)C(F)(F)C(F)(F)F,O=C([O-])C(F)(F)C(F)(F)C(F)(F)C(F)(F)F,O=S(=O)([O-])C(F)(F)C(F)(F)C(F)(F)C(F)(F)F.O=C([O-])C(F)(F)C(F)(F)C(F)(F)C(F)(F)F,exclude,-1,-1,False,neutral_component_or_incorrect_ion_role
vis,non_test,4701,O=S(=O)([O-])C(F)(F)C(F)(F)C(F)(F)C(F)(F)F,O=C([O-])C(F)(F)C(F)(F)C(F)(F)C(F)(F)F,O=S(=O)([O-])C(F)(F)C(F)(F)C(F)(F)C(F)(F)F.O=C([O-])C(F)(F)C(F)(F)C(F)(F)C(F)(F)F,exclude,-1,-1,False,neutral_component_or_incorrect_ion_role
vis,non_test,4702,O=S(=O)([O-])C(F)(F)C(F)(F)C(F)(F)C(F)(F)F,O=C([O-])C(F)(F)C(F)(F)C(F)(F)C(F)(F)F,O=S(=O)([O-])C(F)(F)C(F)(F)C(F)(F)C(F)(F)F.O=C([O-])C(F)(F)C(F)(F)C(F)(F)C(F)(F)F,exclude,-1,-1,False,neutral_component_or_incorrect_ion_role
vis,non_test,4703,O=S(=O)([O-])C(F)(F)C(F)(F)C(F)(F)C(F)(F)F,O=C([O-])C(F)(F)C(F)(F)C(F)(F)C(F)(F)F,O=S(=O)([O-])C(F)(F)C(F)(F)C(F)(F)C(F)(F)F.O=C([O-])C(F)(F)C(F)(F)C(F)(F)C(F)(F)F,exclude,-1,-1,False,neutral_component_or_incorrect_ion_role
vis,non_test,4704,O=S(=O)([O-])C(F)(F)C(F)(F)C(F)(F)C(F)(F)F,O=C([O-])C(F)(F)C(F)(F)C(F)(F)C(F)(F)F,O=S(=O)([O-])C(F)(F)C(F)(F)C(F)(F)C(F)(F)F.O=C([O-])C(F)(F)C(F)(F)C(F)(F)C(F)(F)F,exclude,-1,-1,False,neutral_component_or_incorrect_ion_role
vis,non_test,4705,O=S(=O)([O-])C(F)(F)C(F)(F)C(F)(F)C(F)(F)F,O=C([O-])C(F)(F)C(F)(F)C(F)(F)C(F)(F)F,O=S(=O)([O-])C(F)(F)C(F)(F)C(F)(F)C(F)(F)F.O=C([O-])C(F)(F)C(F)(F)C(F)(F)C(F)(F)F,exclude,-1,-1,False,neutral_component_or_incorrect_ion_role
vis,non_test,4706,O=S(=O)([O-])C(F)(F)C(F)(F)C(F)(F)C(F)(F)F,O=C([O-])C(F)(F)C(F)(F)C(F)(F)C(F)(F)F,O=S(=O)([O-])C(F)(F)C(F)(F)C(F)(F)C(F)(F)F.O=C([O-])C(F)(F)C(F)(F)C(F)(F)C(F)(F)F,exclude,-1,-1,False,neutral_component_or_incorrect_ion_role
vis,non_test,6243,CCCCn1cc[n+](C)c1,O=S(=O)(F)NS(=O)(=O)F,CCCCn1cc[n+](C)c1.O=S(=O)(F)NS(=O)(=O)F,exclude,1,0,False,neutral_component_or_incorrect_ion_role
vis,non_test,6244,CCCCn1cc[n+](C)c1,O=S(=O)(F)NS(=O)(=O)F,CCCCn1cc[n+](C)c1.O=S(=O)(F)NS(=O)(=O)F,exclude,1,0,False,neutral_component_or_incorrect_ion_role
vis,non_test,6245,CCCCn1cc[n+](C)c1,O=S(=O)(F)NS(=O)(=O)F,CCCCn1cc[n+](C)c1.O=S(=O)(F)NS(=O)(=O)F,exclude,1,0,False,neutral_component_or_incorrect_ion_role
vis,non_test,6246,CCCCn1cc[n+](C)c1,O=S(=O)(F)NS(=O)(=O)F,CCCCn1cc[n+](C)c1.O=S(=O)(F)NS(=O)(=O)F,exclude,1,0,False,neutral_component_or_incorrect_ion_role
vis,non_test,6247,CCCCn1cc[n+](C)c1,O=S(=O)(F)NS(=O)(=O)F,CCCCn1cc[n+](C)c1.O=S(=O)(F)NS(=O)(=O)F,exclude,1,0,False,neutral_component_or_incorrect_ion_role
vis,non_test,6248,CCCCn1cc[n+](C)c1,O=S(=O)(F)NS(=O)(=O)F,CCCCn1cc[n+](C)c1.O=S(=O)(F)NS(=O)(=O)F,exclude,1,0,False,neutral_component_or_incorrect_ion_role
vis,non_test,6249,CCCCn1cc[n+](C)c1,O=S(=O)(F)NS(=O)(=O)F,CCCCn1cc[n+](C)c1.O=S(=O)(F)NS(=O)(=O)F,exclude,1,0,False,neutral_component_or_incorrect_ion_role
vis,non_test,6250,CCCCn1cc[n+](C)c1,O=S(=O)(F)NS(=O)(=O)F,CCCCn1cc[n+](C)c1.O=S(=O)(F)NS(=O)(=O)F,exclude,1,0,False,neutral_component_or_incorrect_ion_role
vis,non_test,6251,CCCCn1cc[n+](C)c1,O=S(=O)(F)NS(=O)(=O)F,CCCCn1cc[n+](C)c1.O=S(=O)(F)NS(=O)(=O)F,exclude,1,0,False,neutral_component_or_incorrect_ion_role
vis,non_test,6252,CCCCn1cc[n+](C)c1,O=S(=O)(F)NS(=O)(=O)F,CCCCn1cc[n+](C)c1.O=S(=O)(F)NS(=O)(=O)F,exclude,1,0,False,neutral_component_or_incorrect_ion_role
vis,non_test,6253,CCCCn1cc[n+](C)c1,O=S(=O)(F)NS(=O)(=O)F,CCCCn1cc[n+](C)c1.O=S(=O)(F)NS(=O)(=O)F,exclude,1,0,False,neutral_component_or_incorrect_ion_role
vis,non_test,6254,CCCCn1cc[n+](C)c1,O=S(=O)(F)NS(=O)(=O)F,CCCCn1cc[n+](C)c1.O=S(=O)(F)NS(=O)(=O)F,exclude,1,0,False,neutral_component_or_incorrect_ion_role
vis,non_test,6255,CCCCn1cc[n+](C)c1,O=S(=O)(F)NS(=O)(=O)F,CCCCn1cc[n+](C)c1.O=S(=O)(F)NS(=O)(=O)F,exclude,1,0,False,neutral_component_or_incorrect_ion_role
vis,non_test,4587,CC(C)C[P+](C)(CC(C)C)CC(C)C,Cc1ccc(S(=O)(=O)O)cc1,CC(C)C[P+](C)(CC(C)C)CC(C)C.Cc1ccc(S(=O)(=O)O)cc1,exclude,1,0,False,neutral_component_or_incorrect_ion_role
vis,non_test,4588,CC(C)C[P+](C)(CC(C)C)CC(C)C,Cc1ccc(S(=O)(=O)O)cc1,CC(C)C[P+](C)(CC(C)C)CC(C)C.Cc1ccc(S(=O)(=O)O)cc1,exclude,1,0,False,neutral_component_or_incorrect_ion_role
vis,non_test,4589,CC(C)C[P+](C)(CC(C)C)CC(C)C,Cc1ccc(S(=O)(=O)O)cc1,CC(C)C[P+](C)(CC(C)C)CC(C)C.Cc1ccc(S(=O)(=O)O)cc1,exclude,1,0,False,neutral_component_or_incorrect_ion_role
vis,non_test,4590,CC(C)C[P+](C)(CC(C)C)CC(C)C,Cc1ccc(S(=O)(=O)O)cc1,CC(C)C[P+](C)(CC(C)C)CC(C)C.Cc1ccc(S(=O)(=O)O)cc1,exclude,1,0,False,neutral_component_or_incorrect_ion_role
vis,non_test,4591,CC(C)C[P+](C)(CC(C)C)CC(C)C,Cc1ccc(S(=O)(=O)O)cc1,CC(C)C[P+](C)(CC(C)C)CC(C)C.Cc1ccc(S(=O)(=O)O)cc1,exclude,1,0,False,neutral_component_or_incorrect_ion_role
vis,non_test,4592,CC(C)C[P+](C)(CC(C)C)CC(C)C,Cc1ccc(S(=O)(=O)O)cc1,CC(C)C[P+](C)(CC(C)C)CC(C)C.Cc1ccc(S(=O)(=O)O)cc1,exclude,1,0,False,neutral_component_or_incorrect_ion_role
vis,non_test,4593,CC(C)C[P+](C)(CC(C)C)CC(C)C,Cc1ccc(S(=O)(=O)O)cc1,CC(C)C[P+](C)(CC(C)C)CC(C)C.Cc1ccc(S(=O)(=O)O)cc1,exclude,1,0,False,neutral_component_or_incorrect_ion_role
vis,non_test,4594,CC(C)C[P+](C)(CC(C)C)CC(C)C,Cc1ccc(S(=O)(=O)O)cc1,CC(C)C[P+](C)(CC(C)C)CC(C)C.Cc1ccc(S(=O)(=O)O)cc1,exclude,1,0,False,neutral_component_or_incorrect_ion_role
vis,non_test,4595,CC(C)C[P+](C)(CC(C)C)CC(C)C,Cc1ccc(S(=O)(=O)O)cc1,CC(C)C[P+](C)(CC(C)C)CC(C)C.Cc1ccc(S(=O)(=O)O)cc1,exclude,1,0,False,neutral_component_or_incorrect_ion_role
vis,non_test,4596,CC(C)C[P+](C)(CC(C)C)CC(C)C,Cc1ccc(S(=O)(=O)O)cc1,CC(C)C[P+](C)(CC(C)C)CC(C)C.Cc1ccc(S(=O)(=O)O)cc1,exclude,1,0,False,neutral_component_or_incorrect_ion_role
vis,non_test,4597,CC(C)C[P+](C)(CC(C)C)CC(C)C,Cc1ccc(S(=O)(=O)O)cc1,CC(C)C[P+](C)(CC(C)C)CC(C)C.Cc1ccc(S(=O)(=O)O)cc1,exclude,1,0,False,neutral_component_or_incorrect_ion_role
vis,non_test,4598,CC(C)C[P+](C)(CC(C)C)CC(C)C,Cc1ccc(S(=O)(=O)O)cc1,CC(C)C[P+](C)(CC(C)C)CC(C)C.Cc1ccc(S(=O)(=O)O)cc1,exclude,1,0,False,neutral_component_or_incorrect_ion_role
vis,non_test,4599,CC(C)C[P+](C)(CC(C)C)CC(C)C,Cc1ccc(S(=O)(=O)O)cc1,CC(C)C[P+](C)(CC(C)C)CC(C)C.Cc1ccc(S(=O)(=O)O)cc1,exclude,1,0,False,neutral_component_or_incorrect_ion_role
vis,non_test,4600,CC(C)C[P+](C)(CC(C)C)CC(C)C,Cc1ccc(S(=O)(=O)O)cc1,CC(C)C[P+](C)(CC(C)C)CC(C)C.Cc1ccc(S(=O)(=O)O)cc1,exclude,1,0,False,neutral_component_or_incorrect_ion_role
vis,non_test,4601,CC(C)C[P+](C)(CC(C)C)CC(C)C,Cc1ccc(S(=O)(=O)O)cc1,CC(C)C[P+](C)(CC(C)C)CC(C)C.Cc1ccc(S(=O)(=O)O)cc1,exclude,1,0,False,neutral_component_or_incorrect_ion_role
vis,non_test,5923,COCC[n+]1ccccc1,N#CNC#N,COCC[n+]1ccccc1.N#CNC#N,exclude,1,0,False,neutral_component_or_incorrect_ion_role
vis,non_test,5924,COCC[n+]1ccccc1,N#CNC#N,COCC[n+]1ccccc1.N#CNC#N,exclude,1,0,False,neutral_component_or_incorrect_ion_role
vis,non_test,5925,COCC[n+]1ccccc1,N#CNC#N,COCC[n+]1ccccc1.N#CNC#N,exclude,1,0,False,neutral_component_or_incorrect_ion_role
vis,non_test,5926,COCC[n+]1ccccc1,N#CNC#N,COCC[n+]1ccccc1.N#CNC#N,exclude,1,0,False,neutral_component_or_incorrect_ion_role
vis,non_test,5927,COCC[n+]1ccccc1,N#CNC#N,COCC[n+]1ccccc1.N#CNC#N,exclude,1,0,False,neutral_component_or_incorrect_ion_role
vis,non_test,5928,COCC[n+]1ccccc1,N#CNC#N,COCC[n+]1ccccc1.N#CNC#N,exclude,1,0,False,neutral_component_or_incorrect_ion_role
vis,non_test,5929,COCC[n+]1ccccc1,N#CNC#N,COCC[n+]1ccccc1.N#CNC#N,exclude,1,0,False,neutral_component_or_incorrect_ion_role
vis,non_test,5930,COCC[n+]1ccccc1,N#CNC#N,COCC[n+]1ccccc1.N#CNC#N,exclude,1,0,False,neutral_component_or_incorrect_ion_role
vis,non_test,5931,COCC[n+]1ccccc1,N#CNC#N,COCC[n+]1ccccc1.N#CNC#N,exclude,1,0,False,neutral_component_or_incorrect_ion_role
vis,non_test,5932,COCC[n+]1ccccc1,N#CNC#N,COCC[n+]1ccccc1.N#CNC#N,exclude,1,0,False,neutral_component_or_incorrect_ion_role
vis,non_test,5933,COCC[n+]1ccccc1,N#CNC#N,COCC[n+]1ccccc1.N#CNC#N,exclude,1,0,False,neutral_component_or_incorrect_ion_role
vis,non_test,5934,COCC[n+]1ccccc1,N#CNC#N,COCC[n+]1ccccc1.N#CNC#N,exclude,1,0,False,neutral_component_or_incorrect_ion_role
vis,non_test,5935,COCC[n+]1ccccc1,N#CNC#N,COCC[n+]1ccccc1.N#CNC#N,exclude,1,0,False,neutral_component_or_incorrect_ion_role
vis,non_test,4662,CCCCCC[n+]1ccc(C#N)cc1,O=S(=O)(NS(=O)(=O)C(F)(F)F)C(F)(F)F,CCCCCC[n+]1ccc(C#N)cc1.O=S(=O)(NS(=O)(=O)C(F)(F)F)C(F)(F)F,exclude,1,0,False,neutral_component_or_incorrect_ion_role
vis,non_test,4663,CCCCCC[n+]1ccc(C#N)cc1,O=S(=O)(NS(=O)(=O)C(F)(F)F)C(F)(F)F,CCCCCC[n+]1ccc(C#N)cc1.O=S(=O)(NS(=O)(=O)C(F)(F)F)C(F)(F)F,exclude,1,0,False,neutral_component_or_incorrect_ion_role
vis,non_test,4664,CCCCCC[n+]1ccc(C#N)cc1,O=S(=O)(NS(=O)(=O)C(F)(F)F)C(F)(F)F,CCCCCC[n+]1ccc(C#N)cc1.O=S(=O)(NS(=O)(=O)C(F)(F)F)C(F)(F)F,exclude,1,0,False,neutral_component_or_incorrect_ion_role
vis,non_test,4665,CCCCCC[n+]1ccc(C#N)cc1,O=S(=O)(NS(=O)(=O)C(F)(F)F)C(F)(F)F,CCCCCC[n+]1ccc(C#N)cc1.O=S(=O)(NS(=O)(=O)C(F)(F)F)C(F)(F)F,exclude,1,0,False,neutral_component_or_incorrect_ion_role
vis,non_test,4666,CCCCCC[n+]1ccc(C#N)cc1,O=S(=O)(NS(=O)(=O)C(F)(F)F)C(F)(F)F,CCCCCC[n+]1ccc(C#N)cc1.O=S(=O)(NS(=O)(=O)C(F)(F)F)C(F)(F)F,exclude,1,0,False,neutral_component_or_incorrect_ion_role
vis,non_test,4667,CCCCCC[n+]1ccc(C#N)cc1,O=S(=O)(NS(=O)(=O)C(F)(F)F)C(F)(F)F,CCCCCC[n+]1ccc(C#N)cc1.O=S(=O)(NS(=O)(=O)C(F)(F)F)C(F)(F)F,exclude,1,0,False,neutral_component_or_incorrect_ion_role
vis,non_test,4668,CCCCCC[n+]1ccc(C#N)cc1,O=S(=O)(NS(=O)(=O)C(F)(F)F)C(F)(F)F,CCCCCC[n+]1ccc(C#N)cc1.O=S(=O)(NS(=O)(=O)C(F)(F)F)C(F)(F)F,exclude,1,0,False,neutral_component_or_incorrect_ion_role
vis,non_test,4669,CCCCCC[n+]1ccc(C#N)cc1,O=S(=O)(NS(=O)(=O)C(F)(F)F)C(F)(F)F,CCCCCC[n+]1ccc(C#N)cc1.O=S(=O)(NS(=O)(=O)C(F)(F)F)C(F)(F)F,exclude,1,0,False,neutral_component_or_incorrect_ion_role
vis,non_test,4670,CCCCCC[n+]1ccc(C#N)cc1,O=S(=O)(NS(=O)(=O)C(F)(F)F)C(F)(F)F,CCCCCC[n+]1ccc(C#N)cc1.O=S(=O)(NS(=O)(=O)C(F)(F)F)C(F)(F)F,exclude,1,0,False,neutral_component_or_incorrect_ion_role
vis,non_test,4671,CCCCCC[n+]1ccc(C#N)cc1,O=S(=O)(NS(=O)(=O)C(F)(F)F)C(F)(F)F,CCCCCC[n+]1ccc(C#N)cc1.O=S(=O)(NS(=O)(=O)C(F)(F)F)C(F)(F)F,exclude,1,0,False,neutral_component_or_incorrect_ion_role
vis,non_test,4672,CCCCCC[n+]1ccc(C#N)cc1,O=S(=O)(NS(=O)(=O)C(F)(F)F)C(F)(F)F,CCCCCC[n+]1ccc(C#N)cc1.O=S(=O)(NS(=O)(=O)C(F)(F)F)C(F)(F)F,exclude,1,0,False,neutral_component_or_incorrect_ion_role
vis,non_test,4673,CCCCCC[n+]1ccc(C#N)cc1,O=S(=O)(NS(=O)(=O)C(F)(F)F)C(F)(F)F,CCCCCC[n+]1ccc(C#N)cc1.O=S(=O)(NS(=O)(=O)C(F)(F)F)C(F)(F)F,exclude,1,0,False,neutral_component_or_incorrect_ion_role
vis,non_test,4674,CCCCCC[n+]1ccc(C#N)cc1,O=S(=O)(NS(=O)(=O)C(F)(F)F)C(F)(F)F,CCCCCC[n+]1ccc(C#N)cc1.O=S(=O)(NS(=O)(=O)C(F)(F)F)C(F)(F)F,exclude,1,0,False,neutral_component_or_incorrect_ion_role
vis,non_test,4675,CCCCCC[n+]1ccc(C#N)cc1,O=S(=O)(NS(=O)(=O)C(F)(F)F)C(F)(F)F,CCCCCC[n+]1ccc(C#N)cc1.O=S(=O)(NS(=O)(=O)C(F)(F)F)C(F)(F)F,exclude,1,0,False,neutral_component_or_incorrect_ion_role
vis,non_test,4676,CCCCCC[n+]1ccc(C#N)cc1,O=S(=O)(NS(=O)(=O)C(F)(F)F)C(F)(F)F,CCCCCC[n+]1ccc(C#N)cc1.O=S(=O)(NS(=O)(=O)C(F)(F)F)C(F)(F)F,exclude,1,0,False,neutral_component_or_incorrect_ion_role
vis,non_test,4170,C=Cn1cc[n+](CC(CBr)N=[N+]=[N-])c1,N#CNC#N,C=Cn1cc[n+](CC(CBr)N=[N+]=[N-])c1.N#CNC#N,exclude,1,0,False,neutral_component_or_incorrect_ion_role
vis,non_test,4171,C=Cn1cc[n+](CC(CBr)N=[N+]=[N-])c1,N#CNC#N,C=Cn1cc[n+](CC(CBr)N=[N+]=[N-])c1.N#CNC#N,exclude,1,0,False,neutral_component_or_incorrect_ion_role
vis,non_test,4172,C=Cn1cc[n+](CC(CBr)N=[N+]=[N-])c1,N#CNC#N,C=Cn1cc[n+](CC(CBr)N=[N+]=[N-])c1.N#CNC#N,exclude,1,0,False,neutral_component_or_incorrect_ion_role
vis,non_test,4173,C=Cn1cc[n+](CC(CBr)N=[N+]=[N-])c1,N#CNC#N,C=Cn1cc[n+](CC(CBr)N=[N+]=[N-])c1.N#CNC#N,exclude,1,0,False,neutral_component_or_incorrect_ion_role
vis,non_test,4174,C=Cn1cc[n+](CC(CBr)N=[N+]=[N-])c1,N#CNC#N,C=Cn1cc[n+](CC(CBr)N=[N+]=[N-])c1.N#CNC#N,exclude,1,0,False,neutral_component_or_incorrect_ion_role
vis,non_test,4175,C=Cn1cc[n+](CC(CBr)N=[N+]=[N-])c1,N#CNC#N,C=Cn1cc[n+](CC(CBr)N=[N+]=[N-])c1.N#CNC#N,exclude,1,0,False,neutral_component_or_incorrect_ion_role
vis,non_test,4176,C=Cn1cc[n+](CC(CBr)N=[N+]=[N-])c1,N#CNC#N,C=Cn1cc[n+](CC(CBr)N=[N+]=[N-])c1.N#CNC#N,exclude,1,0,False,neutral_component_or_incorrect_ion_role
vis,non_test,4177,C=Cn1cc[n+](CC(CBr)N=[N+]=[N-])c1,N#CNC#N,C=Cn1cc[n+](CC(CBr)N=[N+]=[N-])c1.N#CNC#N,exclude,1,0,False,neutral_component_or_incorrect_ion_role
vis,non_test,4178,C=Cn1cc[n+](CC(CBr)N=[N+]=[N-])c1,N#CNC#N,C=Cn1cc[n+](CC(CBr)N=[N+]=[N-])c1.N#CNC#N,exclude,1,0,False,neutral_component_or_incorrect_ion_role
vis,non_test,4179,C=Cn1cc[n+](CC(CBr)N=[N+]=[N-])c1,N#CNC#N,C=Cn1cc[n+](CC(CBr)N=[N+]=[N-])c1.N#CNC#N,exclude,1,0,False,neutral_component_or_incorrect_ion_role
vis,non_test,4180,C=Cn1cc[n+](CC(CBr)N=[N+]=[N-])c1,N#CNC#N,C=Cn1cc[n+](CC(CBr)N=[N+]=[N-])c1.N#CNC#N,exclude,1,0,False,neutral_component_or_incorrect_ion_role
vis,non_test,4181,C=Cn1cc[n+](CC(CBr)N=[N+]=[N-])c1,N#CNC#N,C=Cn1cc[n+](CC(CBr)N=[N+]=[N-])c1.N#CNC#N,exclude,1,0,False,neutral_component_or_incorrect_ion_role
vis,non_test,4182,C=Cn1cc[n+](CC(CBr)N=[N+]=[N-])c1,N#CNC#N,C=Cn1cc[n+](CC(CBr)N=[N+]=[N-])c1.N#CNC#N,exclude,1,0,False,neutral_component_or_incorrect_ion_role
vis,non_test,4183,C=Cn1cc[n+](CC(CBr)N=[N+]=[N-])c1,N#CNC#N,C=Cn1cc[n+](CC(CBr)N=[N+]=[N-])c1.N#CNC#N,exclude,1,0,False,neutral_component_or_incorrect_ion_role
vis,non_test,13500,C=Cn1cc[n+](CC(CBr)N=[N+]=[N-])c1,N#CNC#N,C=Cn1cc[n+](CC(CBr)N=[N+]=[N-])c1.N#CNC#N,exclude,1,0,False,neutral_component_or_incorrect_ion_role
vis,non_test,11267,CCOCc1n(CC)cc[n+]1C,O=S(=O)(NS(=O)(=O)C(F)(F)F)C(F)(F)F,CCOCc1n(CC)cc[n+]1C.O=S(=O)(NS(=O)(=O)C(F)(F)F)C(F)(F)F,exclude,1,0,False,neutral_component_or_incorrect_ion_role
vis,non_test,11268,CCOCc1n(CC)cc[n+]1C,O=S(=O)(NS(=O)(=O)C(F)(F)F)C(F)(F)F,CCOCc1n(CC)cc[n+]1C.O=S(=O)(NS(=O)(=O)C(F)(F)F)C(F)(F)F,exclude,1,0,False,neutral_component_or_incorrect_ion_role
vis,non_test,11269,CCOCc1n(CC)cc[n+]1C,O=S(=O)(NS(=O)(=O)C(F)(F)F)C(F)(F)F,CCOCc1n(CC)cc[n+]1C.O=S(=O)(NS(=O)(=O)C(F)(F)F)C(F)(F)F,exclude,1,0,False,neutral_component_or_incorrect_ion_role
vis,non_test,11270,CCOCc1n(CC)cc[n+]1C,O=S(=O)(NS(=O)(=O)C(F)(F)F)C(F)(F)F,CCOCc1n(CC)cc[n+]1C.O=S(=O)(NS(=O)(=O)C(F)(F)F)C(F)(F)F,exclude,1,0,False,neutral_component_or_incorrect_ion_role
vis,non_test,11271,CCOCc1n(CC)cc[n+]1C,O=S(=O)(NS(=O)(=O)C(F)(F)F)C(F)(F)F,CCOCc1n(CC)cc[n+]1C.O=S(=O)(NS(=O)(=O)C(F)(F)F)C(F)(F)F,exclude,1,0,False,neutral_component_or_incorrect_ion_role
vis,non_test,11272,CCOCc1n(CC)cc[n+]1C,O=S(=O)(NS(=O)(=O)C(F)(F)F)C(F)(F)F,CCOCc1n(CC)cc[n+]1C.O=S(=O)(NS(=O)(=O)C(F)(F)F)C(F)(F)F,exclude,1,0,False,neutral_component_or_incorrect_ion_role
vis,non_test,12178,CCn1cc[n+](C)c1,O=S(=O)(NS(=O)(=O)C(F)(F)C(F)(F)F)C(F)(F)C(F)(F)F,CCn1cc[n+](C)c1.O=S(=O)(NS(=O)(=O)C(F)(F)C(F)(F)F)C(F)(F)C(F)(F)F,exclude,1,0,False,neutral_component_or_incorrect_ion_role
vis,non_test,2648,Cn1cc[n+](CC(CBr)N=[N+]=[N-])c1,N#CNC#N,Cn1cc[n+](CC(CBr)N=[N+]=[N-])c1.N#CNC#N,exclude,1,0,False,neutral_component_or_incorrect_ion_role
vis,non_test,2649,Cn1cc[n+](CC(CBr)N=[N+]=[N-])c1,N#CNC#N,Cn1cc[n+](CC(CBr)N=[N+]=[N-])c1.N#CNC#N,exclude,1,0,False,neutral_component_or_incorrect_ion_role
vis,non_test,2650,Cn1cc[n+](CC(CBr)N=[N+]=[N-])c1,N#CNC#N,Cn1cc[n+](CC(CBr)N=[N+]=[N-])c1.N#CNC#N,exclude,1,0,False,neutral_component_or_incorrect_ion_role
vis,non_test,2651,Cn1cc[n+](CC(CBr)N=[N+]=[N-])c1,N#CNC#N,Cn1cc[n+](CC(CBr)N=[N+]=[N-])c1.N#CNC#N,exclude,1,0,False,neutral_component_or_incorrect_ion_role
vis,non_test,2652,Cn1cc[n+](CC(CBr)N=[N+]=[N-])c1,N#CNC#N,Cn1cc[n+](CC(CBr)N=[N+]=[N-])c1.N#CNC#N,exclude,1,0,False,neutral_component_or_incorrect_ion_role
vis,non_test,2653,Cn1cc[n+](CC(CBr)N=[N+]=[N-])c1,N#CNC#N,Cn1cc[n+](CC(CBr)N=[N+]=[N-])c1.N#CNC#N,exclude,1,0,False,neutral_component_or_incorrect_ion_role
vis,non_test,2654,Cn1cc[n+](CC(CBr)N=[N+]=[N-])c1,N#CNC#N,Cn1cc[n+](CC(CBr)N=[N+]=[N-])c1.N#CNC#N,exclude,1,0,False,neutral_component_or_incorrect_ion_role
vis,non_test,2655,Cn1cc[n+](CC(CBr)N=[N+]=[N-])c1,N#CNC#N,Cn1cc[n+](CC(CBr)N=[N+]=[N-])c1.N#CNC#N,exclude,1,0,False,neutral_component_or_incorrect_ion_role
vis,non_test,2656,Cn1cc[n+](CC(CBr)N=[N+]=[N-])c1,N#CNC#N,Cn1cc[n+](CC(CBr)N=[N+]=[N-])c1.N#CNC#N,exclude,1,0,False,neutral_component_or_incorrect_ion_role
vis,non_test,2657,Cn1cc[n+](CC(CBr)N=[N+]=[N-])c1,N#CNC#N,Cn1cc[n+](CC(CBr)N=[N+]=[N-])c1.N#CNC#N,exclude,1,0,False,neutral_component_or_incorrect_ion_role
vis,non_test,2658,Cn1cc[n+](CC(CBr)N=[N+]=[N-])c1,N#CNC#N,Cn1cc[n+](CC(CBr)N=[N+]=[N-])c1.N#CNC#N,exclude,1,0,False,neutral_component_or_incorrect_ion_role
vis,non_test,2659,Cn1cc[n+](CC(CBr)N=[N+]=[N-])c1,N#CNC#N,Cn1cc[n+](CC(CBr)N=[N+]=[N-])c1.N#CNC#N,exclude,1,0,False,neutral_component_or_incorrect_ion_role
vis,non_test,2660,Cn1cc[n+](CC(CBr)N=[N+]=[N-])c1,N#CNC#N,Cn1cc[n+](CC(CBr)N=[N+]=[N-])c1.N#CNC#N,exclude,1,0,False,neutral_component_or_incorrect_ion_role
vis,non_test,2661,Cn1cc[n+](CC(CBr)N=[N+]=[N-])c1,N#CNC#N,Cn1cc[n+](CC(CBr)N=[N+]=[N-])c1.N#CNC#N,exclude,1,0,False,neutral_component_or_incorrect_ion_role
vis,non_test,2662,Cn1cc[n+](CC(CBr)N=[N+]=[N-])c1,N#CNC#N,Cn1cc[n+](CC(CBr)N=[N+]=[N-])c1.N#CNC#N,exclude,1,0,False,neutral_component_or_incorrect_ion_role
vis,non_test,2663,Cn1cc[n+](CC(CBr)N=[N+]=[N-])c1,N#CNC#N,Cn1cc[n+](CC(CBr)N=[N+]=[N-])c1.N#CNC#N,exclude,1,0,False,neutral_component_or_incorrect_ion_role
vis,non_test,2664,Cn1cc[n+](CC(CBr)N=[N+]=[N-])c1,N#CNC#N,Cn1cc[n+](CC(CBr)N=[N+]=[N-])c1.N#CNC#N,exclude,1,0,False,neutral_component_or_incorrect_ion_role
vis,non_test,2665,Cn1cc[n+](CC(CBr)N=[N+]=[N-])c1,N#CNC#N,Cn1cc[n+](CC(CBr)N=[N+]=[N-])c1.N#CNC#N,exclude,1,0,False,neutral_component_or_incorrect_ion_role
vis,non_test,5277,Cn1cc[n+](CC(CBr)N=[N+]=[N-])c1,N#CNC#N,Cn1cc[n+](CC(CBr)N=[N+]=[N-])c1.N#CNC#N,exclude,1,0,False,neutral_component_or_incorrect_ion_role
vis,non_test,5278,Cn1cc[n+](CC(CBr)N=[N+]=[N-])c1,N#CNC#N,Cn1cc[n+](CC(CBr)N=[N+]=[N-])c1.N#CNC#N,exclude,1,0,False,neutral_component_or_incorrect_ion_role
vis,non_test,5279,Cn1cc[n+](CC(CBr)N=[N+]=[N-])c1,N#CNC#N,Cn1cc[n+](CC(CBr)N=[N+]=[N-])c1.N#CNC#N,exclude,1,0,False,neutral_component_or_incorrect_ion_role
vis,non_test,5280,Cn1cc[n+](CC(CBr)N=[N+]=[N-])c1,N#CNC#N,Cn1cc[n+](CC(CBr)N=[N+]=[N-])c1.N#CNC#N,exclude,1,0,False,neutral_component_or_incorrect_ion_role
vis,non_test,5281,Cn1cc[n+](CC(CBr)N=[N+]=[N-])c1,N#CNC#N,Cn1cc[n+](CC(CBr)N=[N+]=[N-])c1.N#CNC#N,exclude,1,0,False,neutral_component_or_incorrect_ion_role
vis,non_test,5282,Cn1cc[n+](CC(CBr)N=[N+]=[N-])c1,N#CNC#N,Cn1cc[n+](CC(CBr)N=[N+]=[N-])c1.N#CNC#N,exclude,1,0,False,neutral_component_or_incorrect_ion_role
vis,non_test,5283,Cn1cc[n+](CC(CBr)N=[N+]=[N-])c1,N#CNC#N,Cn1cc[n+](CC(CBr)N=[N+]=[N-])c1.N#CNC#N,exclude,1,0,False,neutral_component_or_incorrect_ion_role
vis,non_test,5284,Cn1cc[n+](CC(CBr)N=[N+]=[N-])c1,N#CNC#N,Cn1cc[n+](CC(CBr)N=[N+]=[N-])c1.N#CNC#N,exclude,1,0,False,neutral_component_or_incorrect_ion_role
vis,non_test,5285,Cn1cc[n+](CC(CBr)N=[N+]=[N-])c1,N#CNC#N,Cn1cc[n+](CC(CBr)N=[N+]=[N-])c1.N#CNC#N,exclude,1,0,False,neutral_component_or_incorrect_ion_role
vis,non_test,5286,Cn1cc[n+](CC(CBr)N=[N+]=[N-])c1,N#CNC#N,Cn1cc[n+](CC(CBr)N=[N+]=[N-])c1.N#CNC#N,exclude,1,0,False,neutral_component_or_incorrect_ion_role
vis,non_test,5287,Cn1cc[n+](CC(CBr)N=[N+]=[N-])c1,N#CNC#N,Cn1cc[n+](CC(CBr)N=[N+]=[N-])c1.N#CNC#N,exclude,1,0,False,neutral_component_or_incorrect_ion_role
vis,non_test,12800,Cn1cc[n+](CC(CBr)N=[N+]=[N-])c1,N#CNC#N,Cn1cc[n+](CC(CBr)N=[N+]=[N-])c1.N#CNC#N,exclude,1,0,False,neutral_component_or_incorrect_ion_role
vis,non_test,12801,Cn1cc[n+](CC(CBr)N=[N+]=[N-])c1,N#CNC#N,Cn1cc[n+](CC(CBr)N=[N+]=[N-])c1.N#CNC#N,exclude,1,0,False,neutral_component_or_incorrect_ion_role
vis,non_test,12802,Cn1cc[n+](CC(CBr)N=[N+]=[N-])c1,N#CNC#N,Cn1cc[n+](CC(CBr)N=[N+]=[N-])c1.N#CNC#N,exclude,1,0,False,neutral_component_or_incorrect_ion_role
vis,non_test,12803,Cn1cc[n+](CC(CBr)N=[N+]=[N-])c1,N#CNC#N,Cn1cc[n+](CC(CBr)N=[N+]=[N-])c1.N#CNC#N,exclude,1,0,False,neutral_component_or_incorrect_ion_role
vis,non_test,12804,Cn1cc[n+](CC(CBr)N=[N+]=[N-])c1,N#CNC#N,Cn1cc[n+](CC(CBr)N=[N+]=[N-])c1.N#CNC#N,exclude,1,0,False,neutral_component_or_incorrect_ion_role
vis,non_test,12193,CC[S+](CC)CCOCCOCC[S+](CC)CC,N#CNC#N,CC[S+](CC)CCOCCOCC[S+](CC)CC.N#CNC#N,exclude,2,0,False,neutral_component_or_incorrect_ion_role
vis,non_test,4632,CCCCCC[n+]1cccc(C#N)c1,O=S(=O)(NS(=O)(=O)C(F)(F)F)C(F)(F)F,CCCCCC[n+]1cccc(C#N)c1.O=S(=O)(NS(=O)(=O)C(F)(F)F)C(F)(F)F,exclude,1,0,False,neutral_component_or_incorrect_ion_role
vis,non_test,4633,CCCCCC[n+]1cccc(C#N)c1,O=S(=O)(NS(=O)(=O)C(F)(F)F)C(F)(F)F,CCCCCC[n+]1cccc(C#N)c1.O=S(=O)(NS(=O)(=O)C(F)(F)F)C(F)(F)F,exclude,1,0,False,neutral_component_or_incorrect_ion_role
vis,non_test,4634,CCCCCC[n+]1cccc(C#N)c1,O=S(=O)(NS(=O)(=O)C(F)(F)F)C(F)(F)F,CCCCCC[n+]1cccc(C#N)c1.O=S(=O)(NS(=O)(=O)C(F)(F)F)C(F)(F)F,exclude,1,0,False,neutral_component_or_incorrect_ion_role
vis,non_test,4635,CCCCCC[n+]1cccc(C#N)c1,O=S(=O)(NS(=O)(=O)C(F)(F)F)C(F)(F)F,CCCCCC[n+]1cccc(C#N)c1.O=S(=O)(NS(=O)(=O)C(F)(F)F)C(F)(F)F,exclude,1,0,False,neutral_component_or_incorrect_ion_role
vis,non_test,4636,CCCCCC[n+]1cccc(C#N)c1,O=S(=O)(NS(=O)(=O)C(F)(F)F)C(F)(F)F,CCCCCC[n+]1cccc(C#N)c1.O=S(=O)(NS(=O)(=O)C(F)(F)F)C(F)(F)F,exclude,1,0,False,neutral_component_or_incorrect_ion_role
vis,non_test,4637,CCCCCC[n+]1cccc(C#N)c1,O=S(=O)(NS(=O)(=O)C(F)(F)F)C(F)(F)F,CCCCCC[n+]1cccc(C#N)c1.O=S(=O)(NS(=O)(=O)C(F)(F)F)C(F)(F)F,exclude,1,0,False,neutral_component_or_incorrect_ion_role
vis,non_test,4638,CCCCCC[n+]1cccc(C#N)c1,O=S(=O)(NS(=O)(=O)C(F)(F)F)C(F)(F)F,CCCCCC[n+]1cccc(C#N)c1.O=S(=O)(NS(=O)(=O)C(F)(F)F)C(F)(F)F,exclude,1,0,False,neutral_component_or_incorrect_ion_role
vis,non_test,4639,CCCCCC[n+]1cccc(C#N)c1,O=S(=O)(NS(=O)(=O)C(F)(F)F)C(F)(F)F,CCCCCC[n+]1cccc(C#N)c1.O=S(=O)(NS(=O)(=O)C(F)(F)F)C(F)(F)F,exclude,1,0,False,neutral_component_or_incorrect_ion_role
vis,non_test,4640,CCCCCC[n+]1cccc(C#N)c1,O=S(=O)(NS(=O)(=O)C(F)(F)F)C(F)(F)F,CCCCCC[n+]1cccc(C#N)c1.O=S(=O)(NS(=O)(=O)C(F)(F)F)C(F)(F)F,exclude,1,0,False,neutral_component_or_incorrect_ion_role
vis,non_test,4641,CCCCCC[n+]1cccc(C#N)c1,O=S(=O)(NS(=O)(=O)C(F)(F)F)C(F)(F)F,CCCCCC[n+]1cccc(C#N)c1.O=S(=O)(NS(=O)(=O)C(F)(F)F)C(F)(F)F,exclude,1,0,False,neutral_component_or_incorrect_ion_role
vis,non_test,4642,CCCCCC[n+]1cccc(C#N)c1,O=S(=O)(NS(=O)(=O)C(F)(F)F)C(F)(F)F,CCCCCC[n+]1cccc(C#N)c1.O=S(=O)(NS(=O)(=O)C(F)(F)F)C(F)(F)F,exclude,1,0,False,neutral_component_or_incorrect_ion_role
vis,non_test,4643,CCCCCC[n+]1cccc(C#N)c1,O=S(=O)(NS(=O)(=O)C(F)(F)F)C(F)(F)F,CCCCCC[n+]1cccc(C#N)c1.O=S(=O)(NS(=O)(=O)C(F)(F)F)C(F)(F)F,exclude,1,0,False,neutral_component_or_incorrect_ion_role
vis,non_test,4644,CCCCCC[n+]1cccc(C#N)c1,O=S(=O)(NS(=O)(=O)C(F)(F)F)C(F)(F)F,CCCCCC[n+]1cccc(C#N)c1.O=S(=O)(NS(=O)(=O)C(F)(F)F)C(F)(F)F,exclude,1,0,False,neutral_component_or_incorrect_ion_role
vis,non_test,4645,CCCCCC[n+]1cccc(C#N)c1,O=S(=O)(NS(=O)(=O)C(F)(F)F)C(F)(F)F,CCCCCC[n+]1cccc(C#N)c1.O=S(=O)(NS(=O)(=O)C(F)(F)F)C(F)(F)F,exclude,1,0,False,neutral_component_or_incorrect_ion_role
vis,non_test,4646,CCCCCC[n+]1cccc(C#N)c1,O=S(=O)(NS(=O)(=O)C(F)(F)F)C(F)(F)F,CCCCCC[n+]1cccc(C#N)c1.O=S(=O)(NS(=O)(=O)C(F)(F)F)C(F)(F)F,exclude,1,0,False,neutral_component_or_incorrect_ion_role
vis,non_test,4647,CCCCCCCC[n+]1cccc(C#N)c1,O=S(=O)(NS(=O)(=O)C(F)(F)F)C(F)(F)F,CCCCCCCC[n+]1cccc(C#N)c1.O=S(=O)(NS(=O)(=O)C(F)(F)F)C(F)(F)F,exclude,1,0,False,neutral_component_or_incorrect_ion_role
vis,non_test,4648,CCCCCCCC[n+]1cccc(C#N)c1,O=S(=O)(NS(=O)(=O)C(F)(F)F)C(F)(F)F,CCCCCCCC[n+]1cccc(C#N)c1.O=S(=O)(NS(=O)(=O)C(F)(F)F)C(F)(F)F,exclude,1,0,False,neutral_component_or_incorrect_ion_role
vis,non_test,4649,CCCCCCCC[n+]1cccc(C#N)c1,O=S(=O)(NS(=O)(=O)C(F)(F)F)C(F)(F)F,CCCCCCCC[n+]1cccc(C#N)c1.O=S(=O)(NS(=O)(=O)C(F)(F)F)C(F)(F)F,exclude,1,0,False,neutral_component_or_incorrect_ion_role
vis,non_test,4650,CCCCCCCC[n+]1cccc(C#N)c1,O=S(=O)(NS(=O)(=O)C(F)(F)F)C(F)(F)F,CCCCCCCC[n+]1cccc(C#N)c1.O=S(=O)(NS(=O)(=O)C(F)(F)F)C(F)(F)F,exclude,1,0,False,neutral_component_or_incorrect_ion_role
vis,non_test,4651,CCCCCCCC[n+]1cccc(C#N)c1,O=S(=O)(NS(=O)(=O)C(F)(F)F)C(F)(F)F,CCCCCCCC[n+]1cccc(C#N)c1.O=S(=O)(NS(=O)(=O)C(F)(F)F)C(F)(F)F,exclude,1,0,False,neutral_component_or_incorrect_ion_role
vis,non_test,4652,CCCCCCCC[n+]1cccc(C#N)c1,O=S(=O)(NS(=O)(=O)C(F)(F)F)C(F)(F)F,CCCCCCCC[n+]1cccc(C#N)c1.O=S(=O)(NS(=O)(=O)C(F)(F)F)C(F)(F)F,exclude,1,0,False,neutral_component_or_incorrect_ion_role
vis,non_test,4653,CCCCCCCC[n+]1cccc(C#N)c1,O=S(=O)(NS(=O)(=O)C(F)(F)F)C(F)(F)F,CCCCCCCC[n+]1cccc(C#N)c1.O=S(=O)(NS(=O)(=O)C(F)(F)F)C(F)(F)F,exclude,1,0,False,neutral_component_or_incorrect_ion_role
vis,non_test,4654,CCCCCCCC[n+]1cccc(C#N)c1,O=S(=O)(NS(=O)(=O)C(F)(F)F)C(F)(F)F,CCCCCCCC[n+]1cccc(C#N)c1.O=S(=O)(NS(=O)(=O)C(F)(F)F)C(F)(F)F,exclude,1,0,False,neutral_component_or_incorrect_ion_role
vis,non_test,4655,CCCCCCCC[n+]1cccc(C#N)c1,O=S(=O)(NS(=O)(=O)C(F)(F)F)C(F)(F)F,CCCCCCCC[n+]1cccc(C#N)c1.O=S(=O)(NS(=O)(=O)C(F)(F)F)C(F)(F)F,exclude,1,0,False,neutral_component_or_incorrect_ion_role
vis,non_test,4656,CCCCCCCC[n+]1cccc(C#N)c1,O=S(=O)(NS(=O)(=O)C(F)(F)F)C(F)(F)F,CCCCCCCC[n+]1cccc(C#N)c1.O=S(=O)(NS(=O)(=O)C(F)(F)F)C(F)(F)F,exclude,1,0,False,neutral_component_or_incorrect_ion_role
vis,non_test,4657,CCCCCCCC[n+]1cccc(C#N)c1,O=S(=O)(NS(=O)(=O)C(F)(F)F)C(F)(F)F,CCCCCCCC[n+]1cccc(C#N)c1.O=S(=O)(NS(=O)(=O)C(F)(F)F)C(F)(F)F,exclude,1,0,False,neutral_component_or_incorrect_ion_role
vis,non_test,4658,CCCCCCCC[n+]1cccc(C#N)c1,O=S(=O)(NS(=O)(=O)C(F)(F)F)C(F)(F)F,CCCCCCCC[n+]1cccc(C#N)c1.O=S(=O)(NS(=O)(=O)C(F)(F)F)C(F)(F)F,exclude,1,0,False,neutral_component_or_incorrect_ion_role
vis,non_test,4659,CCCCCCCC[n+]1cccc(C#N)c1,O=S(=O)(NS(=O)(=O)C(F)(F)F)C(F)(F)F,CCCCCCCC[n+]1cccc(C#N)c1.O=S(=O)(NS(=O)(=O)C(F)(F)F)C(F)(F)F,exclude,1,0,False,neutral_component_or_incorrect_ion_role
vis,non_test,4660,CCCCCCCC[n+]1cccc(C#N)c1,O=S(=O)(NS(=O)(=O)C(F)(F)F)C(F)(F)F,CCCCCCCC[n+]1cccc(C#N)c1.O=S(=O)(NS(=O)(=O)C(F)(F)F)C(F)(F)F,exclude,1,0,False,neutral_component_or_incorrect_ion_role
vis,non_test,4661,CCCCCCCC[n+]1cccc(C#N)c1,O=S(=O)(NS(=O)(=O)C(F)(F)F)C(F)(F)F,CCCCCCCC[n+]1cccc(C#N)c1.O=S(=O)(NS(=O)(=O)C(F)(F)F)C(F)(F)F,exclude,1,0,False,neutral_component_or_incorrect_ion_role
vis,non_test,9115,CCn1cc[n+](C)c1,CO[P+](=O)[O-],CCn1cc[n+](C)c1.CO[P+](=O)[O-],exclude,1,0,False,neutral_component_or_incorrect_ion_role
vis,non_test,9116,CCn1cc[n+](C)c1,CO[P+](=O)[O-],CCn1cc[n+](C)c1.CO[P+](=O)[O-],exclude,1,0,False,neutral_component_or_incorrect_ion_role
vis,non_test,9117,CCn1cc[n+](C)c1,CO[P+](=O)[O-],CCn1cc[n+](C)c1.CO[P+](=O)[O-],exclude,1,0,False,neutral_component_or_incorrect_ion_role
vis,non_test,9118,CCn1cc[n+](C)c1,CO[P+](=O)[O-],CCn1cc[n+](C)c1.CO[P+](=O)[O-],exclude,1,0,False,neutral_component_or_incorrect_ion_role
vis,non_test,9119,CCn1cc[n+](C)c1,CO[P+](=O)[O-],CCn1cc[n+](C)c1.CO[P+](=O)[O-],exclude,1,0,False,neutral_component_or_incorrect_ion_role
vis,non_test,9120,CCn1cc[n+](C)c1,CO[P+](=O)[O-],CCn1cc[n+](C)c1.CO[P+](=O)[O-],exclude,1,0,False,neutral_component_or_incorrect_ion_role
vis,non_test,9121,CCn1cc[n+](C)c1,CO[P+](=O)[O-],CCn1cc[n+](C)c1.CO[P+](=O)[O-],exclude,1,0,False,neutral_component_or_incorrect_ion_role
vis,non_test,9122,CCn1cc[n+](C)c1,CO[P+](=O)[O-],CCn1cc[n+](C)c1.CO[P+](=O)[O-],exclude,1,0,False,neutral_component_or_incorrect_ion_role
vis,non_test,9123,CCn1cc[n+](C)c1,CO[P+](=O)[O-],CCn1cc[n+](C)c1.CO[P+](=O)[O-],exclude,1,0,False,neutral_component_or_incorrect_ion_role
vis,non_test,10968,CCCCC[N+]1(C)CCOCC1,N#CNC#N,CCCCC[N+]1(C)CCOCC1.N#CNC#N,exclude,1,0,False,neutral_component_or_incorrect_ion_role
vis,non_test,10969,CCCCC[N+]1(C)CCOCC1,N#CNC#N,CCCCC[N+]1(C)CCOCC1.N#CNC#N,exclude,1,0,False,neutral_component_or_incorrect_ion_role
vis,non_test,10970,CCCCC[N+]1(C)CCOCC1,N#CNC#N,CCCCC[N+]1(C)CCOCC1.N#CNC#N,exclude,1,0,False,neutral_component_or_incorrect_ion_role
vis,non_test,10971,CCCCC[N+]1(C)CCOCC1,N#CNC#N,CCCCC[N+]1(C)CCOCC1.N#CNC#N,exclude,1,0,False,neutral_component_or_incorrect_ion_role
vis,non_test,10972,CCCCC[N+]1(C)CCOCC1,N#CNC#N,CCCCC[N+]1(C)CCOCC1.N#CNC#N,exclude,1,0,False,neutral_component_or_incorrect_ion_role
vis,non_test,10973,CCCCC[N+]1(C)CCOCC1,N#CNC#N,CCCCC[N+]1(C)CCOCC1.N#CNC#N,exclude,1,0,False,neutral_component_or_incorrect_ion_role
vis,non_test,10974,CCCCC[N+]1(C)CCOCC1,N#CNC#N,CCCCC[N+]1(C)CCOCC1.N#CNC#N,exclude,1,0,False,neutral_component_or_incorrect_ion_role
vis,non_test,6062,CC[N+](C)(C)CCOC(C)=O,O=S(=O)(NS(=O)(=O)C(F)(F)F)C(F)(F)F,CC[N+](C)(C)CCOC(C)=O.O=S(=O)(NS(=O)(=O)C(F)(F)F)C(F)(F)F,exclude,1,0,False,neutral_component_or_incorrect_ion_role
vis,non_test,6063,CC[N+](C)(C)CCOC(C)=O,O=S(=O)(NS(=O)(=O)C(F)(F)F)C(F)(F)F,CC[N+](C)(C)CCOC(C)=O.O=S(=O)(NS(=O)(=O)C(F)(F)F)C(F)(F)F,exclude,1,0,False,neutral_component_or_incorrect_ion_role
vis,non_test,6064,CC[N+](C)(C)CCOC(C)=O,O=S(=O)(NS(=O)(=O)C(F)(F)F)C(F)(F)F,CC[N+](C)(C)CCOC(C)=O.O=S(=O)(NS(=O)(=O)C(F)(F)F)C(F)(F)F,exclude,1,0,False,neutral_component_or_incorrect_ion_role
vis,non_test,6065,CC[N+](C)(C)CCOC(C)=O,O=S(=O)(NS(=O)(=O)C(F)(F)F)C(F)(F)F,CC[N+](C)(C)CCOC(C)=O.O=S(=O)(NS(=O)(=O)C(F)(F)F)C(F)(F)F,exclude,1,0,False,neutral_component_or_incorrect_ion_role
vis,non_test,6066,CC[N+](C)(C)CCOC(C)=O,O=S(=O)(NS(=O)(=O)C(F)(F)F)C(F)(F)F,CC[N+](C)(C)CCOC(C)=O.O=S(=O)(NS(=O)(=O)C(F)(F)F)C(F)(F)F,exclude,1,0,False,neutral_component_or_incorrect_ion_role
vis,non_test,6067,CC[N+](C)(C)CCOC(C)=O,O=S(=O)(NS(=O)(=O)C(F)(F)F)C(F)(F)F,CC[N+](C)(C)CCOC(C)=O.O=S(=O)(NS(=O)(=O)C(F)(F)F)C(F)(F)F,exclude,1,0,False,neutral_component_or_incorrect_ion_role
vis,non_test,6068,CC[N+](C)(C)CCOC(C)=O,O=S(=O)(NS(=O)(=O)C(F)(F)F)C(F)(F)F,CC[N+](C)(C)CCOC(C)=O.O=S(=O)(NS(=O)(=O)C(F)(F)F)C(F)(F)F,exclude,1,0,False,neutral_component_or_incorrect_ion_role
vis,non_test,6069,CC[N+](C)(C)CCOC(C)=O,O=S(=O)(NS(=O)(=O)C(F)(F)F)C(F)(F)F,CC[N+](C)(C)CCOC(C)=O.O=S(=O)(NS(=O)(=O)C(F)(F)F)C(F)(F)F,exclude,1,0,False,neutral_component_or_incorrect_ion_role
vis,non_test,6070,CC[N+](C)(C)CCOC(C)=O,O=S(=O)(NS(=O)(=O)C(F)(F)F)C(F)(F)F,CC[N+](C)(C)CCOC(C)=O.O=S(=O)(NS(=O)(=O)C(F)(F)F)C(F)(F)F,exclude,1,0,False,neutral_component_or_incorrect_ion_role
vis,non_test,6071,CC[N+](C)(C)CCOC(C)=O,O=S(=O)(NS(=O)(=O)C(F)(F)F)C(F)(F)F,CC[N+](C)(C)CCOC(C)=O.O=S(=O)(NS(=O)(=O)C(F)(F)F)C(F)(F)F,exclude,1,0,False,neutral_component_or_incorrect_ion_role
vis,non_test,6072,CC[N+](C)(C)CCOC(C)=O,O=S(=O)(NS(=O)(=O)C(F)(F)F)C(F)(F)F,CC[N+](C)(C)CCOC(C)=O.O=S(=O)(NS(=O)(=O)C(F)(F)F)C(F)(F)F,exclude,1,0,False,neutral_component_or_incorrect_ion_role
vis,non_test,6073,CC[N+](C)(C)CCOC(C)=O,O=S(=O)(NS(=O)(=O)C(F)(F)F)C(F)(F)F,CC[N+](C)(C)CCOC(C)=O.O=S(=O)(NS(=O)(=O)C(F)(F)F)C(F)(F)F,exclude,1,0,False,neutral_component_or_incorrect_ion_role
vis,non_test,6074,CC[N+](C)(C)CCOC(C)=O,O=S(=O)(NS(=O)(=O)C(F)(F)F)C(F)(F)F,CC[N+](C)(C)CCOC(C)=O.O=S(=O)(NS(=O)(=O)C(F)(F)F)C(F)(F)F,exclude,1,0,False,neutral_component_or_incorrect_ion_role
vis,non_test,10954,CCC[N+]1(C)CCOCC1,N#CNC#N,CCC[N+]1(C)CCOCC1.N#CNC#N,exclude,1,0,False,neutral_component_or_incorrect_ion_role
vis,non_test,10955,CCC[N+]1(C)CCOCC1,N#CNC#N,CCC[N+]1(C)CCOCC1.N#CNC#N,exclude,1,0,False,neutral_component_or_incorrect_ion_role
vis,non_test,10956,CCC[N+]1(C)CCOCC1,N#CNC#N,CCC[N+]1(C)CCOCC1.N#CNC#N,exclude,1,0,False,neutral_component_or_incorrect_ion_role
vis,non_test,10957,CCC[N+]1(C)CCOCC1,N#CNC#N,CCC[N+]1(C)CCOCC1.N#CNC#N,exclude,1,0,False,neutral_component_or_incorrect_ion_role
vis,non_test,10958,CCC[N+]1(C)CCOCC1,N#CNC#N,CCC[N+]1(C)CCOCC1.N#CNC#N,exclude,1,0,False,neutral_component_or_incorrect_ion_role
vis,non_test,10959,CCC[N+]1(C)CCOCC1,N#CNC#N,CCC[N+]1(C)CCOCC1.N#CNC#N,exclude,1,0,False,neutral_component_or_incorrect_ion_role
vis,non_test,10960,CCC[N+]1(C)CCOCC1,N#CNC#N,CCC[N+]1(C)CCOCC1.N#CNC#N,exclude,1,0,False,neutral_component_or_incorrect_ion_role
vis,non_test,11309,Cc1cccc[n+]1C,O=S(=O)(NS(=O)(=O)C(F)(F)F)C(F)(F)F,Cc1cccc[n+]1C.O=S(=O)(NS(=O)(=O)C(F)(F)F)C(F)(F)F,exclude,1,0,False,neutral_component_or_incorrect_ion_role
vis,non_test,11310,Cc1cccc[n+]1C,O=S(=O)(NS(=O)(=O)C(F)(F)F)C(F)(F)F,Cc1cccc[n+]1C.O=S(=O)(NS(=O)(=O)C(F)(F)F)C(F)(F)F,exclude,1,0,False,neutral_component_or_incorrect_ion_role
vis,non_test,11311,Cc1cccc[n+]1C,O=S(=O)(NS(=O)(=O)C(F)(F)F)C(F)(F)F,Cc1cccc[n+]1C.O=S(=O)(NS(=O)(=O)C(F)(F)F)C(F)(F)F,exclude,1,0,False,neutral_component_or_incorrect_ion_role
vis,non_test,11312,Cc1cccc[n+]1C,O=S(=O)(NS(=O)(=O)C(F)(F)F)C(F)(F)F,Cc1cccc[n+]1C.O=S(=O)(NS(=O)(=O)C(F)(F)F)C(F)(F)F,exclude,1,0,False,neutral_component_or_incorrect_ion_role
vis,non_test,11313,Cc1cccc[n+]1C,O=S(=O)(NS(=O)(=O)C(F)(F)F)C(F)(F)F,Cc1cccc[n+]1C.O=S(=O)(NS(=O)(=O)C(F)(F)F)C(F)(F)F,exclude,1,0,False,neutral_component_or_incorrect_ion_role
vis,non_test,11314,Cc1cccc[n+]1C,O=S(=O)(NS(=O)(=O)C(F)(F)F)C(F)(F)F,Cc1cccc[n+]1C.O=S(=O)(NS(=O)(=O)C(F)(F)F)C(F)(F)F,exclude,1,0,False,neutral_component_or_incorrect_ion_role
vis,non_test,3322,CCCCn1cc[n+](C)c1,N#CS[Zn-2](SC#N)(SC#N)SC#N,CCCCn1cc[n+](C)c1.N#CS[Zn-2](SC#N)(SC#N)SC#N,exclude,1,-2,False,multivalent_salt_requires_explicit_stoichiometry
vis,non_test,3323,CCCCn1cc[n+](C)c1,N#CS[Zn-2](SC#N)(SC#N)SC#N,CCCCn1cc[n+](C)c1.N#CS[Zn-2](SC#N)(SC#N)SC#N,exclude,1,-2,False,multivalent_salt_requires_explicit_stoichiometry
vis,non_test,3324,CCCCn1cc[n+](C)c1,N#CS[Zn-2](SC#N)(SC#N)SC#N,CCCCn1cc[n+](C)c1.N#CS[Zn-2](SC#N)(SC#N)SC#N,exclude,1,-2,False,multivalent_salt_requires_explicit_stoichiometry
vis,non_test,3325,CCCCn1cc[n+](C)c1,N#CS[Zn-2](SC#N)(SC#N)SC#N,CCCCn1cc[n+](C)c1.N#CS[Zn-2](SC#N)(SC#N)SC#N,exclude,1,-2,False,multivalent_salt_requires_explicit_stoichiometry
vis,non_test,3326,CCCCn1cc[n+](C)c1,N#CS[Zn-2](SC#N)(SC#N)SC#N,CCCCn1cc[n+](C)c1.N#CS[Zn-2](SC#N)(SC#N)SC#N,exclude,1,-2,False,multivalent_salt_requires_explicit_stoichiometry
vis,non_test,3327,CCCCn1cc[n+](C)c1,N#CS[Zn-2](SC#N)(SC#N)SC#N,CCCCn1cc[n+](C)c1.N#CS[Zn-2](SC#N)(SC#N)SC#N,exclude,1,-2,False,multivalent_salt_requires_explicit_stoichiometry
vis,non_test,3328,CCCCn1cc[n+](C)c1,N#CS[Zn-2](SC#N)(SC#N)SC#N,CCCCn1cc[n+](C)c1.N#CS[Zn-2](SC#N)(SC#N)SC#N,exclude,1,-2,False,multivalent_salt_requires_explicit_stoichiometry
vis,non_test,3329,CCCCn1cc[n+](C)c1,N#CS[Zn-2](SC#N)(SC#N)SC#N,CCCCn1cc[n+](C)c1.N#CS[Zn-2](SC#N)(SC#N)SC#N,exclude,1,-2,False,multivalent_salt_requires_explicit_stoichiometry
vis,non_test,3330,CCCCn1cc[n+](C)c1,N#CS[Zn-2](SC#N)(SC#N)SC#N,CCCCn1cc[n+](C)c1.N#CS[Zn-2](SC#N)(SC#N)SC#N,exclude,1,-2,False,multivalent_salt_requires_explicit_stoichiometry
vis,non_test,3331,CCCCn1cc[n+](C)c1,N#CS[Zn-2](SC#N)(SC#N)SC#N,CCCCn1cc[n+](C)c1.N#CS[Zn-2](SC#N)(SC#N)SC#N,exclude,1,-2,False,multivalent_salt_requires_explicit_stoichiometry
vis,non_test,3332,CCCCn1cc[n+](C)c1,N#CS[Zn-2](SC#N)(SC#N)SC#N,CCCCn1cc[n+](C)c1.N#CS[Zn-2](SC#N)(SC#N)SC#N,exclude,1,-2,False,multivalent_salt_requires_explicit_stoichiometry
vis,non_test,3333,CCCCn1cc[n+](C)c1,N#CS[Zn-2](SC#N)(SC#N)SC#N,CCCCn1cc[n+](C)c1.N#CS[Zn-2](SC#N)(SC#N)SC#N,exclude,1,-2,False,multivalent_salt_requires_explicit_stoichiometry
vis,non_test,3334,CCCCn1cc[n+](C)c1,N#CS[Zn-2](SC#N)(SC#N)SC#N,CCCCn1cc[n+](C)c1.N#CS[Zn-2](SC#N)(SC#N)SC#N,exclude,1,-2,False,multivalent_salt_requires_explicit_stoichiometry
vis,non_test,3335,CCCCn1cc[n+](C)c1,N#CS[Zn-2](SC#N)(SC#N)SC#N,CCCCn1cc[n+](C)c1.N#CS[Zn-2](SC#N)(SC#N)SC#N,exclude,1,-2,False,multivalent_salt_requires_explicit_stoichiometry
vis,non_test,3336,CCCCn1cc[n+](C)c1,N#CS[Zn-2](SC#N)(SC#N)SC#N,CCCCn1cc[n+](C)c1.N#CS[Zn-2](SC#N)(SC#N)SC#N,exclude,1,-2,False,multivalent_salt_requires_explicit_stoichiometry
vis,non_test,3337,CCCCn1cc[n+](C)c1,N#CS[Zn-2](SC#N)(SC#N)SC#N,CCCCn1cc[n+](C)c1.N#CS[Zn-2](SC#N)(SC#N)SC#N,exclude,1,-2,False,multivalent_salt_requires_explicit_stoichiometry
vis,non_test,3338,CCCCn1cc[n+](C)c1,N#CS[Zn-2](SC#N)(SC#N)SC#N,CCCCn1cc[n+](C)c1.N#CS[Zn-2](SC#N)(SC#N)SC#N,exclude,1,-2,False,multivalent_salt_requires_explicit_stoichiometry
vis,non_test,3339,CCCCn1cc[n+](C)c1,N#CS[Zn-2](SC#N)(SC#N)SC#N,CCCCn1cc[n+](C)c1.N#CS[Zn-2](SC#N)(SC#N)SC#N,exclude,1,-2,False,multivalent_salt_requires_explicit_stoichiometry
vis,non_test,3340,CCCCn1cc[n+](C)c1,N#CS[Zn-2](SC#N)(SC#N)SC#N,CCCCn1cc[n+](C)c1.N#CS[Zn-2](SC#N)(SC#N)SC#N,exclude,1,-2,False,multivalent_salt_requires_explicit_stoichiometry
vis,non_test,9691,CCC[n+]1ccccc1,N#CNC#N,CCC[n+]1ccccc1.N#CNC#N,exclude,1,0,False,neutral_component_or_incorrect_ion_role
vis,non_test,9692,CCC[n+]1ccccc1,N#CNC#N,CCC[n+]1ccccc1.N#CNC#N,exclude,1,0,False,neutral_component_or_incorrect_ion_role
vis,non_test,9693,CCC[n+]1ccccc1,N#CNC#N,CCC[n+]1ccccc1.N#CNC#N,exclude,1,0,False,neutral_component_or_incorrect_ion_role
vis,non_test,9694,CCC[n+]1ccccc1,N#CNC#N,CCC[n+]1ccccc1.N#CNC#N,exclude,1,0,False,neutral_component_or_incorrect_ion_role
vis,non_test,9695,CCC[n+]1ccccc1,N#CNC#N,CCC[n+]1ccccc1.N#CNC#N,exclude,1,0,False,neutral_component_or_incorrect_ion_role
vis,non_test,9696,CCC[n+]1ccccc1,N#CNC#N,CCC[n+]1ccccc1.N#CNC#N,exclude,1,0,False,neutral_component_or_incorrect_ion_role
vis,non_test,9697,CCC[n+]1ccccc1,N#CNC#N,CCC[n+]1ccccc1.N#CNC#N,exclude,1,0,False,neutral_component_or_incorrect_ion_role
vis,non_test,9698,CCC[n+]1ccccc1,N#CNC#N,CCC[n+]1ccccc1.N#CNC#N,exclude,1,0,False,neutral_component_or_incorrect_ion_role
vis,non_test,9699,CCC[n+]1ccccc1,N#CNC#N,CCC[n+]1ccccc1.N#CNC#N,exclude,1,0,False,neutral_component_or_incorrect_ion_role
vis,non_test,12199,C[N+]1(CCOCCOCC[N+]2(C)CCCC2)CCCC1,N#CNC#N,C[N+]1(CCOCCOCC[N+]2(C)CCCC2)CCCC1.N#CNC#N,exclude,2,0,False,neutral_component_or_incorrect_ion_role
vis,non_test,3202,CCCCn1cc[n+](C)c1,COP(=O)(O)OC,CCCCn1cc[n+](C)c1.COP(=O)(O)OC,exclude,1,0,False,neutral_component_or_incorrect_ion_role
vis,non_test,3203,CCCCn1cc[n+](C)c1,COP(=O)(O)OC,CCCCn1cc[n+](C)c1.COP(=O)(O)OC,exclude,1,0,False,neutral_component_or_incorrect_ion_role
vis,non_test,3204,CCCCn1cc[n+](C)c1,COP(=O)(O)OC,CCCCn1cc[n+](C)c1.COP(=O)(O)OC,exclude,1,0,False,neutral_component_or_incorrect_ion_role
vis,non_test,3205,CCCCn1cc[n+](C)c1,COP(=O)(O)OC,CCCCn1cc[n+](C)c1.COP(=O)(O)OC,exclude,1,0,False,neutral_component_or_incorrect_ion_role
vis,non_test,3206,CCCCn1cc[n+](C)c1,COP(=O)(O)OC,CCCCn1cc[n+](C)c1.COP(=O)(O)OC,exclude,1,0,False,neutral_component_or_incorrect_ion_role
vis,non_test,3207,CCCCn1cc[n+](C)c1,COP(=O)(O)OC,CCCCn1cc[n+](C)c1.COP(=O)(O)OC,exclude,1,0,False,neutral_component_or_incorrect_ion_role
vis,non_test,3208,CCCCn1cc[n+](C)c1,COP(=O)(O)OC,CCCCn1cc[n+](C)c1.COP(=O)(O)OC,exclude,1,0,False,neutral_component_or_incorrect_ion_role
vis,non_test,3209,CCCCn1cc[n+](C)c1,COP(=O)(O)OC,CCCCn1cc[n+](C)c1.COP(=O)(O)OC,exclude,1,0,False,neutral_component_or_incorrect_ion_role
vis,non_test,3210,CCCCn1cc[n+](C)c1,COP(=O)(O)OC,CCCCn1cc[n+](C)c1.COP(=O)(O)OC,exclude,1,0,False,neutral_component_or_incorrect_ion_role
vis,non_test,3211,CCCCn1cc[n+](C)c1,COP(=O)(O)OC,CCCCn1cc[n+](C)c1.COP(=O)(O)OC,exclude,1,0,False,neutral_component_or_incorrect_ion_role
vis,non_test,3212,CCCCn1cc[n+](C)c1,COP(=O)(O)OC,CCCCn1cc[n+](C)c1.COP(=O)(O)OC,exclude,1,0,False,neutral_component_or_incorrect_ion_role
vis,non_test,3213,CCCCn1cc[n+](C)c1,COP(=O)(O)OC,CCCCn1cc[n+](C)c1.COP(=O)(O)OC,exclude,1,0,False,neutral_component_or_incorrect_ion_role
vis,non_test,3214,CCCCn1cc[n+](C)c1,COP(=O)(O)OC,CCCCn1cc[n+](C)c1.COP(=O)(O)OC,exclude,1,0,False,neutral_component_or_incorrect_ion_role
vis,non_test,3215,CCCCn1cc[n+](C)c1,COP(=O)(O)OC,CCCCn1cc[n+](C)c1.COP(=O)(O)OC,exclude,1,0,False,neutral_component_or_incorrect_ion_role
vis,non_test,3216,CCCCn1cc[n+](C)c1,COP(=O)(O)OC,CCCCn1cc[n+](C)c1.COP(=O)(O)OC,exclude,1,0,False,neutral_component_or_incorrect_ion_role
vis,non_test,3217,CCCCn1cc[n+](C)c1,COP(=O)(O)OC,CCCCn1cc[n+](C)c1.COP(=O)(O)OC,exclude,1,0,False,neutral_component_or_incorrect_ion_role
vis,non_test,3218,CCCCn1cc[n+](C)c1,COP(=O)(O)OC,CCCCn1cc[n+](C)c1.COP(=O)(O)OC,exclude,1,0,False,neutral_component_or_incorrect_ion_role
vis,non_test,3219,CCCCn1cc[n+](C)c1,COP(=O)(O)OC,CCCCn1cc[n+](C)c1.COP(=O)(O)OC,exclude,1,0,False,neutral_component_or_incorrect_ion_role
vis,non_test,3220,CCCCn1cc[n+](C)c1,COP(=O)(O)OC,CCCCn1cc[n+](C)c1.COP(=O)(O)OC,exclude,1,0,False,neutral_component_or_incorrect_ion_role
vis,non_test,3221,CCCCn1cc[n+](C)c1,COP(=O)(O)OC,CCCCn1cc[n+](C)c1.COP(=O)(O)OC,exclude,1,0,False,neutral_component_or_incorrect_ion_role
vis,non_test,3878,CCCCn1cc[n+](C)c1,COP(=O)(O)OC,CCCCn1cc[n+](C)c1.COP(=O)(O)OC,exclude,1,0,False,neutral_component_or_incorrect_ion_role
vis,non_test,3879,CCCCn1cc[n+](C)c1,COP(=O)(O)OC,CCCCn1cc[n+](C)c1.COP(=O)(O)OC,exclude,1,0,False,neutral_component_or_incorrect_ion_role
vis,non_test,3880,CCCCn1cc[n+](C)c1,COP(=O)(O)OC,CCCCn1cc[n+](C)c1.COP(=O)(O)OC,exclude,1,0,False,neutral_component_or_incorrect_ion_role
vis,non_test,3881,CCCCn1cc[n+](C)c1,COP(=O)(O)OC,CCCCn1cc[n+](C)c1.COP(=O)(O)OC,exclude,1,0,False,neutral_component_or_incorrect_ion_role
vis,non_test,3882,CCCCn1cc[n+](C)c1,COP(=O)(O)OC,CCCCn1cc[n+](C)c1.COP(=O)(O)OC,exclude,1,0,False,neutral_component_or_incorrect_ion_role
vis,non_test,3883,CCCCn1cc[n+](C)c1,COP(=O)(O)OC,CCCCn1cc[n+](C)c1.COP(=O)(O)OC,exclude,1,0,False,neutral_component_or_incorrect_ion_role
vis,non_test,3884,CCCCn1cc[n+](C)c1,COP(=O)(O)OC,CCCCn1cc[n+](C)c1.COP(=O)(O)OC,exclude,1,0,False,neutral_component_or_incorrect_ion_role
vis,non_test,3885,CCCCn1cc[n+](C)c1,COP(=O)(O)OC,CCCCn1cc[n+](C)c1.COP(=O)(O)OC,exclude,1,0,False,neutral_component_or_incorrect_ion_role
vis,non_test,3886,CCCCn1cc[n+](C)c1,COP(=O)(O)OC,CCCCn1cc[n+](C)c1.COP(=O)(O)OC,exclude,1,0,False,neutral_component_or_incorrect_ion_role
vis,non_test,3887,CCCCn1cc[n+](C)c1,COP(=O)(O)OC,CCCCn1cc[n+](C)c1.COP(=O)(O)OC,exclude,1,0,False,neutral_component_or_incorrect_ion_role
vis,non_test,3888,CCCCn1cc[n+](C)c1,COP(=O)(O)OC,CCCCn1cc[n+](C)c1.COP(=O)(O)OC,exclude,1,0,False,neutral_component_or_incorrect_ion_role
vis,non_test,3889,CCCCn1cc[n+](C)c1,COP(=O)(O)OC,CCCCn1cc[n+](C)c1.COP(=O)(O)OC,exclude,1,0,False,neutral_component_or_incorrect_ion_role
vis,non_test,3890,CCCCn1cc[n+](C)c1,COP(=O)(O)OC,CCCCn1cc[n+](C)c1.COP(=O)(O)OC,exclude,1,0,False,neutral_component_or_incorrect_ion_role
vis,non_test,3891,CCCCn1cc[n+](C)c1,COP(=O)(O)OC,CCCCn1cc[n+](C)c1.COP(=O)(O)OC,exclude,1,0,False,neutral_component_or_incorrect_ion_role
vis,non_test,3892,CCCCn1cc[n+](C)c1,COP(=O)(O)OC,CCCCn1cc[n+](C)c1.COP(=O)(O)OC,exclude,1,0,False,neutral_component_or_incorrect_ion_role
vis,non_test,3893,CCCCn1cc[n+](C)c1,COP(=O)(O)OC,CCCCn1cc[n+](C)c1.COP(=O)(O)OC,exclude,1,0,False,neutral_component_or_incorrect_ion_role
vis,non_test,3894,CCCCn1cc[n+](C)c1,COP(=O)(O)OC,CCCCn1cc[n+](C)c1.COP(=O)(O)OC,exclude,1,0,False,neutral_component_or_incorrect_ion_role
vis,non_test,8244,CCCCn1cc[n+](C)c1,COP(=O)(O)OC,CCCCn1cc[n+](C)c1.COP(=O)(O)OC,exclude,1,0,False,neutral_component_or_incorrect_ion_role
vis,non_test,8245,CCCCn1cc[n+](C)c1,COP(=O)(O)OC,CCCCn1cc[n+](C)c1.COP(=O)(O)OC,exclude,1,0,False,neutral_component_or_incorrect_ion_role
vis,non_test,8246,CCCCn1cc[n+](C)c1,COP(=O)(O)OC,CCCCn1cc[n+](C)c1.COP(=O)(O)OC,exclude,1,0,False,neutral_component_or_incorrect_ion_role
vis,non_test,8247,CCCCn1cc[n+](C)c1,COP(=O)(O)OC,CCCCn1cc[n+](C)c1.COP(=O)(O)OC,exclude,1,0,False,neutral_component_or_incorrect_ion_role
vis,non_test,8248,CCCCn1cc[n+](C)c1,COP(=O)(O)OC,CCCCn1cc[n+](C)c1.COP(=O)(O)OC,exclude,1,0,False,neutral_component_or_incorrect_ion_role
vis,non_test,8249,CCCCn1cc[n+](C)c1,COP(=O)(O)OC,CCCCn1cc[n+](C)c1.COP(=O)(O)OC,exclude,1,0,False,neutral_component_or_incorrect_ion_role
vis,non_test,8250,CCCCn1cc[n+](C)c1,COP(=O)(O)OC,CCCCn1cc[n+](C)c1.COP(=O)(O)OC,exclude,1,0,False,neutral_component_or_incorrect_ion_role
vis,non_test,8251,CCCCn1cc[n+](C)c1,COP(=O)(O)OC,CCCCn1cc[n+](C)c1.COP(=O)(O)OC,exclude,1,0,False,neutral_component_or_incorrect_ion_role
vis,non_test,8252,CCCCn1cc[n+](C)c1,COP(=O)(O)OC,CCCCn1cc[n+](C)c1.COP(=O)(O)OC,exclude,1,0,False,neutral_component_or_incorrect_ion_role
vis,non_test,8253,CCCCn1cc[n+](C)c1,COP(=O)(O)OC,CCCCn1cc[n+](C)c1.COP(=O)(O)OC,exclude,1,0,False,neutral_component_or_incorrect_ion_role
vis,non_test,9855,CCCCCC[n+]1cc(C)cc(C)c1,O=S(=O)(NS(=O)(=O)C(F)(F)F)C(F)(F)F,CCCCCC[n+]1cc(C)cc(C)c1.O=S(=O)(NS(=O)(=O)C(F)(F)F)C(F)(F)F,exclude,1,0,False,neutral_component_or_incorrect_ion_role
vis,non_test,9856,CCCCCC[n+]1cc(C)cc(C)c1,O=S(=O)(NS(=O)(=O)C(F)(F)F)C(F)(F)F,CCCCCC[n+]1cc(C)cc(C)c1.O=S(=O)(NS(=O)(=O)C(F)(F)F)C(F)(F)F,exclude,1,0,False,neutral_component_or_incorrect_ion_role
vis,non_test,9857,CCCCCC[n+]1cc(C)cc(C)c1,O=S(=O)(NS(=O)(=O)C(F)(F)F)C(F)(F)F,CCCCCC[n+]1cc(C)cc(C)c1.O=S(=O)(NS(=O)(=O)C(F)(F)F)C(F)(F)F,exclude,1,0,False,neutral_component_or_incorrect_ion_role
vis,non_test,9858,CCCCCC[n+]1cc(C)cc(C)c1,O=S(=O)(NS(=O)(=O)C(F)(F)F)C(F)(F)F,CCCCCC[n+]1cc(C)cc(C)c1.O=S(=O)(NS(=O)(=O)C(F)(F)F)C(F)(F)F,exclude,1,0,False,neutral_component_or_incorrect_ion_role
vis,non_test,9859,CCCCCC[n+]1cc(C)cc(C)c1,O=S(=O)(NS(=O)(=O)C(F)(F)F)C(F)(F)F,CCCCCC[n+]1cc(C)cc(C)c1.O=S(=O)(NS(=O)(=O)C(F)(F)F)C(F)(F)F,exclude,1,0,False,neutral_component_or_incorrect_ion_role
vis,non_test,9860,CCCCCC[n+]1cc(C)cc(C)c1,O=S(=O)(NS(=O)(=O)C(F)(F)F)C(F)(F)F,CCCCCC[n+]1cc(C)cc(C)c1.O=S(=O)(NS(=O)(=O)C(F)(F)F)C(F)(F)F,exclude,1,0,False,neutral_component_or_incorrect_ion_role
vis,non_test,9861,CCCCCC[n+]1cc(C)cc(C)c1,O=S(=O)(NS(=O)(=O)C(F)(F)F)C(F)(F)F,CCCCCC[n+]1cc(C)cc(C)c1.O=S(=O)(NS(=O)(=O)C(F)(F)F)C(F)(F)F,exclude,1,0,False,neutral_component_or_incorrect_ion_role
vis,non_test,9862,CCCCCC[n+]1cc(C)cc(C)c1,O=S(=O)(NS(=O)(=O)C(F)(F)F)C(F)(F)F,CCCCCC[n+]1cc(C)cc(C)c1.O=S(=O)(NS(=O)(=O)C(F)(F)F)C(F)(F)F,exclude,1,0,False,neutral_component_or_incorrect_ion_role
vis,non_test,10947,CCCC[N+]1(C)CCOCC1,N#CNC#N,CCCC[N+]1(C)CCOCC1.N#CNC#N,exclude,1,0,False,neutral_component_or_incorrect_ion_role
vis,non_test,10948,CCCC[N+]1(C)CCOCC1,N#CNC#N,CCCC[N+]1(C)CCOCC1.N#CNC#N,exclude,1,0,False,neutral_component_or_incorrect_ion_role
vis,non_test,10949,CCCC[N+]1(C)CCOCC1,N#CNC#N,CCCC[N+]1(C)CCOCC1.N#CNC#N,exclude,1,0,False,neutral_component_or_incorrect_ion_role
vis,non_test,10950,CCCC[N+]1(C)CCOCC1,N#CNC#N,CCCC[N+]1(C)CCOCC1.N#CNC#N,exclude,1,0,False,neutral_component_or_incorrect_ion_role
vis,non_test,10951,CCCC[N+]1(C)CCOCC1,N#CNC#N,CCCC[N+]1(C)CCOCC1.N#CNC#N,exclude,1,0,False,neutral_component_or_incorrect_ion_role
vis,non_test,10952,CCCC[N+]1(C)CCOCC1,N#CNC#N,CCCC[N+]1(C)CCOCC1.N#CNC#N,exclude,1,0,False,neutral_component_or_incorrect_ion_role
vis,non_test,10953,CCCC[N+]1(C)CCOCC1,N#CNC#N,CCCC[N+]1(C)CCOCC1.N#CNC#N,exclude,1,0,False,neutral_component_or_incorrect_ion_role
vis,non_test,5780,CCn1cc[n+](C)c1,COP(=O)(O)OC,CCn1cc[n+](C)c1.COP(=O)(O)OC,exclude,1,0,False,neutral_component_or_incorrect_ion_role
vis,non_test,5781,CCn1cc[n+](C)c1,COP(=O)(O)OC,CCn1cc[n+](C)c1.COP(=O)(O)OC,exclude,1,0,False,neutral_component_or_incorrect_ion_role
vis,non_test,5782,CCn1cc[n+](C)c1,COP(=O)(O)OC,CCn1cc[n+](C)c1.COP(=O)(O)OC,exclude,1,0,False,neutral_component_or_incorrect_ion_role
vis,non_test,5783,CCn1cc[n+](C)c1,COP(=O)(O)OC,CCn1cc[n+](C)c1.COP(=O)(O)OC,exclude,1,0,False,neutral_component_or_incorrect_ion_role
vis,non_test,5784,CCn1cc[n+](C)c1,COP(=O)(O)OC,CCn1cc[n+](C)c1.COP(=O)(O)OC,exclude,1,0,False,neutral_component_or_incorrect_ion_role
vis,non_test,5785,CCn1cc[n+](C)c1,COP(=O)(O)OC,CCn1cc[n+](C)c1.COP(=O)(O)OC,exclude,1,0,False,neutral_component_or_incorrect_ion_role
vis,non_test,5786,CCn1cc[n+](C)c1,COP(=O)(O)OC,CCn1cc[n+](C)c1.COP(=O)(O)OC,exclude,1,0,False,neutral_component_or_incorrect_ion_role
vis,non_test,5787,CCn1cc[n+](C)c1,COP(=O)(O)OC,CCn1cc[n+](C)c1.COP(=O)(O)OC,exclude,1,0,False,neutral_component_or_incorrect_ion_role
vis,non_test,5788,CCn1cc[n+](C)c1,COP(=O)(O)OC,CCn1cc[n+](C)c1.COP(=O)(O)OC,exclude,1,0,False,neutral_component_or_incorrect_ion_role
vis,non_test,5789,CCn1cc[n+](C)c1,COP(=O)(O)OC,CCn1cc[n+](C)c1.COP(=O)(O)OC,exclude,1,0,False,neutral_component_or_incorrect_ion_role
vis,non_test,5790,CCn1cc[n+](C)c1,COP(=O)(O)OC,CCn1cc[n+](C)c1.COP(=O)(O)OC,exclude,1,0,False,neutral_component_or_incorrect_ion_role
vis,non_test,5791,CCn1cc[n+](C)c1,COP(=O)(O)OC,CCn1cc[n+](C)c1.COP(=O)(O)OC,exclude,1,0,False,neutral_component_or_incorrect_ion_role
vis,non_test,5792,CCn1cc[n+](C)c1,COP(=O)(O)OC,CCn1cc[n+](C)c1.COP(=O)(O)OC,exclude,1,0,False,neutral_component_or_incorrect_ion_role
vis,non_test,10961,CCCCCCCC[N+]1(C)CCOCC1,N#CNC#N,CCCCCCCC[N+]1(C)CCOCC1.N#CNC#N,exclude,1,0,False,neutral_component_or_incorrect_ion_role
vis,non_test,10962,CCCCCCCC[N+]1(C)CCOCC1,N#CNC#N,CCCCCCCC[N+]1(C)CCOCC1.N#CNC#N,exclude,1,0,False,neutral_component_or_incorrect_ion_role
vis,non_test,10963,CCCCCCCC[N+]1(C)CCOCC1,N#CNC#N,CCCCCCCC[N+]1(C)CCOCC1.N#CNC#N,exclude,1,0,False,neutral_component_or_incorrect_ion_role
vis,non_test,10964,CCCCCCCC[N+]1(C)CCOCC1,N#CNC#N,CCCCCCCC[N+]1(C)CCOCC1.N#CNC#N,exclude,1,0,False,neutral_component_or_incorrect_ion_role
vis,non_test,10965,CCCCCCCC[N+]1(C)CCOCC1,N#CNC#N,CCCCCCCC[N+]1(C)CCOCC1.N#CNC#N,exclude,1,0,False,neutral_component_or_incorrect_ion_role
vis,non_test,10966,CCCCCCCC[N+]1(C)CCOCC1,N#CNC#N,CCCCCCCC[N+]1(C)CCOCC1.N#CNC#N,exclude,1,0,False,neutral_component_or_incorrect_ion_role
vis,non_test,10967,CCCCCCCC[N+]1(C)CCOCC1,N#CNC#N,CCCCCCCC[N+]1(C)CCOCC1.N#CNC#N,exclude,1,0,False,neutral_component_or_incorrect_ion_role
vis,non_test,8224,Cn1cc[n+](C)c1,CP(=O)([O-])[O-],Cn1cc[n+](C)c1.CP(=O)([O-])[O-],exclude,1,-2,False,multivalent_salt_requires_explicit_stoichiometry
vis,non_test,8225,Cn1cc[n+](C)c1,CP(=O)([O-])[O-],Cn1cc[n+](C)c1.CP(=O)([O-])[O-],exclude,1,-2,False,multivalent_salt_requires_explicit_stoichiometry
vis,non_test,8226,Cn1cc[n+](C)c1,CP(=O)([O-])[O-],Cn1cc[n+](C)c1.CP(=O)([O-])[O-],exclude,1,-2,False,multivalent_salt_requires_explicit_stoichiometry
vis,non_test,8227,Cn1cc[n+](C)c1,CP(=O)([O-])[O-],Cn1cc[n+](C)c1.CP(=O)([O-])[O-],exclude,1,-2,False,multivalent_salt_requires_explicit_stoichiometry
vis,non_test,8228,Cn1cc[n+](C)c1,CP(=O)([O-])[O-],Cn1cc[n+](C)c1.CP(=O)([O-])[O-],exclude,1,-2,False,multivalent_salt_requires_explicit_stoichiometry
vis,non_test,8229,Cn1cc[n+](C)c1,CP(=O)([O-])[O-],Cn1cc[n+](C)c1.CP(=O)([O-])[O-],exclude,1,-2,False,multivalent_salt_requires_explicit_stoichiometry
vis,non_test,8230,Cn1cc[n+](C)c1,CP(=O)([O-])[O-],Cn1cc[n+](C)c1.CP(=O)([O-])[O-],exclude,1,-2,False,multivalent_salt_requires_explicit_stoichiometry
vis,non_test,8231,Cn1cc[n+](C)c1,CP(=O)([O-])[O-],Cn1cc[n+](C)c1.CP(=O)([O-])[O-],exclude,1,-2,False,multivalent_salt_requires_explicit_stoichiometry
vis,non_test,8232,Cn1cc[n+](C)c1,CP(=O)([O-])[O-],Cn1cc[n+](C)c1.CP(=O)([O-])[O-],exclude,1,-2,False,multivalent_salt_requires_explicit_stoichiometry
vis,non_test,8233,Cn1cc[n+](C)c1,CP(=O)([O-])[O-],Cn1cc[n+](C)c1.CP(=O)([O-])[O-],exclude,1,-2,False,multivalent_salt_requires_explicit_stoichiometry
vis,non_test,9871,CCCCCC[n+]1ccccc1,O=S(=O)(NS(=O)(=O)C(F)(F)F)C(F)(F)F,CCCCCC[n+]1ccccc1.O=S(=O)(NS(=O)(=O)C(F)(F)F)C(F)(F)F,exclude,1,0,False,neutral_component_or_incorrect_ion_role
vis,non_test,9872,CCCCCC[n+]1ccccc1,O=S(=O)(NS(=O)(=O)C(F)(F)F)C(F)(F)F,CCCCCC[n+]1ccccc1.O=S(=O)(NS(=O)(=O)C(F)(F)F)C(F)(F)F,exclude,1,0,False,neutral_component_or_incorrect_ion_role
vis,non_test,9873,CCCCCC[n+]1ccccc1,O=S(=O)(NS(=O)(=O)C(F)(F)F)C(F)(F)F,CCCCCC[n+]1ccccc1.O=S(=O)(NS(=O)(=O)C(F)(F)F)C(F)(F)F,exclude,1,0,False,neutral_component_or_incorrect_ion_role
vis,non_test,9874,CCCCCC[n+]1ccccc1,O=S(=O)(NS(=O)(=O)C(F)(F)F)C(F)(F)F,CCCCCC[n+]1ccccc1.O=S(=O)(NS(=O)(=O)C(F)(F)F)C(F)(F)F,exclude,1,0,False,neutral_component_or_incorrect_ion_role
vis,non_test,9875,CCCCCC[n+]1ccccc1,O=S(=O)(NS(=O)(=O)C(F)(F)F)C(F)(F)F,CCCCCC[n+]1ccccc1.O=S(=O)(NS(=O)(=O)C(F)(F)F)C(F)(F)F,exclude,1,0,False,neutral_component_or_incorrect_ion_role
vis,non_test,9876,CCCCCC[n+]1ccccc1,O=S(=O)(NS(=O)(=O)C(F)(F)F)C(F)(F)F,CCCCCC[n+]1ccccc1.O=S(=O)(NS(=O)(=O)C(F)(F)F)C(F)(F)F,exclude,1,0,False,neutral_component_or_incorrect_ion_role
vis,non_test,9877,CCCCCC[n+]1ccccc1,O=S(=O)(NS(=O)(=O)C(F)(F)F)C(F)(F)F,CCCCCC[n+]1ccccc1.O=S(=O)(NS(=O)(=O)C(F)(F)F)C(F)(F)F,exclude,1,0,False,neutral_component_or_incorrect_ion_role
vis,non_test,9878,CCCCCC[n+]1ccccc1,O=S(=O)(NS(=O)(=O)C(F)(F)F)C(F)(F)F,CCCCCC[n+]1ccccc1.O=S(=O)(NS(=O)(=O)C(F)(F)F)C(F)(F)F,exclude,1,0,False,neutral_component_or_incorrect_ion_role
vis,non_test,5663,C=C([NH3+])[NH2+]CC(CC)CCCC,O=C([O-])C(F)(F)F,C=C([NH3+])[NH2+]CC(CC)CCCC.O=C([O-])C(F)(F)F,exclude,2,-1,False,multivalent_salt_requires_explicit_stoichiometry
vis,non_test,5664,C=C([NH3+])[NH2+]CC(CC)CCCC,O=C([O-])C(F)(F)F,C=C([NH3+])[NH2+]CC(CC)CCCC.O=C([O-])C(F)(F)F,exclude,2,-1,False,multivalent_salt_requires_explicit_stoichiometry
vis,non_test,5665,C=C([NH3+])[NH2+]CC(CC)CCCC,O=C([O-])C(F)(F)F,C=C([NH3+])[NH2+]CC(CC)CCCC.O=C([O-])C(F)(F)F,exclude,2,-1,False,multivalent_salt_requires_explicit_stoichiometry
vis,non_test,5666,C=C([NH3+])[NH2+]CC(CC)CCCC,O=C([O-])C(F)(F)F,C=C([NH3+])[NH2+]CC(CC)CCCC.O=C([O-])C(F)(F)F,exclude,2,-1,False,multivalent_salt_requires_explicit_stoichiometry
vis,non_test,5667,C=C([NH3+])[NH2+]CC(CC)CCCC,O=C([O-])C(F)(F)F,C=C([NH3+])[NH2+]CC(CC)CCCC.O=C([O-])C(F)(F)F,exclude,2,-1,False,multivalent_salt_requires_explicit_stoichiometry
vis,non_test,5668,C=C([NH3+])[NH2+]CC(CC)CCCC,O=C([O-])C(F)(F)F,C=C([NH3+])[NH2+]CC(CC)CCCC.O=C([O-])C(F)(F)F,exclude,2,-1,False,multivalent_salt_requires_explicit_stoichiometry
vis,non_test,5669,C=C([NH3+])[NH2+]CC(CC)CCCC,O=C([O-])C(F)(F)F,C=C([NH3+])[NH2+]CC(CC)CCCC.O=C([O-])C(F)(F)F,exclude,2,-1,False,multivalent_salt_requires_explicit_stoichiometry
vis,non_test,5670,C=C([NH3+])[NH2+]CC(CC)CCCC,O=C([O-])C(F)(F)F,C=C([NH3+])[NH2+]CC(CC)CCCC.O=C([O-])C(F)(F)F,exclude,2,-1,False,multivalent_salt_requires_explicit_stoichiometry
vis,non_test,5671,C=C([NH3+])[NH2+]CC(CC)CCCC,O=C([O-])C(F)(F)F,C=C([NH3+])[NH2+]CC(CC)CCCC.O=C([O-])C(F)(F)F,exclude,2,-1,False,multivalent_salt_requires_explicit_stoichiometry
vis,non_test,5672,C=C([NH3+])[NH2+]CC(CC)CCCC,O=C([O-])C(F)(F)F,C=C([NH3+])[NH2+]CC(CC)CCCC.O=C([O-])C(F)(F)F,exclude,2,-1,False,multivalent_salt_requires_explicit_stoichiometry
vis,non_test,5673,C=C([NH3+])[NH2+]CC(CC)CCCC,O=C([O-])C(F)(F)F,C=C([NH3+])[NH2+]CC(CC)CCCC.O=C([O-])C(F)(F)F,exclude,2,-1,False,multivalent_salt_requires_explicit_stoichiometry
vis,non_test,5674,C=C([NH3+])[NH2+]CC(CC)CCCC,O=C([O-])C(F)(F)F,C=C([NH3+])[NH2+]CC(CC)CCCC.O=C([O-])C(F)(F)F,exclude,2,-1,False,multivalent_salt_requires_explicit_stoichiometry
vis,non_test,5675,C=C([NH3+])[NH2+]CC(CC)CCCC,O=C([O-])C(F)(F)F,C=C([NH3+])[NH2+]CC(CC)CCCC.O=C([O-])C(F)(F)F,exclude,2,-1,False,multivalent_salt_requires_explicit_stoichiometry
vis,test,10011,CCCC[S+]1CCCCC1,O=S(=O)(NS(=O)(=O)C(F)(F)F)C(F)(F)F,CCCC[S+]1CCCCC1.O=S(=O)(NS(=O)(=O)C(F)(F)F)C(F)(F)F,exclude,1,0,False,neutral_component_or_incorrect_ion_role
vis,test,10012,CCCC[S+]1CCCCC1,O=S(=O)(NS(=O)(=O)C(F)(F)F)C(F)(F)F,CCCC[S+]1CCCCC1.O=S(=O)(NS(=O)(=O)C(F)(F)F)C(F)(F)F,exclude,1,0,False,neutral_component_or_incorrect_ion_role
vis,test,10013,CCCC[S+]1CCCCC1,O=S(=O)(NS(=O)(=O)C(F)(F)F)C(F)(F)F,CCCC[S+]1CCCCC1.O=S(=O)(NS(=O)(=O)C(F)(F)F)C(F)(F)F,exclude,1,0,False,neutral_component_or_incorrect_ion_role
vis,test,10014,CCCC[S+]1CCCCC1,O=S(=O)(NS(=O)(=O)C(F)(F)F)C(F)(F)F,CCCC[S+]1CCCCC1.O=S(=O)(NS(=O)(=O)C(F)(F)F)C(F)(F)F,exclude,1,0,False,neutral_component_or_incorrect_ion_role
vis,test,10015,CCCC[S+]1CCCCC1,O=S(=O)(NS(=O)(=O)C(F)(F)F)C(F)(F)F,CCCC[S+]1CCCCC1.O=S(=O)(NS(=O)(=O)C(F)(F)F)C(F)(F)F,exclude,1,0,False,neutral_component_or_incorrect_ion_role
vis,test,10016,CCCC[S+]1CCCCC1,O=S(=O)(NS(=O)(=O)C(F)(F)F)C(F)(F)F,CCCC[S+]1CCCCC1.O=S(=O)(NS(=O)(=O)C(F)(F)F)C(F)(F)F,exclude,1,0,False,neutral_component_or_incorrect_ion_role
vis,test,10017,CCCC[S+]1CCCCC1,O=S(=O)(NS(=O)(=O)C(F)(F)F)C(F)(F)F,CCCC[S+]1CCCCC1.O=S(=O)(NS(=O)(=O)C(F)(F)F)C(F)(F)F,exclude,1,0,False,neutral_component_or_incorrect_ion_role
vis,test,10018,CCCC[S+]1CCCCC1,O=S(=O)(NS(=O)(=O)C(F)(F)F)C(F)(F)F,CCCC[S+]1CCCCC1.O=S(=O)(NS(=O)(=O)C(F)(F)F)C(F)(F)F,exclude,1,0,False,neutral_component_or_incorrect_ion_role
vis,test,7481,CCCN,CC(=O)[O-],CCCN.CC(=O)[O-],exclude,0,-1,False,neutral_component_or_incorrect_ion_role
vis,test,7482,CCCN,CC(=O)[O-],CCCN.CC(=O)[O-],exclude,0,-1,False,neutral_component_or_incorrect_ion_role
vis,test,7483,CCCN,CC(=O)[O-],CCCN.CC(=O)[O-],exclude,0,-1,False,neutral_component_or_incorrect_ion_role
vis,test,7484,CCCN,CC(=O)[O-],CCCN.CC(=O)[O-],exclude,0,-1,False,neutral_component_or_incorrect_ion_role
vis,test,7485,CCCN,CC(=O)[O-],CCCN.CC(=O)[O-],exclude,0,-1,False,neutral_component_or_incorrect_ion_role
vis,test,7486,CCCN,CC(=O)[O-],CCCN.CC(=O)[O-],exclude,0,-1,False,neutral_component_or_incorrect_ion_role
vis,test,7487,CCCN,CC(=O)[O-],CCCN.CC(=O)[O-],exclude,0,-1,False,neutral_component_or_incorrect_ion_role
vis,test,7488,CCCN,CC(=O)[O-],CCCN.CC(=O)[O-],exclude,0,-1,False,neutral_component_or_incorrect_ion_role
vis,test,7489,CCCN,CC(=O)[O-],CCCN.CC(=O)[O-],exclude,0,-1,False,neutral_component_or_incorrect_ion_role
vis,test,7490,CCCN,CC(=O)[O-],CCCN.CC(=O)[O-],exclude,0,-1,False,neutral_component_or_incorrect_ion_role
vis,test,7491,CCCN,CC(=O)[O-],CCCN.CC(=O)[O-],exclude,0,-1,False,neutral_component_or_incorrect_ion_role
vis,test,3845,CCN(C)C,CC(=O)[O-],CCN(C)C.CC(=O)[O-],exclude,0,-1,False,neutral_component_or_incorrect_ion_role
vis,test,3846,CCN(C)C,CC(=O)[O-],CCN(C)C.CC(=O)[O-],exclude,0,-1,False,neutral_component_or_incorrect_ion_role
vis,test,3847,CCN(C)C,CC(=O)[O-],CCN(C)C.CC(=O)[O-],exclude,0,-1,False,neutral_component_or_incorrect_ion_role
vis,test,3848,CCN(C)C,CC(=O)[O-],CCN(C)C.CC(=O)[O-],exclude,0,-1,False,neutral_component_or_incorrect_ion_role
vis,test,3849,CCN(C)C,CC(=O)[O-],CCN(C)C.CC(=O)[O-],exclude,0,-1,False,neutral_component_or_incorrect_ion_role
vis,test,3850,CCN(C)C,CC(=O)[O-],CCN(C)C.CC(=O)[O-],exclude,0,-1,False,neutral_component_or_incorrect_ion_role
vis,test,3851,CCN(C)C,CC(=O)[O-],CCN(C)C.CC(=O)[O-],exclude,0,-1,False,neutral_component_or_incorrect_ion_role
vis,test,3852,CCN(C)C,CC(=O)[O-],CCN(C)C.CC(=O)[O-],exclude,0,-1,False,neutral_component_or_incorrect_ion_role
vis,test,3853,CCN(C)C,CC(=O)[O-],CCN(C)C.CC(=O)[O-],exclude,0,-1,False,neutral_component_or_incorrect_ion_role
vis,test,3854,CCN(C)C,CC(=O)[O-],CCN(C)C.CC(=O)[O-],exclude,0,-1,False,neutral_component_or_incorrect_ion_role
vis,test,3855,CCN(C)C,CC(=O)[O-],CCN(C)C.CC(=O)[O-],exclude,0,-1,False,neutral_component_or_incorrect_ion_role
vis,test,3856,CCN(C)C,CC(=O)[O-],CCN(C)C.CC(=O)[O-],exclude,0,-1,False,neutral_component_or_incorrect_ion_role
vis,test,3857,CCN(C)C,CC(=O)[O-],CCN(C)C.CC(=O)[O-],exclude,0,-1,False,neutral_component_or_incorrect_ion_role
vis,test,3858,CCN(C)C,CC(=O)[O-],CCN(C)C.CC(=O)[O-],exclude,0,-1,False,neutral_component_or_incorrect_ion_role
vis,test,3859,CCN(C)C,CC(=O)[O-],CCN(C)C.CC(=O)[O-],exclude,0,-1,False,neutral_component_or_incorrect_ion_role
vis,test,3860,CCN(C)C,CC(=O)[O-],CCN(C)C.CC(=O)[O-],exclude,0,-1,False,neutral_component_or_incorrect_ion_role
vis,test,3861,CCN(C)C,CC(=O)[O-],CCN(C)C.CC(=O)[O-],exclude,0,-1,False,neutral_component_or_incorrect_ion_role
vis,test,6508,CCCCCCCC[N+]1(C)CCOCC1,CCCCCCCCP(=O)([O-])[O-],CCCCCCCC[N+]1(C)CCOCC1.CCCCCCCCP(=O)([O-])[O-],exclude,1,-2,False,multivalent_salt_requires_explicit_stoichiometry
vis,test,6509,CCCCCCCC[N+]1(C)CCOCC1,CCCCCCCCP(=O)([O-])[O-],CCCCCCCC[N+]1(C)CCOCC1.CCCCCCCCP(=O)([O-])[O-],exclude,1,-2,False,multivalent_salt_requires_explicit_stoichiometry
vis,test,6510,CCCCCCCC[N+]1(C)CCOCC1,CCCCCCCCP(=O)([O-])[O-],CCCCCCCC[N+]1(C)CCOCC1.CCCCCCCCP(=O)([O-])[O-],exclude,1,-2,False,multivalent_salt_requires_explicit_stoichiometry
vis,test,6511,CCCCCCCC[N+]1(C)CCOCC1,CCCCCCCCP(=O)([O-])[O-],CCCCCCCC[N+]1(C)CCOCC1.CCCCCCCCP(=O)([O-])[O-],exclude,1,-2,False,multivalent_salt_requires_explicit_stoichiometry
vis,test,6512,CCCCCCCC[N+]1(C)CCOCC1,CCCCCCCCP(=O)([O-])[O-],CCCCCCCC[N+]1(C)CCOCC1.CCCCCCCCP(=O)([O-])[O-],exclude,1,-2,False,multivalent_salt_requires_explicit_stoichiometry
vis,test,6513,CCCCCCCC[N+]1(C)CCOCC1,CCCCCCCCP(=O)([O-])[O-],CCCCCCCC[N+]1(C)CCOCC1.CCCCCCCCP(=O)([O-])[O-],exclude,1,-2,False,multivalent_salt_requires_explicit_stoichiometry
vis,test,6514,CCCCCCCC[N+]1(C)CCOCC1,CCCCCCCCP(=O)([O-])[O-],CCCCCCCC[N+]1(C)CCOCC1.CCCCCCCCP(=O)([O-])[O-],exclude,1,-2,False,multivalent_salt_requires_explicit_stoichiometry
vis,test,6515,CCCCCCCC[N+]1(C)CCOCC1,CCCCCCCCP(=O)([O-])[O-],CCCCCCCC[N+]1(C)CCOCC1.CCCCCCCCP(=O)([O-])[O-],exclude,1,-2,False,multivalent_salt_requires_explicit_stoichiometry
vis,test,6516,CCCCCCCC[N+]1(C)CCOCC1,CCCCCCCCP(=O)([O-])[O-],CCCCCCCC[N+]1(C)CCOCC1.CCCCCCCCP(=O)([O-])[O-],exclude,1,-2,False,multivalent_salt_requires_explicit_stoichiometry
vis,test,6517,CCCCCCCC[N+]1(C)CCOCC1,CCCCCCCCP(=O)([O-])[O-],CCCCCCCC[N+]1(C)CCOCC1.CCCCCCCCP(=O)([O-])[O-],exclude,1,-2,False,multivalent_salt_requires_explicit_stoichiometry
vis,test,6518,CCCCCCCC[N+]1(C)CCOCC1,CCCCCCCCP(=O)([O-])[O-],CCCCCCCC[N+]1(C)CCOCC1.CCCCCCCCP(=O)([O-])[O-],exclude,1,-2,False,multivalent_salt_requires_explicit_stoichiometry
vis,test,6519,CCCCCCCC[N+]1(C)CCOCC1,CCCCCCCCP(=O)([O-])[O-],CCCCCCCC[N+]1(C)CCOCC1.CCCCCCCCP(=O)([O-])[O-],exclude,1,-2,False,multivalent_salt_requires_explicit_stoichiometry
vis,test,6520,CCCCCCCC[N+]1(C)CCOCC1,CCCCCCCCP(=O)([O-])[O-],CCCCCCCC[N+]1(C)CCOCC1.CCCCCCCCP(=O)([O-])[O-],exclude,1,-2,False,multivalent_salt_requires_explicit_stoichiometry
vis,test,3645,CCC[n+]1cccc(C)c1,O=S(=O)(NS(=O)(=O)C(F)(F)F)C(F)(F)F,CCC[n+]1cccc(C)c1.O=S(=O)(NS(=O)(=O)C(F)(F)F)C(F)(F)F,exclude,1,0,False,neutral_component_or_incorrect_ion_role
vis,test,3646,CCC[n+]1cccc(C)c1,O=S(=O)(NS(=O)(=O)C(F)(F)F)C(F)(F)F,CCC[n+]1cccc(C)c1.O=S(=O)(NS(=O)(=O)C(F)(F)F)C(F)(F)F,exclude,1,0,False,neutral_component_or_incorrect_ion_role
vis,test,3647,CCC[n+]1cccc(C)c1,O=S(=O)(NS(=O)(=O)C(F)(F)F)C(F)(F)F,CCC[n+]1cccc(C)c1.O=S(=O)(NS(=O)(=O)C(F)(F)F)C(F)(F)F,exclude,1,0,False,neutral_component_or_incorrect_ion_role
vis,test,3648,CCC[n+]1cccc(C)c1,O=S(=O)(NS(=O)(=O)C(F)(F)F)C(F)(F)F,CCC[n+]1cccc(C)c1.O=S(=O)(NS(=O)(=O)C(F)(F)F)C(F)(F)F,exclude,1,0,False,neutral_component_or_incorrect_ion_role
vis,test,3649,CCC[n+]1cccc(C)c1,O=S(=O)(NS(=O)(=O)C(F)(F)F)C(F)(F)F,CCC[n+]1cccc(C)c1.O=S(=O)(NS(=O)(=O)C(F)(F)F)C(F)(F)F,exclude,1,0,False,neutral_component_or_incorrect_ion_role
vis,test,3650,CCC[n+]1cccc(C)c1,O=S(=O)(NS(=O)(=O)C(F)(F)F)C(F)(F)F,CCC[n+]1cccc(C)c1.O=S(=O)(NS(=O)(=O)C(F)(F)F)C(F)(F)F,exclude,1,0,False,neutral_component_or_incorrect_ion_role
vis,test,3651,CCC[n+]1cccc(C)c1,O=S(=O)(NS(=O)(=O)C(F)(F)F)C(F)(F)F,CCC[n+]1cccc(C)c1.O=S(=O)(NS(=O)(=O)C(F)(F)F)C(F)(F)F,exclude,1,0,False,neutral_component_or_incorrect_ion_role
vis,test,3652,CCC[n+]1cccc(C)c1,O=S(=O)(NS(=O)(=O)C(F)(F)F)C(F)(F)F,CCC[n+]1cccc(C)c1.O=S(=O)(NS(=O)(=O)C(F)(F)F)C(F)(F)F,exclude,1,0,False,neutral_component_or_incorrect_ion_role
vis,test,3653,CCC[n+]1cccc(C)c1,O=S(=O)(NS(=O)(=O)C(F)(F)F)C(F)(F)F,CCC[n+]1cccc(C)c1.O=S(=O)(NS(=O)(=O)C(F)(F)F)C(F)(F)F,exclude,1,0,False,neutral_component_or_incorrect_ion_role
vis,test,3654,CCC[n+]1cccc(C)c1,O=S(=O)(NS(=O)(=O)C(F)(F)F)C(F)(F)F,CCC[n+]1cccc(C)c1.O=S(=O)(NS(=O)(=O)C(F)(F)F)C(F)(F)F,exclude,1,0,False,neutral_component_or_incorrect_ion_role
vis,test,3655,CCC[n+]1cccc(C)c1,O=S(=O)(NS(=O)(=O)C(F)(F)F)C(F)(F)F,CCC[n+]1cccc(C)c1.O=S(=O)(NS(=O)(=O)C(F)(F)F)C(F)(F)F,exclude,1,0,False,neutral_component_or_incorrect_ion_role
vis,test,3656,CCC[n+]1cccc(C)c1,O=S(=O)(NS(=O)(=O)C(F)(F)F)C(F)(F)F,CCC[n+]1cccc(C)c1.O=S(=O)(NS(=O)(=O)C(F)(F)F)C(F)(F)F,exclude,1,0,False,neutral_component_or_incorrect_ion_role
vis,test,3657,CCC[n+]1cccc(C)c1,O=S(=O)(NS(=O)(=O)C(F)(F)F)C(F)(F)F,CCC[n+]1cccc(C)c1.O=S(=O)(NS(=O)(=O)C(F)(F)F)C(F)(F)F,exclude,1,0,False,neutral_component_or_incorrect_ion_role
vis,test,3658,CCC[n+]1cccc(C)c1,O=S(=O)(NS(=O)(=O)C(F)(F)F)C(F)(F)F,CCC[n+]1cccc(C)c1.O=S(=O)(NS(=O)(=O)C(F)(F)F)C(F)(F)F,exclude,1,0,False,neutral_component_or_incorrect_ion_role
vis,test,3659,CCC[n+]1cccc(C)c1,O=S(=O)(NS(=O)(=O)C(F)(F)F)C(F)(F)F,CCC[n+]1cccc(C)c1.O=S(=O)(NS(=O)(=O)C(F)(F)F)C(F)(F)F,exclude,1,0,False,neutral_component_or_incorrect_ion_role
vis,test,3660,CCC[n+]1cccc(C)c1,O=S(=O)(NS(=O)(=O)C(F)(F)F)C(F)(F)F,CCC[n+]1cccc(C)c1.O=S(=O)(NS(=O)(=O)C(F)(F)F)C(F)(F)F,exclude,1,0,False,neutral_component_or_incorrect_ion_role
vis,test,3661,CCC[n+]1cccc(C)c1,O=S(=O)(NS(=O)(=O)C(F)(F)F)C(F)(F)F,CCC[n+]1cccc(C)c1.O=S(=O)(NS(=O)(=O)C(F)(F)F)C(F)(F)F,exclude,1,0,False,neutral_component_or_incorrect_ion_role
vis,test,3662,CCC[n+]1cccc(C)c1,O=S(=O)(NS(=O)(=O)C(F)(F)F)C(F)(F)F,CCC[n+]1cccc(C)c1.O=S(=O)(NS(=O)(=O)C(F)(F)F)C(F)(F)F,exclude,1,0,False,neutral_component_or_incorrect_ion_role
vis,test,9646,CCCCC[n+]1ccccc1,N#CNC#N,CCCCC[n+]1ccccc1.N#CNC#N,exclude,1,0,False,neutral_component_or_incorrect_ion_role
vis,test,9647,CCCCC[n+]1ccccc1,N#CNC#N,CCCCC[n+]1ccccc1.N#CNC#N,exclude,1,0,False,neutral_component_or_incorrect_ion_role
vis,test,9648,CCCCC[n+]1ccccc1,N#CNC#N,CCCCC[n+]1ccccc1.N#CNC#N,exclude,1,0,False,neutral_component_or_incorrect_ion_role
vis,test,9649,CCCCC[n+]1ccccc1,N#CNC#N,CCCCC[n+]1ccccc1.N#CNC#N,exclude,1,0,False,neutral_component_or_incorrect_ion_role
vis,test,9650,CCCCC[n+]1ccccc1,N#CNC#N,CCCCC[n+]1ccccc1.N#CNC#N,exclude,1,0,False,neutral_component_or_incorrect_ion_role
vis,test,9651,CCCCC[n+]1ccccc1,N#CNC#N,CCCCC[n+]1ccccc1.N#CNC#N,exclude,1,0,False,neutral_component_or_incorrect_ion_role
vis,test,9652,CCCCC[n+]1ccccc1,N#CNC#N,CCCCC[n+]1ccccc1.N#CNC#N,exclude,1,0,False,neutral_component_or_incorrect_ion_role
vis,test,9653,CCCCC[n+]1ccccc1,N#CNC#N,CCCCC[n+]1ccccc1.N#CNC#N,exclude,1,0,False,neutral_component_or_incorrect_ion_role
vis,test,9654,CCCCC[n+]1ccccc1,N#CNC#N,CCCCC[n+]1ccccc1.N#CNC#N,exclude,1,0,False,neutral_component_or_incorrect_ion_role
vis,test,4264,CCCCCCCCCC[N+](CC)(CC)CC,O=S(=O)(NS(=O)(=O)C(F)(F)F)C(F)(F)F,CCCCCCCCCC[N+](CC)(CC)CC.O=S(=O)(NS(=O)(=O)C(F)(F)F)C(F)(F)F,exclude,1,0,False,neutral_component_or_incorrect_ion_role
vis,test,4265,CCCCCCCCCC[N+](CC)(CC)CC,O=S(=O)(NS(=O)(=O)C(F)(F)F)C(F)(F)F,CCCCCCCCCC[N+](CC)(CC)CC.O=S(=O)(NS(=O)(=O)C(F)(F)F)C(F)(F)F,exclude,1,0,False,neutral_component_or_incorrect_ion_role
vis,test,4266,CCCCCCCCCC[N+](CC)(CC)CC,O=S(=O)(NS(=O)(=O)C(F)(F)F)C(F)(F)F,CCCCCCCCCC[N+](CC)(CC)CC.O=S(=O)(NS(=O)(=O)C(F)(F)F)C(F)(F)F,exclude,1,0,False,neutral_component_or_incorrect_ion_role
vis,test,4267,CCCCCCCCCC[N+](CC)(CC)CC,O=S(=O)(NS(=O)(=O)C(F)(F)F)C(F)(F)F,CCCCCCCCCC[N+](CC)(CC)CC.O=S(=O)(NS(=O)(=O)C(F)(F)F)C(F)(F)F,exclude,1,0,False,neutral_component_or_incorrect_ion_role
vis,test,4268,CCCCCCCCCC[N+](CC)(CC)CC,O=S(=O)(NS(=O)(=O)C(F)(F)F)C(F)(F)F,CCCCCCCCCC[N+](CC)(CC)CC.O=S(=O)(NS(=O)(=O)C(F)(F)F)C(F)(F)F,exclude,1,0,False,neutral_component_or_incorrect_ion_role
vis,test,4269,CCCCCCCCCC[N+](CC)(CC)CC,O=S(=O)(NS(=O)(=O)C(F)(F)F)C(F)(F)F,CCCCCCCCCC[N+](CC)(CC)CC.O=S(=O)(NS(=O)(=O)C(F)(F)F)C(F)(F)F,exclude,1,0,False,neutral_component_or_incorrect_ion_role
vis,test,4270,CCCCCCCCCC[N+](CC)(CC)CC,O=S(=O)(NS(=O)(=O)C(F)(F)F)C(F)(F)F,CCCCCCCCCC[N+](CC)(CC)CC.O=S(=O)(NS(=O)(=O)C(F)(F)F)C(F)(F)F,exclude,1,0,False,neutral_component_or_incorrect_ion_role
vis,test,4271,CCCCCCCCCC[N+](CC)(CC)CC,O=S(=O)(NS(=O)(=O)C(F)(F)F)C(F)(F)F,CCCCCCCCCC[N+](CC)(CC)CC.O=S(=O)(NS(=O)(=O)C(F)(F)F)C(F)(F)F,exclude,1,0,False,neutral_component_or_incorrect_ion_role
vis,test,4272,CCCCCCCCCC[N+](CC)(CC)CC,O=S(=O)(NS(=O)(=O)C(F)(F)F)C(F)(F)F,CCCCCCCCCC[N+](CC)(CC)CC.O=S(=O)(NS(=O)(=O)C(F)(F)F)C(F)(F)F,exclude,1,0,False,neutral_component_or_incorrect_ion_role
vis,test,4273,CCCCCCCCCC[N+](CC)(CC)CC,O=S(=O)(NS(=O)(=O)C(F)(F)F)C(F)(F)F,CCCCCCCCCC[N+](CC)(CC)CC.O=S(=O)(NS(=O)(=O)C(F)(F)F)C(F)(F)F,exclude,1,0,False,neutral_component_or_incorrect_ion_role
vis,test,4274,CCCCCCCCCC[N+](CC)(CC)CC,O=S(=O)(NS(=O)(=O)C(F)(F)F)C(F)(F)F,CCCCCCCCCC[N+](CC)(CC)CC.O=S(=O)(NS(=O)(=O)C(F)(F)F)C(F)(F)F,exclude,1,0,False,neutral_component_or_incorrect_ion_role
vis,test,4275,CCCCCCCCCC[N+](CC)(CC)CC,O=S(=O)(NS(=O)(=O)C(F)(F)F)C(F)(F)F,CCCCCCCCCC[N+](CC)(CC)CC.O=S(=O)(NS(=O)(=O)C(F)(F)F)C(F)(F)F,exclude,1,0,False,neutral_component_or_incorrect_ion_role
vis,test,4276,CCCCCCCCCC[N+](CC)(CC)CC,O=S(=O)(NS(=O)(=O)C(F)(F)F)C(F)(F)F,CCCCCCCCCC[N+](CC)(CC)CC.O=S(=O)(NS(=O)(=O)C(F)(F)F)C(F)(F)F,exclude,1,0,False,neutral_component_or_incorrect_ion_role
vis,test,4277,CCCCCCCCCC[N+](CC)(CC)CC,O=S(=O)(NS(=O)(=O)C(F)(F)F)C(F)(F)F,CCCCCCCCCC[N+](CC)(CC)CC.O=S(=O)(NS(=O)(=O)C(F)(F)F)C(F)(F)F,exclude,1,0,False,neutral_component_or_incorrect_ion_role
vis,test,4278,CCCCCCCCCC[N+](CC)(CC)CC,O=S(=O)(NS(=O)(=O)C(F)(F)F)C(F)(F)F,CCCCCCCCCC[N+](CC)(CC)CC.O=S(=O)(NS(=O)(=O)C(F)(F)F)C(F)(F)F,exclude,1,0,False,neutral_component_or_incorrect_ion_role
vis,test,4279,CCCCCCCCCC[N+](CC)(CC)CC,O=S(=O)(NS(=O)(=O)C(F)(F)F)C(F)(F)F,CCCCCCCCCC[N+](CC)(CC)CC.O=S(=O)(NS(=O)(=O)C(F)(F)F)C(F)(F)F,exclude,1,0,False,neutral_component_or_incorrect_ion_role
vis,test,4364,CCCCCCCCCC[N+](CC)(CC)CC,O=S(=O)(NS(=O)(=O)C(F)(F)F)C(F)(F)F,CCCCCCCCCC[N+](CC)(CC)CC.O=S(=O)(NS(=O)(=O)C(F)(F)F)C(F)(F)F,exclude,1,0,False,neutral_component_or_incorrect_ion_role
vis,test,4365,CCCCCCCCCC[N+](CC)(CC)CC,O=S(=O)(NS(=O)(=O)C(F)(F)F)C(F)(F)F,CCCCCCCCCC[N+](CC)(CC)CC.O=S(=O)(NS(=O)(=O)C(F)(F)F)C(F)(F)F,exclude,1,0,False,neutral_component_or_incorrect_ion_role
vis,test,4366,CCCCCCCCCC[N+](CC)(CC)CC,O=S(=O)(NS(=O)(=O)C(F)(F)F)C(F)(F)F,CCCCCCCCCC[N+](CC)(CC)CC.O=S(=O)(NS(=O)(=O)C(F)(F)F)C(F)(F)F,exclude,1,0,False,neutral_component_or_incorrect_ion_role
vis,test,4367,CCCCCCCCCC[N+](CC)(CC)CC,O=S(=O)(NS(=O)(=O)C(F)(F)F)C(F)(F)F,CCCCCCCCCC[N+](CC)(CC)CC.O=S(=O)(NS(=O)(=O)C(F)(F)F)C(F)(F)F,exclude,1,0,False,neutral_component_or_incorrect_ion_role
vis,test,4368,CCCCCCCCCC[N+](CC)(CC)CC,O=S(=O)(NS(=O)(=O)C(F)(F)F)C(F)(F)F,CCCCCCCCCC[N+](CC)(CC)CC.O=S(=O)(NS(=O)(=O)C(F)(F)F)C(F)(F)F,exclude,1,0,False,neutral_component_or_incorrect_ion_role
vis,test,4369,CCCCCCCCCC[N+](CC)(CC)CC,O=S(=O)(NS(=O)(=O)C(F)(F)F)C(F)(F)F,CCCCCCCCCC[N+](CC)(CC)CC.O=S(=O)(NS(=O)(=O)C(F)(F)F)C(F)(F)F,exclude,1,0,False,neutral_component_or_incorrect_ion_role
vis,test,4370,CCCCCCCCCC[N+](CC)(CC)CC,O=S(=O)(NS(=O)(=O)C(F)(F)F)C(F)(F)F,CCCCCCCCCC[N+](CC)(CC)CC.O=S(=O)(NS(=O)(=O)C(F)(F)F)C(F)(F)F,exclude,1,0,False,neutral_component_or_incorrect_ion_role
vis,test,4371,CCCCCCCCCC[N+](CC)(CC)CC,O=S(=O)(NS(=O)(=O)C(F)(F)F)C(F)(F)F,CCCCCCCCCC[N+](CC)(CC)CC.O=S(=O)(NS(=O)(=O)C(F)(F)F)C(F)(F)F,exclude,1,0,False,neutral_component_or_incorrect_ion_role
vis,test,4372,CCCCCCCCCC[N+](CC)(CC)CC,O=S(=O)(NS(=O)(=O)C(F)(F)F)C(F)(F)F,CCCCCCCCCC[N+](CC)(CC)CC.O=S(=O)(NS(=O)(=O)C(F)(F)F)C(F)(F)F,exclude,1,0,False,neutral_component_or_incorrect_ion_role
vis,test,4373,CCCCCCCCCC[N+](CC)(CC)CC,O=S(=O)(NS(=O)(=O)C(F)(F)F)C(F)(F)F,CCCCCCCCCC[N+](CC)(CC)CC.O=S(=O)(NS(=O)(=O)C(F)(F)F)C(F)(F)F,exclude,1,0,False,neutral_component_or_incorrect_ion_role
vis,test,4374,CCCCCCCCCC[N+](CC)(CC)CC,O=S(=O)(NS(=O)(=O)C(F)(F)F)C(F)(F)F,CCCCCCCCCC[N+](CC)(CC)CC.O=S(=O)(NS(=O)(=O)C(F)(F)F)C(F)(F)F,exclude,1,0,False,neutral_component_or_incorrect_ion_role
vis,test,4375,CCCCCCCCCC[N+](CC)(CC)CC,O=S(=O)(NS(=O)(=O)C(F)(F)F)C(F)(F)F,CCCCCCCCCC[N+](CC)(CC)CC.O=S(=O)(NS(=O)(=O)C(F)(F)F)C(F)(F)F,exclude,1,0,False,neutral_component_or_incorrect_ion_role
vis,test,4376,CCCCCCCCCC[N+](CC)(CC)CC,O=S(=O)(NS(=O)(=O)C(F)(F)F)C(F)(F)F,CCCCCCCCCC[N+](CC)(CC)CC.O=S(=O)(NS(=O)(=O)C(F)(F)F)C(F)(F)F,exclude,1,0,False,neutral_component_or_incorrect_ion_role
vis,test,4377,CCCCCCCCCC[N+](CC)(CC)CC,O=S(=O)(NS(=O)(=O)C(F)(F)F)C(F)(F)F,CCCCCCCCCC[N+](CC)(CC)CC.O=S(=O)(NS(=O)(=O)C(F)(F)F)C(F)(F)F,exclude,1,0,False,neutral_component_or_incorrect_ion_role
vis,test,4378,CCCCCCCCCC[N+](CC)(CC)CC,O=S(=O)(NS(=O)(=O)C(F)(F)F)C(F)(F)F,CCCCCCCCCC[N+](CC)(CC)CC.O=S(=O)(NS(=O)(=O)C(F)(F)F)C(F)(F)F,exclude,1,0,False,neutral_component_or_incorrect_ion_role
vis,test,4379,CCCCCCCCCC[N+](CC)(CC)CC,O=S(=O)(NS(=O)(=O)C(F)(F)F)C(F)(F)F,CCCCCCCCCC[N+](CC)(CC)CC.O=S(=O)(NS(=O)(=O)C(F)(F)F)C(F)(F)F,exclude,1,0,False,neutral_component_or_incorrect_ion_role
vis,test,6495,CCCCCCCC[N+]1(C)CCCC1,CCCCCCCCP(=O)([O-])[O-],CCCCCCCC[N+]1(C)CCCC1.CCCCCCCCP(=O)([O-])[O-],exclude,1,-2,False,multivalent_salt_requires_explicit_stoichiometry
vis,test,6496,CCCCCCCC[N+]1(C)CCCC1,CCCCCCCCP(=O)([O-])[O-],CCCCCCCC[N+]1(C)CCCC1.CCCCCCCCP(=O)([O-])[O-],exclude,1,-2,False,multivalent_salt_requires_explicit_stoichiometry
vis,test,6497,CCCCCCCC[N+]1(C)CCCC1,CCCCCCCCP(=O)([O-])[O-],CCCCCCCC[N+]1(C)CCCC1.CCCCCCCCP(=O)([O-])[O-],exclude,1,-2,False,multivalent_salt_requires_explicit_stoichiometry
vis,test,6498,CCCCCCCC[N+]1(C)CCCC1,CCCCCCCCP(=O)([O-])[O-],CCCCCCCC[N+]1(C)CCCC1.CCCCCCCCP(=O)([O-])[O-],exclude,1,-2,False,multivalent_salt_requires_explicit_stoichiometry
vis,test,6499,CCCCCCCC[N+]1(C)CCCC1,CCCCCCCCP(=O)([O-])[O-],CCCCCCCC[N+]1(C)CCCC1.CCCCCCCCP(=O)([O-])[O-],exclude,1,-2,False,multivalent_salt_requires_explicit_stoichiometry
vis,test,6500,CCCCCCCC[N+]1(C)CCCC1,CCCCCCCCP(=O)([O-])[O-],CCCCCCCC[N+]1(C)CCCC1.CCCCCCCCP(=O)([O-])[O-],exclude,1,-2,False,multivalent_salt_requires_explicit_stoichiometry
vis,test,6501,CCCCCCCC[N+]1(C)CCCC1,CCCCCCCCP(=O)([O-])[O-],CCCCCCCC[N+]1(C)CCCC1.CCCCCCCCP(=O)([O-])[O-],exclude,1,-2,False,multivalent_salt_requires_explicit_stoichiometry
vis,test,6502,CCCCCCCC[N+]1(C)CCCC1,CCCCCCCCP(=O)([O-])[O-],CCCCCCCC[N+]1(C)CCCC1.CCCCCCCCP(=O)([O-])[O-],exclude,1,-2,False,multivalent_salt_requires_explicit_stoichiometry
vis,test,6503,CCCCCCCC[N+]1(C)CCCC1,CCCCCCCCP(=O)([O-])[O-],CCCCCCCC[N+]1(C)CCCC1.CCCCCCCCP(=O)([O-])[O-],exclude,1,-2,False,multivalent_salt_requires_explicit_stoichiometry
vis,test,6504,CCCCCCCC[N+]1(C)CCCC1,CCCCCCCCP(=O)([O-])[O-],CCCCCCCC[N+]1(C)CCCC1.CCCCCCCCP(=O)([O-])[O-],exclude,1,-2,False,multivalent_salt_requires_explicit_stoichiometry
vis,test,6505,CCCCCCCC[N+]1(C)CCCC1,CCCCCCCCP(=O)([O-])[O-],CCCCCCCC[N+]1(C)CCCC1.CCCCCCCCP(=O)([O-])[O-],exclude,1,-2,False,multivalent_salt_requires_explicit_stoichiometry
vis,test,6506,CCCCCCCC[N+]1(C)CCCC1,CCCCCCCCP(=O)([O-])[O-],CCCCCCCC[N+]1(C)CCCC1.CCCCCCCCP(=O)([O-])[O-],exclude,1,-2,False,multivalent_salt_requires_explicit_stoichiometry
vis,test,6507,CCCCCCCC[N+]1(C)CCCC1,CCCCCCCCP(=O)([O-])[O-],CCCCCCCC[N+]1(C)CCCC1.CCCCCCCCP(=O)([O-])[O-],exclude,1,-2,False,multivalent_salt_requires_explicit_stoichiometry
tox,non_test,69,NCCN1C=CCC=C1,[Cl-],NCCN1C=CCC=C1.[Cl-],exclude,0,-1,False,neutral_component_or_incorrect_ion_role
tox,non_test,94,CCCCn1cc[n+](C)c1,[C-]#[O+],CCCCn1cc[n+](C)c1.[C-]#[O+],exclude,1,0,False,neutral_component_or_incorrect_ion_role
tox,test,3,O=S(=O)(NS(=O)(=O)C(F)(F)F)C(F)(F)F,O=S(=O)(NS(=O)(=O)C(F)(F)F)C(F)(F)F,O=S(=O)(NS(=O)(=O)C(F)(F)F)C(F)(F)F.O=S(=O)(NS(=O)(=O)C(F)(F)F)C(F)(F)F,exclude,0,0,False,neutral_component_or_incorrect_ion_role
