ion_type,canonical_smiles,source_properties,source_split_roles,source_files
anion,Brc1ccc2[n-]ncc2c1,vis,training;validation,train_1_group_vis.csv;train_2_group_vis.csv;train_4_group_vis.csv;train_5_group_vis.csv;val_3_group_vis.csv
anion,Brc1ccc2cn[n-]c2c1,vis,training;validation,train_1_group_vis.csv;train_2_group_vis.csv;train_3_group_vis.csv;train_4_group_vis.csv;val_5_group_vis.csv
anion,Brc1cccc2[n-]ncc12,vis,training;validation,train_1_group_vis.csv;train_2_group_vis.csv;train_4_group_vis.csv;train_5_group_vis.csv;val_3_group_vis.csv
anion,Brc1cnc[n-]1,vis,training;validation,train_2_group_vis.csv;train_3_group_vis.csv;train_4_group_vis.csv;train_5_group_vis.csv;val_1_group_vis.csv
anion,C/C=C/C(=O)[O-],tox,training;validation,train_1_group_tox.csv;train_3_group_tox.csv;train_4_group_tox.csv;train_5_group_tox.csv;val_2_group_tox.csv
anion,C=CC(=O)NC(C)(C)CS(=O)(=O)[O-],co2;vis,test;training;validation,test_group_co2.csv;train_1_group_co2.csv;train_1_group_vis.csv;train_2_group_co2.csv;train_2_group_vis.csv;train_3_group_co2.csv;train_3_group_vis.csv;train_4_group_co2.csv;train_4_group_vis.csv;train_5_group_co2.csv;train_5_group_vis.csv;val_1_group_vis.csv;val_2_group_co2.csv;val_3_group_co2.csv;val_3_group_vis.csv;val_4_group_vis.csv;val_5_group_co2.csv;val_5_group_vis.csv
anion,CC(=O)CCC(=O)[O-],co2,training;validation,train_1_group_co2.csv;train_2_group_co2.csv;train_4_group_co2.csv;train_5_group_co2.csv;val_3_group_co2.csv
anion,CC(=O)NC(C(=O)[O-])C(C)C,vis,test;training;validation,test_group_vis.csv;train_1_group_vis.csv;train_2_group_vis.csv;train_3_group_vis.csv;train_4_group_vis.csv;train_5_group_vis.csv;val_2_group_vis.csv;val_4_group_vis.csv;val_5_group_vis.csv
anion,CC(=O)NC(C)C(=O)[O-],vis,training;validation,train_1_group_vis.csv;train_2_group_vis.csv;train_3_group_vis.csv;train_4_group_vis.csv;train_5_group_vis.csv;val_1_group_vis.csv;val_3_group_vis.csv;val_4_group_vis.csv
anion,CC(=O)NC(CC(C)C)C(=O)[O-],vis,test;training;validation,test_group_vis.csv;train_1_group_vis.csv;train_2_group_vis.csv;train_3_group_vis.csv;train_4_group_vis.csv;train_5_group_vis.csv;val_2_group_vis.csv;val_4_group_vis.csv
anion,CC(=O)[O-],co2;tox;vis,test;training;validation,test_group_co2.csv;test_group_tox.csv;test_group_vis.csv;train_1_group_co2.csv;train_1_group_tox.csv;train_1_group_vis.csv;train_2_group_tox.csv;train_2_group_vis.csv;train_3_group_co2.csv;train_3_group_tox.csv;train_3_group_vis.csv;train_4_group_co2.csv;train_4_group_tox.csv;train_4_group_vis.csv;train_5_group_co2.csv;train_5_group_tox.csv;train_5_group_vis.csv;val_1_group_tox.csv;val_1_group_vis.csv;val_2_group_co2.csv;val_2_group_tox.csv;val_2_group_vis.csv;val_3_group_vis.csv;val_4_group_vis.csv;val_5_group_vis.csv
anion,CC(C)(C)C(=O)[O-],co2,test,test_group_co2.csv
anion,CC(C)C(=O)[O-],co2;tox;vis,training;validation,train_1_group_co2.csv;train_1_group_tox.csv;train_1_group_vis.csv;train_2_group_co2.csv;train_2_group_vis.csv;train_3_group_co2.csv;train_3_group_tox.csv;train_3_group_vis.csv;train_4_group_tox.csv;train_5_group_co2.csv;train_5_group_tox.csv;train_5_group_vis.csv;val_2_group_tox.csv;val_4_group_co2.csv;val_4_group_vis.csv
anion,CC(C)C(N)C(=O)[O-],co2;vis,training;validation,train_1_group_co2.csv;train_1_group_vis.csv;train_2_group_co2.csv;train_2_group_vis.csv;train_3_group_co2.csv;train_3_group_vis.csv;train_4_group_co2.csv;train_4_group_vis.csv;train_5_group_vis.csv;val_1_group_vis.csv;val_4_group_vis.csv;val_5_group_co2.csv
anion,CC(C)CC(N)C(=O)[O-],vis,training;validation,train_1_group_vis.csv;train_2_group_vis.csv;train_3_group_vis.csv;train_4_group_vis.csv;val_5_group_vis.csv
anion,CC(CC(C)(C)C)CP(=O)([O-])CC(C)CC(C)(C)C,co2;vis,training;validation,train_1_group_co2.csv;train_1_group_vis.csv;train_3_group_co2.csv;train_3_group_vis.csv;train_4_group_co2.csv;train_4_group_vis.csv;train_5_group_co2.csv;train_5_group_vis.csv;val_2_group_co2.csv;val_2_group_vis.csv
anion,CC(N)C(=O)[O-],co2;vis,training;validation,train_1_group_co2.csv;train_1_group_vis.csv;train_2_group_co2.csv;train_2_group_vis.csv;train_3_group_co2.csv;train_3_group_vis.csv;train_4_group_co2.csv;train_4_group_vis.csv;train_5_group_vis.csv;val_1_group_vis.csv;val_3_group_vis.csv;val_4_group_vis.csv;val_5_group_co2.csv
anion,CC(O)C(=O)[O-],co2;tox;vis,test;training;validation,test_group_co2.csv;train_1_group_co2.csv;train_1_group_tox.csv;train_1_group_vis.csv;train_2_group_co2.csv;train_2_group_tox.csv;train_2_group_vis.csv;train_3_group_co2.csv;train_3_group_tox.csv;train_3_group_vis.csv;train_4_group_co2.csv;train_4_group_tox.csv;train_4_group_vis.csv;train_5_group_co2.csv;train_5_group_tox.csv;train_5_group_vis.csv;val_1_group_vis.csv;val_2_group_vis.csv;val_3_group_tox.csv;val_4_group_co2.csv;val_4_group_tox.csv;val_4_group_vis.csv;val_5_group_co2.csv
anion,CC(O)C(N)C(=O)[O-],vis,training;validation,train_1_group_vis.csv;train_2_group_vis.csv;train_3_group_vis.csv;train_4_group_vis.csv;train_5_group_vis.csv;val_2_group_vis.csv;val_5_group_vis.csv
anion,CC(Oc1ccc(Cl)cc1Cl)C(=O)[O-],vis,test;training;validation,test_group_vis.csv;train_1_group_vis.csv;train_2_group_vis.csv;train_3_group_vis.csv;train_4_group_vis.csv;train_5_group_vis.csv;val_3_group_vis.csv;val_4_group_vis.csv;val_5_group_vis.csv
anion,CC1(C(=O)[O-])CCCN1,co2,training;validation,train_1_group_co2.csv;train_3_group_co2.csv;train_4_group_co2.csv;train_5_group_co2.csv;val_2_group_co2.csv
anion,CC1=CC(=O)[N-]S(=O)(=O)O1,co2;tox,training;validation,train_1_group_co2.csv;train_1_group_tox.csv;train_2_group_co2.csv;train_2_group_tox.csv;train_3_group_co2.csv;train_3_group_tox.csv;train_4_group_co2.csv;train_4_group_tox.csv;train_5_group_tox.csv;val_1_group_tox.csv;val_3_group_tox.csv;val_4_group_tox.csv;val_5_group_co2.csv;val_5_group_tox.csv
anion,CCC(=O)[O-],co2;tox;vis,test;training;validation,test_group_vis.csv;train_1_group_co2.csv;train_1_group_vis.csv;train_2_group_tox.csv;train_2_group_vis.csv;train_3_group_co2.csv;train_3_group_tox.csv;train_3_group_vis.csv;train_4_group_co2.csv;train_4_group_tox.csv;train_4_group_vis.csv;train_5_group_co2.csv;train_5_group_tox.csv;train_5_group_vis.csv;val_1_group_tox.csv;val_1_group_vis.csv;val_2_group_co2.csv;val_3_group_vis.csv;val_4_group_vis.csv;val_5_group_vis.csv
anion,CCC(C)C(NC(C)=O)C(=O)[O-],vis,training;validation,train_2_group_vis.csv;train_3_group_vis.csv;train_4_group_vis.csv;train_5_group_vis.csv;val_1_group_vis.csv
anion,CCC(CC)C(=O)[O-],tox,training;validation,train_1_group_tox.csv;train_2_group_tox.csv;train_3_group_tox.csv;train_4_group_tox.csv;val_5_group_tox.csv
anion,CCCC(=O)[O-],co2;tox;vis,test;training;validation,test_group_vis.csv;train_1_group_co2.csv;train_1_group_tox.csv;train_1_group_vis.csv;train_2_group_tox.csv;train_2_group_vis.csv;train_3_group_co2.csv;train_3_group_tox.csv;train_3_group_vis.csv;train_4_group_co2.csv;train_4_group_tox.csv;train_4_group_vis.csv;train_5_group_co2.csv;train_5_group_tox.csv;train_5_group_vis.csv;val_2_group_co2.csv;val_2_group_tox.csv;val_2_group_vis.csv;val_3_group_tox.csv;val_3_group_vis.csv;val_4_group_vis.csv;val_5_group_vis.csv
anion,CCCCC(=O)[O-],tox;vis,training;validation,train_1_group_tox.csv;train_1_group_vis.csv;train_2_group_tox.csv;train_2_group_vis.csv;train_3_group_tox.csv;train_3_group_vis.csv;train_4_group_tox.csv;train_4_group_vis.csv;train_5_group_tox.csv;train_5_group_vis.csv;val_1_group_tox.csv;val_1_group_vis.csv;val_3_group_tox.csv;val_3_group_vis.csv;val_5_group_vis.csv
anion,CCCCC(CC)CCC(=O)[O-],vis,test,test_group_vis.csv
anion,CCCCC(CC)COC(=O)CC(C(=O)OCC(CC)CCCC)S(=O)(=O)[O-],co2;vis,training;validation,train_1_group_vis.csv;train_2_group_co2.csv;train_2_group_vis.csv;train_3_group_co2.csv;train_3_group_vis.csv;train_4_group_co2.csv;train_4_group_vis.csv;train_5_group_co2.csv;train_5_group_vis.csv;val_1_group_co2.csv;val_1_group_vis.csv;val_2_group_vis.csv
anion,CCCCCC(=O)[O-],tox;vis,test;training;validation,test_group_tox.csv;test_group_vis.csv;train_1_group_vis.csv;train_2_group_vis.csv;train_3_group_vis.csv;train_4_group_vis.csv;train_5_group_vis.csv;val_1_group_vis.csv;val_2_group_vis.csv;val_4_group_vis.csv;val_5_group_vis.csv
anion,CCCCCCC(=O)[O-],vis,test,test_group_vis.csv
anion,CCCCCCCC(=O)[O-],tox;vis,test;training;validation,test_group_vis.csv;train_1_group_tox.csv;train_1_group_vis.csv;train_2_group_tox.csv;train_2_group_vis.csv;train_3_group_tox.csv;train_3_group_vis.csv;train_4_group_tox.csv;train_4_group_vis.csv;train_5_group_vis.csv;val_1_group_vis.csv;val_5_group_tox.csv;val_5_group_vis.csv
anion,CCCCCCCCC=CCCCCCCCC(=O)[O-],vis,training;validation,train_1_group_vis.csv;train_2_group_vis.csv;train_3_group_vis.csv;train_4_group_vis.csv;train_5_group_vis.csv;val_3_group_vis.csv;val_5_group_vis.csv
anion,CCCCCCCCCC(=O)[O-],vis,training;validation,train_1_group_vis.csv;train_2_group_vis.csv;train_3_group_vis.csv;train_5_group_vis.csv;val_4_group_vis.csv
anion,CCCCCCCCCCCCOS(=O)(=O)[O-],tox;vis,training;validation,train_1_group_tox.csv;train_1_group_vis.csv;train_2_group_tox.csv;train_2_group_vis.csv;train_3_group_vis.csv;train_4_group_tox.csv;train_5_group_tox.csv;train_5_group_vis.csv;val_3_group_tox.csv;val_4_group_vis.csv
anion,CCCCCCCCCCCCOS(=O)(=O)c1ccccc1,co2,training;validation,train_2_group_co2.csv;train_3_group_co2.csv;train_4_group_co2.csv;train_5_group_co2.csv;val_1_group_co2.csv
anion,CCCCCCCCCCCCc1ccc(S(=O)(=O)[O-])cc1,vis,training;validation,train_2_group_vis.csv;train_3_group_vis.csv;train_4_group_vis.csv;train_5_group_vis.csv;val_1_group_vis.csv
anion,CCCCCCCCCCCCc1ccccc1S(=O)(=O)[O-],vis,training;validation,train_2_group_vis.csv;train_3_group_vis.csv;train_4_group_vis.csv;train_5_group_vis.csv;val_1_group_vis.csv
anion,CCCCCCCCCCOS(=O)(=O)[O-],vis,training;validation,train_1_group_vis.csv;train_3_group_vis.csv;train_4_group_vis.csv;train_5_group_vis.csv;val_2_group_vis.csv
anion,CCCCCCCCOS(=O)(=O)[O-],tox;vis,training;validation,train_1_group_tox.csv;train_1_group_vis.csv;train_2_group_tox.csv;train_2_group_vis.csv;train_3_group_tox.csv;train_3_group_vis.csv;train_4_group_vis.csv;train_5_group_tox.csv;train_5_group_vis.csv;val_2_group_vis.csv;val_4_group_tox.csv;val_4_group_vis.csv
anion,CCCCCCCCP(=O)([O-])[O-],vis,test;training;validation,test_group_vis.csv;train_1_group_vis.csv;train_2_group_vis.csv;train_3_group_vis.csv;train_4_group_vis.csv;val_5_group_vis.csv
anion,CCCCCCOS(=O)(=O)[O-],vis,training;validation,train_1_group_vis.csv;train_2_group_vis.csv;train_4_group_vis.csv;train_5_group_vis.csv;val_3_group_vis.csv
anion,CCCCCCP(=O)([O-])[O-],vis,training;validation,train_1_group_vis.csv;train_2_group_vis.csv;train_3_group_vis.csv;train_4_group_vis.csv;train_5_group_vis.csv;val_4_group_vis.csv;val_5_group_vis.csv
anion,CCCCOS(=O)(=O)[O-],vis,training;validation,train_1_group_vis.csv;train_3_group_vis.csv;train_4_group_vis.csv;train_5_group_vis.csv;val_2_group_vis.csv
anion,CCCCP(=O)([O-])O,vis,training;validation,train_1_group_vis.csv;train_2_group_vis.csv;train_3_group_vis.csv;train_4_group_vis.csv;train_5_group_vis.csv;val_1_group_vis.csv;val_2_group_vis.csv;val_5_group_vis.csv
anion,CCOP(=O)([O-])OCC,co2;vis,test;training;validation,test_group_co2.csv;test_group_vis.csv;train_1_group_co2.csv;train_1_group_vis.csv;train_2_group_co2.csv;train_2_group_vis.csv;train_3_group_co2.csv;train_3_group_vis.csv;train_4_group_vis.csv;train_5_group_co2.csv;train_5_group_vis.csv;val_1_group_vis.csv;val_2_group_vis.csv;val_4_group_co2.csv;val_5_group_vis.csv
anion,CCOS(=O)(=O)[O-],co2;tox;vis,test;training;validation,test_group_co2.csv;test_group_vis.csv;train_1_group_tox.csv;train_1_group_vis.csv;train_2_group_tox.csv;train_2_group_vis.csv;train_3_group_vis.csv;train_4_group_tox.csv;train_4_group_vis.csv;train_5_group_tox.csv;train_5_group_vis.csv;val_3_group_tox.csv;val_3_group_vis.csv;val_4_group_vis.csv;val_5_group_vis.csv
anion,CCP(=O)([O-])O,vis,test;training;validation,test_group_vis.csv;train_1_group_vis.csv;train_2_group_vis.csv;train_3_group_vis.csv;train_4_group_vis.csv;val_5_group_vis.csv
anion,CCS(=O)(=O)[O-],vis,training;validation,train_1_group_vis.csv;train_2_group_vis.csv;train_3_group_vis.csv;train_4_group_vis.csv;train_5_group_vis.csv;val_1_group_vis.csv;val_3_group_vis.csv
anion,COCC(=O)[O-],tox,training;validation,train_1_group_tox.csv;train_2_group_tox.csv;train_3_group_tox.csv;train_4_group_tox.csv;val_5_group_tox.csv
anion,COCCOCC(=O)[O-],tox,test,test_group_tox.csv
anion,COCCOCCOS(=O)(=O)[O-],co2;tox;vis,training;validation,train_1_group_co2.csv;train_1_group_tox.csv;train_1_group_vis.csv;train_2_group_co2.csv;train_2_group_tox.csv;train_2_group_vis.csv;train_3_group_co2.csv;train_3_group_tox.csv;train_4_group_co2.csv;train_4_group_tox.csv;train_4_group_vis.csv;train_5_group_tox.csv;train_5_group_vis.csv;val_3_group_tox.csv;val_3_group_vis.csv;val_5_group_co2.csv;val_5_group_tox.csv
anion,COP(=O)(O)OC,vis,training;validation,train_1_group_vis.csv;train_2_group_vis.csv;train_3_group_vis.csv;train_4_group_vis.csv;train_5_group_vis.csv;val_1_group_vis.csv;val_3_group_vis.csv;val_4_group_vis.csv
anion,COP(=O)([O-])OC,vis,training;validation,train_1_group_vis.csv;train_2_group_vis.csv;train_3_group_vis.csv;train_4_group_vis.csv;train_5_group_vis.csv;val_1_group_vis.csv;val_2_group_vis.csv;val_3_group_vis.csv
anion,COS(=O)(=O)O,vis,training;validation,train_1_group_vis.csv;train_2_group_vis.csv;train_3_group_vis.csv;train_4_group_vis.csv;val_5_group_vis.csv
anion,COS(=O)(=O)[O-],co2;tox;vis,test;training;validation,test_group_vis.csv;train_1_group_co2.csv;train_1_group_tox.csv;train_1_group_vis.csv;train_2_group_co2.csv;train_2_group_tox.csv;train_2_group_vis.csv;train_3_group_co2.csv;train_3_group_tox.csv;train_3_group_vis.csv;train_4_group_co2.csv;train_4_group_tox.csv;train_4_group_vis.csv;train_5_group_co2.csv;train_5_group_tox.csv;train_5_group_vis.csv;val_1_group_co2.csv;val_1_group_tox.csv;val_1_group_vis.csv;val_2_group_co2.csv;val_2_group_vis.csv;val_3_group_co2.csv;val_3_group_tox.csv;val_3_group_vis.csv;val_4_group_co2.csv;val_4_group_tox.csv;val_4_group_vis.csv;val_5_group_co2.csv;val_5_group_vis.csv
anion,CO[P+](=O)[O-],vis,training;validation,train_2_group_vis.csv;train_3_group_vis.csv;train_4_group_vis.csv;train_5_group_vis.csv;val_1_group_vis.csv
anion,CO[PH](=O)[O-],co2,training;validation,train_1_group_co2.csv;train_2_group_co2.csv;train_3_group_co2.csv;train_5_group_co2.csv;val_4_group_co2.csv
anion,CP(=O)([O-])O,co2,training;validation,train_1_group_co2.csv;train_2_group_co2.csv;train_4_group_co2.csv;train_5_group_co2.csv;val_3_group_co2.csv
anion,CP(=O)([O-])[O-],vis,training;validation,train_2_group_vis.csv;train_3_group_vis.csv;train_4_group_vis.csv;train_5_group_vis.csv;val_1_group_vis.csv
anion,CS(=O)(=O)[O-],co2;tox;vis,test;training;validation,test_group_vis.csv;train_1_group_co2.csv;train_1_group_tox.csv;train_1_group_vis.csv;train_2_group_co2.csv;train_2_group_tox.csv;train_2_group_vis.csv;train_3_group_co2.csv;train_3_group_tox.csv;train_3_group_vis.csv;train_4_group_co2.csv;train_4_group_tox.csv;train_4_group_vis.csv;train_5_group_co2.csv;train_5_group_tox.csv;train_5_group_vis.csv;val_1_group_vis.csv;val_2_group_co2.csv;val_2_group_tox.csv;val_2_group_vis.csv;val_3_group_co2.csv;val_3_group_tox.csv;val_3_group_vis.csv;val_5_group_vis.csv
anion,Cc1ccc(S(=O)(=O)O)cc1,vis,training;validation,train_1_group_vis.csv;train_2_group_vis.csv;train_3_group_vis.csv;train_5_group_vis.csv;val_4_group_vis.csv
anion,Cc1ccc(S(=O)(=O)[O-])cc1,co2;tox;vis,training;validation,train_1_group_co2.csv;train_1_group_tox.csv;train_1_group_vis.csv;train_2_group_co2.csv;train_2_group_tox.csv;train_2_group_vis.csv;train_3_group_co2.csv;train_3_group_tox.csv;train_3_group_vis.csv;train_4_group_co2.csv;train_4_group_tox.csv;train_4_group_vis.csv;train_5_group_co2.csv;train_5_group_tox.csv;train_5_group_vis.csv;val_1_group_co2.csv;val_1_group_tox.csv;val_1_group_vis.csv;val_2_group_tox.csv;val_2_group_vis.csv;val_3_group_co2.csv;val_3_group_tox.csv;val_3_group_vis.csv;val_4_group_vis.csv
anion,Cc1n[n-]cc1Br,vis,training;validation,train_1_group_vis.csv;train_3_group_vis.csv;train_4_group_vis.csv;train_5_group_vis.csv;val_2_group_vis.csv
anion,Cc1nc([N+](=O)[O-])c[n-]1,vis,training;validation,train_1_group_vis.csv;train_2_group_vis.csv;train_3_group_vis.csv;train_4_group_vis.csv;train_5_group_vis.csv;val_1_group_vis.csv;val_3_group_vis.csv;val_4_group_vis.csv;val_5_group_vis.csv
anion,Cl[Fe-](Cl)(Cl)Br,vis,training;validation,train_1_group_vis.csv;train_2_group_vis.csv;train_3_group_vis.csv;train_4_group_vis.csv;train_5_group_vis.csv;val_4_group_vis.csv;val_5_group_vis.csv
anion,Cl[Fe-](Cl)(Cl)Cl,co2;vis,training;validation,train_1_group_co2.csv;train_1_group_vis.csv;train_2_group_co2.csv;train_3_group_vis.csv;train_4_group_co2.csv;train_4_group_vis.csv;train_5_group_co2.csv;train_5_group_vis.csv;val_2_group_vis.csv;val_3_group_co2.csv
anion,Clc1n[n-]c2ccccc12,vis,training;validation,train_1_group_vis.csv;train_2_group_vis.csv;train_3_group_vis.csv;train_4_group_vis.csv;val_5_group_vis.csv
anion,Clc1nc[n-]c1Cl,vis,training;validation,train_1_group_vis.csv;train_2_group_vis.csv;train_4_group_vis.csv;train_5_group_vis.csv;val_3_group_vis.csv
anion,FC(F)(F)C(F)(F)C(F)(F)C(F)(F)[P-](F)(F)(F)(C(F)(F)C(F)(F)C(F)(F)C(F)(F)F)C(F)(F)C(F)(F)C(F)(F)C(F)(F)F,co2,training;validation,train_2_group_co2.csv;train_3_group_co2.csv;train_4_group_co2.csv;train_5_group_co2.csv;val_1_group_co2.csv
anion,FC(F)(F)C(F)(F)C(F)(F)[P-](F)(F)(F)(C(F)(F)C(F)(F)C(F)(F)F)C(F)(F)C(F)(F)C(F)(F)F,co2;tox,training;validation,train_1_group_co2.csv;train_2_group_co2.csv;train_2_group_tox.csv;train_3_group_co2.csv;train_3_group_tox.csv;train_4_group_co2.csv;train_4_group_tox.csv;train_5_group_tox.csv;val_1_group_tox.csv;val_5_group_co2.csv
anion,FC(F)(F)C(F)(F)[P-](F)(F)(F)(C(F)(F)C(F)(F)F)C(F)(F)C(F)(F)F,co2;tox;vis,test;training;validation,test_group_tox.csv;test_group_vis.csv;train_1_group_co2.csv;train_1_group_tox.csv;train_1_group_vis.csv;train_2_group_co2.csv;train_2_group_tox.csv;train_2_group_vis.csv;train_3_group_co2.csv;train_3_group_tox.csv;train_3_group_vis.csv;train_4_group_co2.csv;train_4_group_tox.csv;train_4_group_vis.csv;train_5_group_co2.csv;train_5_group_tox.csv;train_5_group_vis.csv;val_1_group_vis.csv;val_2_group_co2.csv;val_2_group_tox.csv;val_2_group_vis.csv;val_3_group_co2.csv;val_3_group_vis.csv;val_4_group_tox.csv;val_4_group_vis.csv;val_5_group_tox.csv;val_5_group_vis.csv
anion,FC(F)(F)[N-]C(F)(F)F,tox,training;validation,train_2_group_tox.csv;train_3_group_tox.csv;train_4_group_tox.csv;train_5_group_tox.csv;val_1_group_tox.csv
anion,F[B-](F)(F)C(F)(F)C(F)(F)C(F)(F)C(F)(F)F,vis,training;validation,train_1_group_vis.csv;train_2_group_vis.csv;train_3_group_vis.csv;train_4_group_vis.csv;train_5_group_vis.csv;val_1_group_vis.csv;val_5_group_vis.csv
anion,F[B-](F)(F)C(F)(F)C(F)(F)C(F)(F)F,vis,training;validation,train_1_group_vis.csv;train_2_group_vis.csv;train_3_group_vis.csv;train_4_group_vis.csv;train_5_group_vis.csv;val_1_group_vis.csv;val_3_group_vis.csv
anion,F[B-](F)(F)C(F)(F)C(F)(F)F,vis,test;training;validation,test_group_vis.csv;train_1_group_vis.csv;train_2_group_vis.csv;train_3_group_vis.csv;train_4_group_vis.csv;train_5_group_vis.csv;val_1_group_vis.csv;val_2_group_vis.csv;val_3_group_vis.csv
anion,F[B-](F)(F)C(F)(F)F,vis,training;validation,train_1_group_vis.csv;train_2_group_vis.csv;train_3_group_vis.csv;train_4_group_vis.csv;train_5_group_vis.csv;val_2_group_vis.csv;val_4_group_vis.csv;val_5_group_vis.csv
anion,F[B-](F)(F)F,co2;tox;vis,test;training;validation,test_group_co2.csv;test_group_tox.csv;test_group_vis.csv;train_1_group_co2.csv;train_1_group_tox.csv;train_1_group_vis.csv;train_2_group_co2.csv;train_2_group_tox.csv;train_2_group_vis.csv;train_3_group_co2.csv;train_3_group_tox.csv;train_3_group_vis.csv;train_4_group_co2.csv;train_4_group_tox.csv;train_4_group_vis.csv;train_5_group_co2.csv;train_5_group_tox.csv;train_5_group_vis.csv;val_1_group_co2.csv;val_1_group_tox.csv;val_1_group_vis.csv;val_2_group_co2.csv;val_2_group_tox.csv;val_2_group_vis.csv;val_3_group_co2.csv;val_3_group_tox.csv;val_3_group_vis.csv;val_4_group_co2.csv;val_4_group_tox.csv;val_4_group_vis.csv;val_5_group_co2.csv;val_5_group_tox.csv;val_5_group_vis.csv
anion,F[B-](F)(F)c1ccccc1,vis,training;validation,train_1_group_vis.csv;train_2_group_vis.csv;train_3_group_vis.csv;train_4_group_vis.csv;train_5_group_vis.csv;val_2_group_vis.csv;val_3_group_vis.csv
anion,F[B-](F)F,co2,test,test_group_co2.csv
anion,F[P-](F)(F)(F)(F)F,co2;tox;vis,test;training;validation,test_group_co2.csv;test_group_tox.csv;test_group_vis.csv;train_1_group_co2.csv;train_1_group_tox.csv;train_1_group_vis.csv;train_2_group_co2.csv;train_2_group_tox.csv;train_2_group_vis.csv;train_3_group_co2.csv;train_3_group_tox.csv;train_3_group_vis.csv;train_4_group_co2.csv;train_4_group_tox.csv;train_4_group_vis.csv;train_5_group_co2.csv;train_5_group_tox.csv;train_5_group_vis.csv;val_1_group_co2.csv;val_1_group_tox.csv;val_1_group_vis.csv;val_2_group_co2.csv;val_2_group_tox.csv;val_2_group_vis.csv;val_3_group_tox.csv;val_3_group_vis.csv;val_4_group_co2.csv;val_4_group_tox.csv;val_4_group_vis.csv;val_5_group_co2.csv;val_5_group_tox.csv;val_5_group_vis.csv
anion,Ic1cc[n-]n1,vis,training;validation,train_1_group_vis.csv;train_2_group_vis.csv;train_3_group_vis.csv;train_5_group_vis.csv;val_4_group_vis.csv
anion,N#CC(=C=[N-])C#N,vis,training;validation,train_1_group_vis.csv;train_2_group_vis.csv;train_3_group_vis.csv;train_4_group_vis.csv;train_5_group_vis.csv;val_1_group_vis.csv;val_3_group_vis.csv;val_5_group_vis.csv
anion,N#CC(C#N)C#N,co2;vis,training;validation,train_1_group_co2.csv;train_1_group_vis.csv;train_2_group_co2.csv;train_3_group_co2.csv;train_3_group_vis.csv;train_4_group_vis.csv;train_5_group_co2.csv;train_5_group_vis.csv;val_2_group_vis.csv;val_4_group_co2.csv
anion,N#CN=C=[N-],vis,test;training;validation,test_group_vis.csv;train_1_group_vis.csv;train_2_group_vis.csv;train_3_group_vis.csv;train_4_group_vis.csv;train_5_group_vis.csv;val_1_group_vis.csv;val_3_group_vis.csv;val_4_group_vis.csv;val_5_group_vis.csv
anion,N#CNC#N,vis,test;training;validation,test_group_vis.csv;train_1_group_vis.csv;train_2_group_vis.csv;train_3_group_vis.csv;train_4_group_vis.csv;train_5_group_vis.csv;val_1_group_vis.csv;val_2_group_vis.csv;val_3_group_vis.csv;val_4_group_vis.csv;val_5_group_vis.csv
anion,N#CS[Al-3](SC#N)(SC#N)(SC#N)(SC#N)SC#N,vis,training;validation,train_1_group_vis.csv;train_2_group_vis.csv;train_3_group_vis.csv;train_4_group_vis.csv;val_5_group_vis.csv
anion,N#CS[Cu-3](SC#N)(SC#N)SC#N,vis,training;validation,train_1_group_vis.csv;train_3_group_vis.csv;train_4_group_vis.csv;train_5_group_vis.csv;val_2_group_vis.csv
anion,N#CS[Hg-2](SC#N)(SC#N)SC#N,vis,training;validation,train_1_group_vis.csv;train_3_group_vis.csv;train_4_group_vis.csv;train_5_group_vis.csv;val_2_group_vis.csv
anion,N#CS[Zn-2](SC#N)(SC#N)SC#N,vis,training;validation,train_2_group_vis.csv;train_3_group_vis.csv;train_4_group_vis.csv;train_5_group_vis.csv;val_1_group_vis.csv
anion,N#C[Au-]C#N,vis,training;validation,train_2_group_vis.csv;train_3_group_vis.csv;train_4_group_vis.csv;train_5_group_vis.csv;val_1_group_vis.csv
anion,N#C[B-](C#N)(C#N)C#N,co2;tox;vis,training;validation,train_1_group_co2.csv;train_1_group_tox.csv;train_1_group_vis.csv;train_2_group_co2.csv;train_2_group_tox.csv;train_2_group_vis.csv;train_3_group_co2.csv;train_3_group_tox.csv;train_3_group_vis.csv;train_4_group_co2.csv;train_4_group_tox.csv;train_4_group_vis.csv;train_5_group_co2.csv;train_5_group_tox.csv;train_5_group_vis.csv;val_1_group_co2.csv;val_3_group_co2.csv;val_3_group_tox.csv;val_4_group_tox.csv;val_4_group_vis.csv;val_5_group_vis.csv
anion,N#C[C-](C#N)C#N,co2;vis,test;training;validation,test_group_vis.csv;train_1_group_co2.csv;train_1_group_vis.csv;train_2_group_co2.csv;train_2_group_vis.csv;train_3_group_co2.csv;train_3_group_vis.csv;train_4_group_co2.csv;train_5_group_co2.csv;train_5_group_vis.csv;val_1_group_co2.csv;val_2_group_co2.csv;val_3_group_co2.csv;val_4_group_co2.csv;val_4_group_vis.csv
anion,N#C[N-]C#N,co2;tox;vis,test;training;validation,test_group_co2.csv;test_group_vis.csv;train_1_group_co2.csv;train_1_group_tox.csv;train_1_group_vis.csv;train_2_group_co2.csv;train_2_group_tox.csv;train_2_group_vis.csv;train_3_group_co2.csv;train_3_group_tox.csv;train_3_group_vis.csv;train_4_group_co2.csv;train_4_group_tox.csv;train_4_group_vis.csv;train_5_group_co2.csv;train_5_group_tox.csv;train_5_group_vis.csv;val_1_group_tox.csv;val_1_group_vis.csv;val_2_group_co2.csv;val_2_group_tox.csv;val_2_group_vis.csv;val_3_group_co2.csv;val_3_group_vis.csv;val_4_group_co2.csv;val_4_group_tox.csv;val_4_group_vis.csv;val_5_group_co2.csv;val_5_group_vis.csv
anion,N#C[S-],co2;tox;vis,test;training;validation,test_group_co2.csv;test_group_vis.csv;train_1_group_co2.csv;train_1_group_tox.csv;train_1_group_vis.csv;train_2_group_co2.csv;train_2_group_tox.csv;train_2_group_vis.csv;train_3_group_co2.csv;train_3_group_vis.csv;train_4_group_co2.csv;train_4_group_tox.csv;train_4_group_vis.csv;train_5_group_co2.csv;train_5_group_tox.csv;train_5_group_vis.csv;val_1_group_co2.csv;val_1_group_vis.csv;val_2_group_vis.csv;val_3_group_co2.csv;val_3_group_tox.csv;val_3_group_vis.csv;val_4_group_vis.csv;val_5_group_co2.csv;val_5_group_vis.csv
anion,N#Cc1ccc2cn[n-]c2c1,vis,training;validation,train_1_group_vis.csv;train_2_group_vis.csv;train_3_group_vis.csv;train_4_group_vis.csv;val_5_group_vis.csv
anion,N#Cc1nc(C(F)(F)F)[n-]c1C#N,vis,test,test_group_vis.csv
anion,NC(=O)CC(N)C(=O)[O-],vis,training;validation,train_1_group_vis.csv;train_2_group_vis.csv;train_3_group_vis.csv;train_4_group_vis.csv;val_5_group_vis.csv
anion,NC(=O)CCC(=O)[O-],co2,training;validation,train_1_group_co2.csv;train_2_group_co2.csv;train_3_group_co2.csv;train_5_group_co2.csv;val_4_group_co2.csv
anion,NC(CCC(=O)O)C(=O)[O-],vis,training;validation,train_2_group_vis.csv;train_3_group_vis.csv;train_4_group_vis.csv;train_5_group_vis.csv;val_1_group_vis.csv
anion,NC(CO)C(=O)[O-],vis,training;validation,train_1_group_vis.csv;train_2_group_vis.csv;train_3_group_vis.csv;train_4_group_vis.csv;train_5_group_vis.csv;val_1_group_vis.csv;val_2_group_vis.csv;val_3_group_vis.csv;val_4_group_vis.csv;val_5_group_vis.csv
anion,NC(CS)C(=O)[O-],vis,test,test_group_vis.csv
anion,NC(Cc1ccccc1)C(=O)[O-],vis,training;validation,train_1_group_vis.csv;train_2_group_vis.csv;train_4_group_vis.csv;train_5_group_vis.csv;val_3_group_vis.csv
anion,NCC(=O)[O-],co2;vis,training;validation,train_1_group_co2.csv;train_1_group_vis.csv;train_2_group_co2.csv;train_2_group_vis.csv;train_3_group_co2.csv;train_3_group_vis.csv;train_4_group_co2.csv;train_4_group_vis.csv;train_5_group_co2.csv;train_5_group_vis.csv;val_1_group_vis.csv;val_2_group_co2.csv;val_2_group_vis.csv;val_5_group_co2.csv;val_5_group_vis.csv
anion,NCCC(=O)[O-],vis,test,test_group_vis.csv
anion,NCCCCC(N)C(=O)[O-],vis,training;validation,train_1_group_vis.csv;train_2_group_vis.csv;train_3_group_vis.csv;train_5_group_vis.csv;val_4_group_vis.csv
anion,NCCS(=O)(=O)O,vis,training;validation,train_1_group_vis.csv;train_3_group_vis.csv;train_4_group_vis.csv;train_5_group_vis.csv;val_2_group_vis.csv
anion,NCCS(=O)(=O)[O-],vis,training;validation,train_1_group_vis.csv;train_2_group_vis.csv;train_3_group_vis.csv;train_4_group_vis.csv;train_5_group_vis.csv;val_1_group_vis.csv;val_4_group_vis.csv;val_5_group_vis.csv
anion,NS(=O)(=O)[O-],tox,training;validation,train_2_group_tox.csv;train_3_group_tox.csv;train_4_group_tox.csv;train_5_group_tox.csv;val_1_group_tox.csv
anion,O=C(CF)OOB([O-])OOC(=O)CF,vis,training;validation,train_1_group_vis.csv;train_2_group_vis.csv;train_3_group_vis.csv;train_5_group_vis.csv;val_4_group_vis.csv
anion,O=C(O)CO,vis,training;validation,train_1_group_vis.csv;train_2_group_vis.csv;train_4_group_vis.csv;train_5_group_vis.csv;val_3_group_vis.csv
anion,O=C(O)c1ccccc1[O-],vis,training;validation,train_2_group_vis.csv;train_3_group_vis.csv;train_4_group_vis.csv;train_5_group_vis.csv;val_1_group_vis.csv
anion,O=C(O[B-](F)(F)OC(=O)C(F)(F)F)C(F)(F)F,vis,training;validation,train_2_group_vis.csv;train_3_group_vis.csv;train_4_group_vis.csv;train_5_group_vis.csv;val_1_group_vis.csv
anion,O=C([O-])C(F)(F)C(F)(F)C(F)(F)C(F)(F)C(F)(F)C(F)(F)C(F)(F)C(F)(F)F,vis,training;validation,train_1_group_vis.csv;train_2_group_vis.csv;train_3_group_vis.csv;train_4_group_vis.csv;val_5_group_vis.csv
anion,O=C([O-])C(F)(F)C(F)(F)C(F)(F)C(F)(F)C(F)(F)C(F)(F)C(F)(F)F,co2,training;validation,train_1_group_co2.csv;train_3_group_co2.csv;train_4_group_co2.csv;train_5_group_co2.csv;val_2_group_co2.csv
anion,O=C([O-])C(F)(F)C(F)(F)C(F)(F)C(F)(F)F,vis,training;validation,train_1_group_vis.csv;train_2_group_vis.csv;train_3_group_vis.csv;train_4_group_vis.csv;train_5_group_vis.csv;val_3_group_vis.csv;val_4_group_vis.csv
anion,O=C([O-])C(F)(F)C(F)(F)C(F)(F)F,co2;vis,test;training;validation,test_group_vis.csv;train_1_group_vis.csv;train_2_group_co2.csv;train_2_group_vis.csv;train_3_group_co2.csv;train_3_group_vis.csv;train_4_group_co2.csv;train_4_group_vis.csv;train_5_group_co2.csv;val_1_group_co2.csv;val_5_group_vis.csv
anion,O=C([O-])C(F)(F)F,co2;tox;vis,test;training;validation,test_group_vis.csv;train_1_group_co2.csv;train_1_group_tox.csv;train_1_group_vis.csv;train_2_group_co2.csv;train_2_group_tox.csv;train_2_group_vis.csv;train_3_group_co2.csv;train_3_group_tox.csv;train_3_group_vis.csv;train_4_group_co2.csv;train_4_group_tox.csv;train_4_group_vis.csv;train_5_group_co2.csv;train_5_group_tox.csv;train_5_group_vis.csv;val_1_group_co2.csv;val_1_group_vis.csv;val_2_group_co2.csv;val_2_group_tox.csv;val_2_group_vis.csv;val_4_group_vis.csv;val_5_group_tox.csv
anion,O=C([O-])C1CCCN1,co2;vis,test;training;validation,test_group_vis.csv;train_1_group_co2.csv;train_1_group_vis.csv;train_2_group_co2.csv;train_2_group_vis.csv;train_3_group_co2.csv;train_3_group_vis.csv;train_4_group_co2.csv;train_4_group_vis.csv;train_5_group_vis.csv;val_1_group_vis.csv;val_2_group_vis.csv;val_3_group_vis.csv;val_5_group_co2.csv
anion,O=C([O-])C=CC(=O)O,tox,training;validation,train_1_group_tox.csv;train_2_group_tox.csv;train_4_group_tox.csv;train_5_group_tox.csv;val_3_group_tox.csv
anion,O=C([O-])CNCC(=O)O,co2,training;validation,train_1_group_co2.csv;train_2_group_co2.csv;train_3_group_co2.csv;train_4_group_co2.csv;val_5_group_co2.csv
anion,O=C([O-])CO,tox;vis,test;training;validation,test_group_vis.csv;train_1_group_tox.csv;train_1_group_vis.csv;train_2_group_tox.csv;train_2_group_vis.csv;train_3_group_tox.csv;train_3_group_vis.csv;train_4_group_tox.csv;train_4_group_vis.csv;train_5_group_tox.csv;train_5_group_vis.csv;val_1_group_tox.csv;val_2_group_tox.csv;val_4_group_vis.csv;val_5_group_vis.csv
anion,O=C([O-])O,vis,training;validation,train_2_group_vis.csv;train_3_group_vis.csv;train_4_group_vis.csv;train_5_group_vis.csv;val_1_group_vis.csv
anion,O=C([O-])c1cccc(S(=O)(=O)O)c1,vis,training;validation,train_1_group_vis.csv;train_2_group_vis.csv;train_3_group_vis.csv;train_4_group_vis.csv;train_5_group_vis.csv;val_1_group_vis.csv;val_4_group_vis.csv
anion,O=C([O-])c1ccccc1,vis,training;validation,train_1_group_vis.csv;train_2_group_vis.csv;train_3_group_vis.csv;train_5_group_vis.csv;val_4_group_vis.csv
anion,O=C([O-])c1ccccc1O,tox;vis,training;validation,train_1_group_tox.csv;train_2_group_tox.csv;train_2_group_vis.csv;train_3_group_tox.csv;train_3_group_vis.csv;train_4_group_vis.csv;train_5_group_tox.csv;train_5_group_vis.csv;val_1_group_vis.csv;val_4_group_tox.csv
anion,O=C1O[B-]2(OC1=O)OC(=O)C(=O)O2,tox,training;validation,train_1_group_tox.csv;train_2_group_tox.csv;train_3_group_tox.csv;train_5_group_tox.csv;val_4_group_tox.csv
anion,O=C1[N-]S(=O)(=O)c2ccccc21,tox,test;training;validation,test_group_tox.csv;train_1_group_tox.csv;train_2_group_tox.csv;train_3_group_tox.csv;train_4_group_tox.csv;train_5_group_tox.csv;val_2_group_tox.csv;val_4_group_tox.csv;val_5_group_tox.csv
anion,O=C[O-],co2;tox;vis,test;training;validation,test_group_vis.csv;train_1_group_co2.csv;train_1_group_tox.csv;train_1_group_vis.csv;train_2_group_co2.csv;train_2_group_tox.csv;train_2_group_vis.csv;train_3_group_co2.csv;train_3_group_tox.csv;train_3_group_vis.csv;train_4_group_tox.csv;train_4_group_vis.csv;train_5_group_co2.csv;train_5_group_tox.csv;train_5_group_vis.csv;val_1_group_vis.csv;val_2_group_tox.csv;val_2_group_vis.csv;val_3_group_vis.csv;val_4_group_co2.csv;val_4_group_tox.csv;val_4_group_vis.csv;val_5_group_tox.csv;val_5_group_vis.csv
anion,O=P([O-])(C(F)(F)C(F)(F)F)C(F)(F)C(F)(F)F,tox,training;validation,train_1_group_tox.csv;train_3_group_tox.csv;train_4_group_tox.csv;train_5_group_tox.csv;val_2_group_tox.csv
anion,O=P([O-])(O)O,vis,test;training;validation,test_group_vis.csv;train_1_group_vis.csv;train_2_group_vis.csv;train_3_group_vis.csv;train_4_group_vis.csv;train_5_group_vis.csv;val_1_group_vis.csv;val_3_group_vis.csv;val_4_group_vis.csv;val_5_group_vis.csv
anion,O=S(=O)(F)NS(=O)(=O)F,co2;vis,training;validation,train_1_group_co2.csv;train_1_group_vis.csv;train_2_group_vis.csv;train_3_group_co2.csv;train_3_group_vis.csv;train_4_group_co2.csv;train_4_group_vis.csv;train_5_group_co2.csv;train_5_group_vis.csv;val_2_group_co2.csv;val_3_group_vis.csv;val_4_group_vis.csv
anion,O=S(=O)(F)[N-]S(=O)(=O)F,co2;vis,test;training;validation,test_group_vis.csv;train_1_group_co2.csv;train_1_group_vis.csv;train_2_group_co2.csv;train_2_group_vis.csv;train_3_group_co2.csv;train_3_group_vis.csv;train_4_group_co2.csv;train_4_group_vis.csv;train_5_group_co2.csv;train_5_group_vis.csv;val_1_group_vis.csv;val_2_group_co2.csv;val_2_group_vis.csv;val_3_group_vis.csv;val_4_group_co2.csv;val_4_group_vis.csv;val_5_group_co2.csv;val_5_group_vis.csv
anion,O=S(=O)(N=S(=O)([O-])C(F)(F)F)C(F)(F)F,vis,training;validation,train_1_group_vis.csv;train_2_group_vis.csv;train_3_group_vis.csv;train_4_group_vis.csv;train_5_group_vis.csv;val_3_group_vis.csv;val_4_group_vis.csv
anion,O=S(=O)(NS(=O)(=O)C(F)(F)C(F)(F)F)C(F)(F)C(F)(F)F,co2;vis,training;validation,train_1_group_co2.csv;train_1_group_vis.csv;train_2_group_co2.csv;train_2_group_vis.csv;train_3_group_co2.csv;train_3_group_vis.csv;train_4_group_vis.csv;train_5_group_co2.csv;train_5_group_vis.csv;val_1_group_vis.csv;val_4_group_co2.csv;val_5_group_vis.csv
anion,O=S(=O)(NS(=O)(=O)C(F)(F)F)C(F)(F)F,co2;tox;vis,test;training;validation,test_group_co2.csv;test_group_tox.csv;test_group_vis.csv;train_1_group_co2.csv;train_1_group_vis.csv;train_2_group_co2.csv;train_2_group_vis.csv;train_3_group_co2.csv;train_3_group_vis.csv;train_4_group_co2.csv;train_4_group_vis.csv;train_5_group_co2.csv;train_5_group_vis.csv;val_1_group_co2.csv;val_1_group_vis.csv;val_2_group_co2.csv;val_2_group_vis.csv;val_3_group_co2.csv;val_3_group_vis.csv;val_4_group_co2.csv;val_4_group_vis.csv;val_5_group_co2.csv;val_5_group_vis.csv
anion,O=S(=O)(N[SH](=O)([O-])C(F)(F)F)C(F)(F)F,co2;vis,training;validation,train_1_group_vis.csv;train_2_group_co2.csv;train_2_group_vis.csv;train_3_group_co2.csv;train_3_group_vis.csv;train_4_group_co2.csv;train_4_group_vis.csv;train_5_group_co2.csv;train_5_group_vis.csv;val_1_group_co2.csv;val_2_group_vis.csv;val_3_group_vis.csv
anion,O=S(=O)([C-](S(=O)(=O)C(F)(F)F)S(=O)(=O)C(F)(F)F)C(F)(F)F,co2;tox,test;training;validation,test_group_tox.csv;train_2_group_co2.csv;train_3_group_co2.csv;train_4_group_co2.csv;train_5_group_co2.csv;val_1_group_co2.csv
anion,O=S(=O)([CH-]S(=O)(=O)C(F)(F)F)C(F)(F)F,co2,training;validation,train_1_group_co2.csv;train_3_group_co2.csv;train_4_group_co2.csv;train_5_group_co2.csv;val_2_group_co2.csv
anion,O=S(=O)([N-]S(=O)(=O)C(F)(F)C(F)(F)F)C(F)(F)C(F)(F)F,co2;vis,training;validation,train_1_group_co2.csv;train_1_group_vis.csv;train_2_group_co2.csv;train_2_group_vis.csv;train_3_group_co2.csv;train_3_group_vis.csv;train_4_group_co2.csv;train_4_group_vis.csv;train_5_group_co2.csv;train_5_group_vis.csv;val_1_group_co2.csv;val_2_group_vis.csv;val_4_group_co2.csv;val_4_group_vis.csv;val_5_group_vis.csv
anion,O=S(=O)([N-]S(=O)(=O)C(F)(F)F)C(F)(F)F,co2;tox;vis,test;training;validation,test_group_co2.csv;test_group_tox.csv;test_group_vis.csv;train_1_group_co2.csv;train_1_group_tox.csv;train_1_group_vis.csv;train_2_group_co2.csv;train_2_group_tox.csv;train_2_group_vis.csv;train_3_group_co2.csv;train_3_group_tox.csv;train_3_group_vis.csv;train_4_group_co2.csv;train_4_group_tox.csv;train_4_group_vis.csv;train_5_group_co2.csv;train_5_group_tox.csv;train_5_group_vis.csv;val_1_group_co2.csv;val_1_group_tox.csv;val_1_group_vis.csv;val_2_group_co2.csv;val_2_group_tox.csv;val_2_group_vis.csv;val_3_group_co2.csv;val_3_group_tox.csv;val_3_group_vis.csv;val_4_group_co2.csv;val_4_group_tox.csv;val_4_group_vis.csv;val_5_group_co2.csv;val_5_group_tox.csv;val_5_group_vis.csv
anion,O=S(=O)([O-])C(F)(F)C(F)(F)C(F)(F)C(F)(F)C(F)(F)C(F)(F)C(F)(F)C(F)(F)F,vis,training;validation,train_1_group_vis.csv;train_3_group_vis.csv;train_4_group_vis.csv;train_5_group_vis.csv;val_2_group_vis.csv
anion,O=S(=O)([O-])C(F)(F)C(F)(F)C(F)(F)C(F)(F)F,co2;vis,training;validation,train_1_group_co2.csv;train_1_group_vis.csv;train_2_group_co2.csv;train_2_group_vis.csv;train_3_group_co2.csv;train_3_group_vis.csv;train_4_group_co2.csv;train_4_group_vis.csv;train_5_group_vis.csv;val_3_group_vis.csv;val_5_group_co2.csv;val_5_group_vis.csv
anion,O=S(=O)([O-])C(F)(F)C(F)C(F)(F)F,vis,test,test_group_vis.csv
anion,O=S(=O)([O-])C(F)(F)C(F)F,co2;vis,training;validation,train_1_group_co2.csv;train_1_group_vis.csv;train_2_group_co2.csv;train_2_group_vis.csv;train_3_group_co2.csv;train_3_group_vis.csv;train_4_group_vis.csv;train_5_group_co2.csv;val_4_group_co2.csv;val_5_group_vis.csv
anion,O=S(=O)([O-])C(F)(F)C(F)OC(F)(F)C(F)(F)F,vis,training;validation,train_1_group_vis.csv;train_2_group_vis.csv;train_3_group_vis.csv;train_5_group_vis.csv;val_4_group_vis.csv
anion,O=S(=O)([O-])C(F)(F)C(F)OC(F)(F)F,vis,training;validation,train_1_group_vis.csv;train_2_group_vis.csv;train_4_group_vis.csv;train_5_group_vis.csv;val_3_group_vis.csv
anion,O=S(=O)([O-])C(F)(F)F,co2;tox;vis,test;training;validation,test_group_tox.csv;test_group_vis.csv;train_1_group_co2.csv;train_1_group_tox.csv;train_1_group_vis.csv;train_2_group_co2.csv;train_2_group_tox.csv;train_2_group_vis.csv;train_3_group_co2.csv;train_3_group_tox.csv;train_3_group_vis.csv;train_4_group_co2.csv;train_4_group_tox.csv;train_4_group_vis.csv;train_5_group_co2.csv;train_5_group_tox.csv;train_5_group_vis.csv;val_1_group_vis.csv;val_2_group_co2.csv;val_2_group_tox.csv;val_2_group_vis.csv;val_3_group_co2.csv;val_3_group_vis.csv;val_4_group_co2.csv;val_4_group_tox.csv;val_4_group_vis.csv;val_5_group_co2.csv;val_5_group_tox.csv;val_5_group_vis.csv
anion,O=S(=O)([O-])CC(O)CN1CCOCC1,vis,training;validation,train_1_group_vis.csv;train_2_group_vis.csv;train_3_group_vis.csv;train_4_group_vis.csv;train_5_group_vis.csv;val_1_group_vis.csv;val_2_group_vis.csv;val_3_group_vis.csv
anion,O=S(=O)([O-])CC(O)CNC(CO)(CO)CO,vis,training;validation,train_1_group_vis.csv;train_2_group_vis.csv;train_4_group_vis.csv;train_5_group_vis.csv;val_3_group_vis.csv
anion,O=S(=O)([O-])CC(O)CNC1CCCCC1,vis,training;validation,train_1_group_vis.csv;train_2_group_vis.csv;train_3_group_vis.csv;train_4_group_vis.csv;train_5_group_vis.csv;val_1_group_vis.csv;val_2_group_vis.csv
anion,O=S(=O)([O-])CCN(CCO)CCO,vis,test;training;validation,test_group_vis.csv;train_1_group_vis.csv;train_2_group_vis.csv;train_3_group_vis.csv;train_4_group_vis.csv;train_5_group_vis.csv;val_1_group_vis.csv;val_4_group_vis.csv
anion,O=S(=O)([O-])O,co2;tox;vis,test;training;validation,test_group_co2.csv;test_group_tox.csv;test_group_vis.csv;train_1_group_co2.csv;train_1_group_tox.csv;train_1_group_vis.csv;train_2_group_co2.csv;train_2_group_tox.csv;train_2_group_vis.csv;train_3_group_vis.csv;train_4_group_co2.csv;train_4_group_tox.csv;train_4_group_vis.csv;train_5_group_co2.csv;train_5_group_tox.csv;train_5_group_vis.csv;val_1_group_vis.csv;val_2_group_vis.csv;val_3_group_co2.csv;val_3_group_tox.csv;val_3_group_vis.csv;val_4_group_vis.csv;val_5_group_vis.csv
anion,O=S(=O)([O-])c1ccccc1,vis,training;validation,train_1_group_vis.csv;train_2_group_vis.csv;train_3_group_vis.csv;train_4_group_vis.csv;train_5_group_vis.csv;val_2_group_vis.csv;val_3_group_vis.csv
anion,O=S1(=O)N=C([O-])c2ccccc21,co2;tox,training;validation,train_1_group_co2.csv;train_1_group_tox.csv;train_2_group_co2.csv;train_2_group_tox.csv;train_3_group_co2.csv;train_3_group_tox.csv;train_4_group_co2.csv;train_5_group_tox.csv;val_4_group_tox.csv;val_5_group_co2.csv
anion,O=[N+]([O-])[O-],co2;tox;vis,test;training;validation,test_group_co2.csv;test_group_vis.csv;train_1_group_co2.csv;train_1_group_vis.csv;train_2_group_co2.csv;train_2_group_tox.csv;train_2_group_vis.csv;train_3_group_co2.csv;train_3_group_tox.csv;train_3_group_vis.csv;train_4_group_co2.csv;train_4_group_tox.csv;train_4_group_vis.csv;train_5_group_co2.csv;train_5_group_tox.csv;train_5_group_vis.csv;val_1_group_tox.csv;val_1_group_vis.csv;val_2_group_vis.csv;val_3_group_co2.csv;val_4_group_co2.csv;val_5_group_co2.csv;val_5_group_vis.csv
anion,O=[N+]([O-])c1cn[n-]c1,vis,training;validation,train_1_group_vis.csv;train_2_group_vis.csv;train_3_group_vis.csv;train_4_group_vis.csv;train_5_group_vis.csv;val_1_group_vis.csv;val_2_group_vis.csv;val_4_group_vis.csv;val_5_group_vis.csv
anion,O=[N+]([O-])c1cnc[n-]1,vis,test;training;validation,test_group_vis.csv;train_1_group_vis.csv;train_2_group_vis.csv;train_3_group_vis.csv;train_4_group_vis.csv;val_5_group_vis.csv
anion,O=[Re](=O)(=O)[O-],vis,test,test_group_vis.csv
anion,[Br-],co2;tox;vis,test;training;validation,test_group_tox.csv;test_group_vis.csv;train_1_group_co2.csv;train_1_group_tox.csv;train_1_group_vis.csv;train_2_group_co2.csv;train_2_group_tox.csv;train_2_group_vis.csv;train_3_group_co2.csv;train_3_group_tox.csv;train_3_group_vis.csv;train_4_group_co2.csv;train_4_group_tox.csv;train_4_group_vis.csv;train_5_group_co2.csv;train_5_group_tox.csv;train_5_group_vis.csv;val_1_group_co2.csv;val_1_group_tox.csv;val_1_group_vis.csv;val_2_group_co2.csv;val_2_group_tox.csv;val_2_group_vis.csv;val_3_group_tox.csv;val_3_group_vis.csv;val_4_group_tox.csv;val_4_group_vis.csv;val_5_group_tox.csv
anion,[C-]#[O+],tox,training;validation,train_1_group_tox.csv;train_2_group_tox.csv;train_3_group_tox.csv;train_5_group_tox.csv;val_4_group_tox.csv
anion,[Cl-],co2;tox;vis,test;training;validation,test_group_tox.csv;test_group_vis.csv;train_1_group_co2.csv;train_1_group_tox.csv;train_1_group_vis.csv;train_2_group_co2.csv;train_2_group_tox.csv;train_2_group_vis.csv;train_3_group_co2.csv;train_3_group_tox.csv;train_3_group_vis.csv;train_4_group_co2.csv;train_4_group_tox.csv;train_4_group_vis.csv;train_5_group_co2.csv;train_5_group_tox.csv;train_5_group_vis.csv;val_1_group_co2.csv;val_1_group_tox.csv;val_1_group_vis.csv;val_2_group_tox.csv;val_2_group_vis.csv;val_3_group_co2.csv;val_3_group_tox.csv;val_3_group_vis.csv;val_4_group_co2.csv;val_4_group_tox.csv;val_4_group_vis.csv;val_5_group_co2.csv;val_5_group_tox.csv;val_5_group_vis.csv
anion,[I-],tox;vis,test;training;validation,test_group_tox.csv;train_1_group_tox.csv;train_1_group_vis.csv;train_2_group_tox.csv;train_2_group_vis.csv;train_3_group_tox.csv;train_3_group_vis.csv;train_4_group_tox.csv;train_4_group_vis.csv;train_5_group_tox.csv;train_5_group_vis.csv;val_1_group_tox.csv;val_1_group_vis.csv;val_2_group_tox.csv;val_3_group_vis.csv;val_4_group_tox.csv;val_5_group_vis.csv
anion,[N-]=C=C1C=CC=N1,vis,training;validation,train_1_group_vis.csv;train_2_group_vis.csv;train_3_group_vis.csv;train_4_group_vis.csv;val_5_group_vis.csv
anion,[N-]=[N+]=[N-],vis,training;validation,train_2_group_vis.csv;train_3_group_vis.csv;train_4_group_vis.csv;train_5_group_vis.csv;val_1_group_vis.csv
anion,[NH3+]CC(=O)[O-],vis,training;validation,train_1_group_vis.csv;train_2_group_vis.csv;train_4_group_vis.csv;train_5_group_vis.csv;val_3_group_vis.csv
anion,[O-][Cl+3]([O-])([O-])[O-],vis,training;validation,train_1_group_vis.csv;train_2_group_vis.csv;train_3_group_vis.csv;train_4_group_vis.csv;val_5_group_vis.csv
anion,[O-]c1ccccc1,vis,training;validation,train_1_group_vis.csv;train_2_group_vis.csv;train_3_group_vis.csv;train_4_group_vis.csv;train_5_group_vis.csv;val_1_group_vis.csv;val_2_group_vis.csv;val_3_group_vis.csv;val_4_group_vis.csv
anion,[c-]1c[nH]nn1,vis,test;training;validation,test_group_vis.csv;train_1_group_vis.csv;train_2_group_vis.csv;train_3_group_vis.csv;train_4_group_vis.csv;train_5_group_vis.csv;val_3_group_vis.csv;val_4_group_vis.csv
anion,[c-]1nn[nH]n1,vis,training;validation,train_1_group_vis.csv;train_2_group_vis.csv;train_3_group_vis.csv;train_4_group_vis.csv;train_5_group_vis.csv;val_1_group_vis.csv;val_5_group_vis.csv
anion,c1c[n-]cn1,vis,training;validation,train_1_group_vis.csv;train_2_group_vis.csv;train_3_group_vis.csv;train_5_group_vis.csv;val_4_group_vis.csv
anion,c1ccc2c(c1)O[B-]1(O2)Oc2ccccc2O1,tox,training;validation,train_1_group_tox.csv;train_2_group_tox.csv;train_3_group_tox.csv;train_4_group_tox.csv;train_5_group_tox.csv;val_2_group_tox.csv;val_4_group_tox.csv
anion,c1nnc[n-]1,vis,training;validation,train_2_group_vis.csv;train_3_group_vis.csv;train_4_group_vis.csv;train_5_group_vis.csv;val_1_group_vis.csv
cation,C1CC[NH2+]C1,vis,training;validation,train_1_group_vis.csv;train_2_group_vis.csv;train_3_group_vis.csv;train_5_group_vis.csv;val_4_group_vis.csv
cation,C1CC[NH2+]CC1,vis,training;validation,train_1_group_vis.csv;train_2_group_vis.csv;train_4_group_vis.csv;train_5_group_vis.csv;val_3_group_vis.csv
cation,C=C([NH3+])[NH2+]CC(CC)CCCC,vis,training;validation,train_2_group_vis.csv;train_3_group_vis.csv;train_4_group_vis.csv;train_5_group_vis.csv;val_1_group_vis.csv
cation,C=C([NH3+])[NH2+]CCCCCC,vis,training;validation,train_1_group_vis.csv;train_3_group_vis.csv;train_4_group_vis.csv;train_5_group_vis.csv;val_2_group_vis.csv
cation,C=C([NH3+])[NH2+]CCCCCCCC,vis,training;validation,train_1_group_vis.csv;train_2_group_vis.csv;train_3_group_vis.csv;train_5_group_vis.csv;val_4_group_vis.csv
cation,C=CCN1C=C[NH+](CCC#N)C1,vis,training;validation,train_1_group_vis.csv;train_3_group_vis.csv;train_4_group_vis.csv;train_5_group_vis.csv;val_2_group_vis.csv
cation,C=CC[N+](C)(C)CC,vis,training;validation,train_1_group_vis.csv;train_2_group_vis.csv;train_3_group_vis.csv;train_4_group_vis.csv;train_5_group_vis.csv;val_1_group_vis.csv;val_2_group_vis.csv;val_3_group_vis.csv;val_5_group_vis.csv
cation,C=CC[NH+](C)C,vis,training;validation,train_1_group_vis.csv;train_2_group_vis.csv;train_4_group_vis.csv;train_5_group_vis.csv;val_3_group_vis.csv
cation,C=CC[NH+](C)CC=C,vis,training;validation,train_2_group_vis.csv;train_3_group_vis.csv;train_4_group_vis.csv;train_5_group_vis.csv;val_1_group_vis.csv
cation,C=CC[NH+](CC)CC,vis,test,test_group_vis.csv
cation,C=CC[NH+]1C=CN(C)C1,co2,training;validation,train_1_group_co2.csv;train_2_group_co2.csv;train_3_group_co2.csv;train_5_group_co2.csv;val_4_group_co2.csv
cation,C=CC[n+]1cc[nH]c1,co2,training;validation,train_2_group_co2.csv;train_3_group_co2.csv;train_4_group_co2.csv;train_5_group_co2.csv;val_1_group_co2.csv
cation,C=CC[n+]1ccn(C)c1,co2,test;training;validation,test_group_co2.csv;train_1_group_co2.csv;train_2_group_co2.csv;train_3_group_co2.csv;train_5_group_co2.csv;val_4_group_co2.csv
cation,C=CC[n+]1ccn(CCC#N)c1,vis,training;validation,train_1_group_vis.csv;train_2_group_vis.csv;train_3_group_vis.csv;train_4_group_vis.csv;val_5_group_vis.csv
cation,C=CCn1cc[n+](C)c1,vis,training;validation,train_1_group_vis.csv;train_2_group_vis.csv;train_3_group_vis.csv;train_4_group_vis.csv;train_5_group_vis.csv;val_2_group_vis.csv;val_4_group_vis.csv;val_5_group_vis.csv
cation,C=CCn1cc[n+](CCOC)c1,vis,training;validation,train_1_group_vis.csv;train_2_group_vis.csv;train_3_group_vis.csv;train_4_group_vis.csv;val_5_group_vis.csv
cation,C=Cn1cc[n+](CC(CBr)N=[N+]=[N-])c1,vis,training;validation,train_1_group_vis.csv;train_3_group_vis.csv;train_4_group_vis.csv;train_5_group_vis.csv;val_2_group_vis.csv
cation,C=Cn1cc[n+](CC(N)=O)c1,vis,training;validation,train_1_group_vis.csv;train_3_group_vis.csv;train_4_group_vis.csv;train_5_group_vis.csv;val_2_group_vis.csv
cation,CC(=O)CCn1cc[n+](C)c1,tox,training;validation,train_2_group_tox.csv;train_3_group_tox.csv;train_4_group_tox.csv;train_5_group_tox.csv;val_1_group_tox.csv
cation,CC(=O)OCC[N+](C)(C)C,vis,training;validation,train_1_group_vis.csv;train_2_group_vis.csv;train_3_group_vis.csv;train_5_group_vis.csv;val_4_group_vis.csv
cation,CC(=O)OCC[N+]1(C)CCCC1,tox,training;validation,train_1_group_tox.csv;train_2_group_tox.csv;train_3_group_tox.csv;train_4_group_tox.csv;val_5_group_tox.csv
cation,CC(=O)[NH+](C)C,co2;vis,training;validation,train_1_group_vis.csv;train_2_group_co2.csv;train_2_group_vis.csv;train_3_group_co2.csv;train_4_group_co2.csv;train_4_group_vis.csv;train_5_group_co2.csv;train_5_group_vis.csv;val_1_group_co2.csv;val_3_group_vis.csv
cation,CC(C(O)c1ccccc1)[N+](C)(C)C,vis,training;validation,train_1_group_vis.csv;train_2_group_vis.csv;train_3_group_vis.csv;train_4_group_vis.csv;val_5_group_vis.csv
cation,CC(C)=Cn1cc[n+](C)c1,vis,test,test_group_vis.csv
cation,CC(C)CCCCn1cc[n+](C)c1,vis,training;validation,train_1_group_vis.csv;train_2_group_vis.csv;train_4_group_vis.csv;train_5_group_vis.csv;val_3_group_vis.csv
cation,CC(C)CCCn1cc[n+](C)c1,vis,training;validation,train_2_group_vis.csv;train_3_group_vis.csv;train_4_group_vis.csv;train_5_group_vis.csv;val_1_group_vis.csv
cation,CC(C)CCn1c[n+](CCCCS(=O)(=O)O)cn1,vis,training;validation,train_1_group_vis.csv;train_3_group_vis.csv;train_4_group_vis.csv;train_5_group_vis.csv;val_2_group_vis.csv
cation,CC(C)CCn1cc[n+](C)c1,vis,training;validation,train_1_group_vis.csv;train_2_group_vis.csv;train_3_group_vis.csv;train_5_group_vis.csv;val_4_group_vis.csv
cation,CC(C)C[N+]1(C)CCCC1,vis,training;validation,train_1_group_vis.csv;train_2_group_vis.csv;train_4_group_vis.csv;train_5_group_vis.csv;val_3_group_vis.csv
cation,CC(C)C[N+]1(C)CCCCC1,vis,training;validation,train_1_group_vis.csv;train_2_group_vis.csv;train_3_group_vis.csv;train_4_group_vis.csv;val_5_group_vis.csv
cation,CC(C)C[NH3+],vis,test,test_group_vis.csv
cation,CC(C)C[P+](C)(CC(C)C)CC(C)C,co2;vis,training;validation,train_1_group_co2.csv;train_1_group_vis.csv;train_2_group_co2.csv;train_2_group_vis.csv;train_3_group_vis.csv;train_4_group_co2.csv;train_4_group_vis.csv;train_5_group_co2.csv;train_5_group_vis.csv;val_2_group_vis.csv;val_3_group_co2.csv;val_4_group_vis.csv
cation,CC(C)Cn1cc[n+](C)c1,vis,training;validation,train_1_group_vis.csv;train_3_group_vis.csv;train_4_group_vis.csv;train_5_group_vis.csv;val_2_group_vis.csv
cation,CC(C)[n+]1ccn(C)c1,vis,training;validation,train_2_group_vis.csv;train_3_group_vis.csv;train_4_group_vis.csv;train_5_group_vis.csv;val_1_group_vis.csv
cation,CC(O)C[NH3+],vis,training;validation,train_1_group_vis.csv;train_2_group_vis.csv;train_4_group_vis.csv;train_5_group_vis.csv;val_3_group_vis.csv
cation,CCC(=O)[NH+](C)C,co2;vis,training;validation,train_1_group_co2.csv;train_1_group_vis.csv;train_2_group_vis.csv;train_3_group_co2.csv;train_3_group_vis.csv;train_4_group_co2.csv;train_5_group_co2.csv;train_5_group_vis.csv;val_2_group_co2.csv;val_4_group_vis.csv
cation,CCC(C)C[NH3+],vis,training;validation,train_1_group_vis.csv;train_2_group_vis.csv;train_3_group_vis.csv;train_5_group_vis.csv;val_4_group_vis.csv
cation,CCC=C[P+](CC)(CC)CC,vis,training;validation,train_1_group_vis.csv;train_2_group_vis.csv;train_3_group_vis.csv;train_5_group_vis.csv;val_4_group_vis.csv
cation,CCC=Cn1cc[n+](C)c1C,vis,training;validation,train_1_group_vis.csv;train_2_group_vis.csv;train_3_group_vis.csv;train_4_group_vis.csv;val_5_group_vis.csv
cation,CCCC(CC)[N+](C)(C)C(=N)N(C)C,vis,training;validation,train_1_group_vis.csv;train_2_group_vis.csv;train_3_group_vis.csv;train_5_group_vis.csv;val_4_group_vis.csv
cation,CCCCC(CC)[NH2+]CCN,vis,training;validation,train_1_group_vis.csv;train_2_group_vis.csv;train_3_group_vis.csv;train_4_group_vis.csv;val_5_group_vis.csv
cation,CCCCC(CCC)[N+](C)(C)C(=N)N(C)C,vis,training;validation,train_1_group_vis.csv;train_2_group_vis.csv;train_3_group_vis.csv;train_4_group_vis.csv;val_5_group_vis.csv
cation,CCCCCCCCC=CCCCCCCCC1=[N+](CC)CCN1CCO,tox,training;validation,train_1_group_tox.csv;train_2_group_tox.csv;train_4_group_tox.csv;train_5_group_tox.csv;val_3_group_tox.csv
cation,CCCCCCCCCCCCCCCCCCn1cc[n+](C)c1,tox;vis,training;validation,train_1_group_tox.csv;train_1_group_vis.csv;train_2_group_tox.csv;train_2_group_vis.csv;train_3_group_vis.csv;train_4_group_tox.csv;train_4_group_vis.csv;train_5_group_tox.csv;val_3_group_tox.csv;val_5_group_vis.csv
cation,CCCCCCCCCCCCCCCC[N+](C)(C)Cc1ccccc1,tox,training;validation,train_2_group_tox.csv;train_3_group_tox.csv;train_4_group_tox.csv;train_5_group_tox.csv;val_1_group_tox.csv
cation,CCCCCCCCCCCCCCCC[n+]1ccn(C)c1,vis,test,test_group_vis.csv
cation,CCCCCCCCCCCCCCCCn1cc[n+](C)c1,tox,training;validation,train_1_group_tox.csv;train_2_group_tox.csv;train_4_group_tox.csv;train_5_group_tox.csv;val_3_group_tox.csv
cation,CCCCCCCCCCCCCC[N+](C)(C)Cc1ccccc1,tox,training;validation,train_1_group_tox.csv;train_2_group_tox.csv;train_4_group_tox.csv;train_5_group_tox.csv;val_3_group_tox.csv
cation,CCCCCCCCCCCCCC[N+](C)(CCOCCOCCOCCOCCOCCO)CCOCCOCCOCCOCCOCCO,vis,training;validation,train_1_group_vis.csv;train_2_group_vis.csv;train_3_group_vis.csv;train_5_group_vis.csv;val_4_group_vis.csv
cation,CCCCCCCCCCCCCC[N+](CC)(CC)CC,vis,training;validation,train_1_group_vis.csv;train_2_group_vis.csv;train_4_group_vis.csv;train_5_group_vis.csv;val_3_group_vis.csv
cation,CCCCCCCCCCCCCC[P+](CCCC)(CCCC)CCCC,vis,training;validation,train_2_group_vis.csv;train_3_group_vis.csv;train_4_group_vis.csv;train_5_group_vis.csv;val_1_group_vis.csv
cation,CCCCCCCCCCCCCC[P+](CCCCCC)(CCCCCC)CCCCCC,co2;tox;vis,test;training;validation,test_group_tox.csv;test_group_vis.csv;train_1_group_co2.csv;train_1_group_tox.csv;train_1_group_vis.csv;train_2_group_co2.csv;train_2_group_tox.csv;train_2_group_vis.csv;train_3_group_co2.csv;train_3_group_tox.csv;train_3_group_vis.csv;train_4_group_co2.csv;train_4_group_vis.csv;train_5_group_co2.csv;train_5_group_tox.csv;train_5_group_vis.csv;val_1_group_co2.csv;val_1_group_vis.csv;val_2_group_co2.csv;val_2_group_vis.csv;val_3_group_co2.csv;val_3_group_vis.csv;val_4_group_tox.csv;val_4_group_vis.csv;val_5_group_vis.csv
cation,CCCCCCCCCCCCCCn1cc[n+](C)c1,vis,training;validation,train_1_group_vis.csv;train_2_group_vis.csv;train_4_group_vis.csv;train_5_group_vis.csv;val_3_group_vis.csv
cation,CCCCCCCCCCCCC[N+](C)(CCOCCO)CCOCCOCCO,co2,training;validation,train_1_group_co2.csv;train_2_group_co2.csv;train_3_group_co2.csv;train_4_group_co2.csv;val_5_group_co2.csv
cation,CCCCCCCCCCCCOC(=O)C[N+](C)(C)C,vis,training;validation,train_1_group_vis.csv;train_2_group_vis.csv;train_3_group_vis.csv;train_5_group_vis.csv;val_4_group_vis.csv
cation,CCCCCCCCCCCC[N+](C)(C)Cc1ccccc1,tox;vis,training;validation,train_1_group_vis.csv;train_2_group_tox.csv;train_2_group_vis.csv;train_3_group_tox.csv;train_3_group_vis.csv;train_4_group_tox.csv;train_5_group_tox.csv;train_5_group_vis.csv;val_1_group_tox.csv;val_4_group_vis.csv
cation,CCCCCCCCCCCC[N+](CC)(CC)CC,vis,training;validation,train_1_group_vis.csv;train_2_group_vis.csv;train_3_group_vis.csv;train_5_group_vis.csv;val_4_group_vis.csv
cation,CCCCCCCCCCCC[P+](CCCC)(CCCC)CCCC,vis,test,test_group_vis.csv
cation,CCCCCCCCCCCC[n+]1ccccc1,vis,training;validation,train_1_group_vis.csv;train_2_group_vis.csv;train_3_group_vis.csv;train_4_group_vis.csv;val_5_group_vis.csv
cation,CCCCCCCCCCCCn1cc[n+](C)c1,vis,training;validation,train_1_group_vis.csv;train_2_group_vis.csv;train_3_group_vis.csv;train_4_group_vis.csv;train_5_group_vis.csv;val_3_group_vis.csv;val_5_group_vis.csv
cation,CCCCCCCCCCCCn1cc[n+](CCCCCCCCCCCC)c1,vis,training;validation,train_1_group_vis.csv;train_3_group_vis.csv;train_4_group_vis.csv;train_5_group_vis.csv;val_2_group_vis.csv
cation,CCCCCCCCCCCOC[n+]1cccc(O)c1,tox,test;training;validation,test_group_tox.csv;train_1_group_tox.csv;train_2_group_tox.csv;train_3_group_tox.csv;train_4_group_tox.csv;train_5_group_tox.csv;val_1_group_tox.csv;val_2_group_tox.csv
cation,CCCCCCCCCCCn1cc[n+](C)c1,vis,training;validation,train_1_group_vis.csv;train_2_group_vis.csv;train_3_group_vis.csv;train_4_group_vis.csv;train_5_group_vis.csv;val_2_group_vis.csv;val_3_group_vis.csv
cation,CCCCCCCCCCN1CCC[N+]2=C1CCCCC2,vis,training;validation,train_2_group_vis.csv;train_3_group_vis.csv;train_4_group_vis.csv;train_5_group_vis.csv;val_1_group_vis.csv
cation,CCCCCCCCCC[N+](C)(C)Cc1ccccc1,tox,training;validation,train_1_group_tox.csv;train_2_group_tox.csv;train_4_group_tox.csv;train_5_group_tox.csv;val_3_group_tox.csv
cation,CCCCCCCCCC[N+](CC)(CC)CC,vis,test,test_group_vis.csv
cation,CCCCCCCCCC[N+]1(C)CCCCC1,vis,training;validation,train_1_group_vis.csv;train_2_group_vis.csv;train_3_group_vis.csv;train_5_group_vis.csv;val_4_group_vis.csv
cation,CCCCCCCCCC[P+](CC)(CC)CC,vis,training;validation,train_2_group_vis.csv;train_3_group_vis.csv;train_4_group_vis.csv;train_5_group_vis.csv;val_1_group_vis.csv
cation,CCCCCCCCCC[n+]1ccccc1,co2;vis,test;training;validation,test_group_co2.csv;test_group_vis.csv;train_1_group_vis.csv;train_3_group_vis.csv;train_4_group_vis.csv;train_5_group_vis.csv;val_2_group_vis.csv
cation,CCCCCCCCCC[n+]1ccn(C)c1,co2;vis,training;validation,train_1_group_co2.csv;train_1_group_vis.csv;train_2_group_co2.csv;train_2_group_vis.csv;train_3_group_co2.csv;train_3_group_vis.csv;train_4_group_co2.csv;train_4_group_vis.csv;train_5_group_co2.csv;val_1_group_co2.csv;val_3_group_co2.csv;val_5_group_vis.csv
cation,CCCCCCCCCC[n+]1ccn(Cc2ccc(C)cc2)c1,vis,training;validation,train_2_group_vis.csv;train_3_group_vis.csv;train_4_group_vis.csv;train_5_group_vis.csv;val_1_group_vis.csv
cation,CCCCCCCCCCn1cc[n+](C)c1,tox;vis,test;training;validation,test_group_vis.csv;train_1_group_tox.csv;train_1_group_vis.csv;train_2_group_tox.csv;train_2_group_vis.csv;train_3_group_tox.csv;train_3_group_vis.csv;train_4_group_tox.csv;train_4_group_vis.csv;train_5_group_tox.csv;train_5_group_vis.csv;val_1_group_tox.csv;val_1_group_vis.csv;val_2_group_tox.csv;val_2_group_vis.csv;val_5_group_vis.csv
cation,CCCCCCCCCCn1cc[n+](CC)c1,tox;vis,training;validation,train_1_group_tox.csv;train_1_group_vis.csv;train_2_group_tox.csv;train_2_group_vis.csv;train_3_group_vis.csv;train_4_group_tox.csv;train_5_group_tox.csv;train_5_group_vis.csv;val_3_group_tox.csv;val_4_group_vis.csv
cation,CCCCCCCCCCn1cc[n+](CCC#N)c1,vis,training;validation,train_1_group_vis.csv;train_2_group_vis.csv;train_4_group_vis.csv;train_5_group_vis.csv;val_3_group_vis.csv
cation,CCCCCCCCCCn1cc[n+](CCCCCCCCCC)c1,vis,training;validation,train_1_group_vis.csv;train_3_group_vis.csv;train_4_group_vis.csv;train_5_group_vis.csv;val_2_group_vis.csv
cation,CCCCCCCCCCn1cc[n+](CCCCCCCCCC)c1C,tox,training;validation,train_1_group_tox.csv;train_2_group_tox.csv;train_4_group_tox.csv;train_5_group_tox.csv;val_3_group_tox.csv
cation,CCCCCCCCC[N+]1(C)CCCCC1,vis,test,test_group_vis.csv
cation,CCCCCCCCC[N+]1(C)CCOCC1,vis,training;validation,train_1_group_vis.csv;train_2_group_vis.csv;train_4_group_vis.csv;train_5_group_vis.csv;val_3_group_vis.csv
cation,CCCCCCCCC[P+](CC)(CC)CC,vis,training;validation,train_1_group_vis.csv;train_2_group_vis.csv;train_3_group_vis.csv;train_5_group_vis.csv;val_4_group_vis.csv
cation,CCCCCCCCC[n+]1ccn(C)c1,vis,training;validation,train_1_group_vis.csv;train_2_group_vis.csv;train_3_group_vis.csv;train_4_group_vis.csv;val_5_group_vis.csv
cation,CCCCCCCCCn1cc[n+](C)c1,tox;vis,training;validation,train_1_group_tox.csv;train_1_group_vis.csv;train_2_group_tox.csv;train_2_group_vis.csv;train_3_group_tox.csv;train_3_group_vis.csv;train_4_group_tox.csv;train_4_group_vis.csv;train_5_group_tox.csv;train_5_group_vis.csv;val_2_group_tox.csv;val_4_group_vis.csv;val_5_group_tox.csv;val_5_group_vis.csv
cation,CCCCCCCCCn1cc[n+](CCCCCCCCC)c1,vis,training;validation,train_1_group_vis.csv;train_2_group_vis.csv;train_3_group_vis.csv;train_4_group_vis.csv;val_5_group_vis.csv
cation,CCCCCCCCN1C=C[NH+](C)C1,co2,test,test_group_co2.csv
cation,CCCCCCCC[N+](C)(C)C,vis,training;validation,train_1_group_vis.csv;train_2_group_vis.csv;train_3_group_vis.csv;train_4_group_vis.csv;val_5_group_vis.csv
cation,CCCCCCCC[N+](C)(CCCCCCCC)C(C)CCCCCC,vis,training;validation,train_1_group_vis.csv;train_2_group_vis.csv;train_4_group_vis.csv;train_5_group_vis.csv;val_3_group_vis.csv
cation,CCCCCCCC[N+](C)(CCCCCCCC)C(CC)CCCCC,vis,training;validation,train_1_group_vis.csv;train_2_group_vis.csv;train_3_group_vis.csv;train_5_group_vis.csv;val_4_group_vis.csv
cation,CCCCCCCC[N+](C)(CCCCCCCC)C(CCC)CCCC,vis,test,test_group_vis.csv
cation,CCCCCCCC[N+](C)(CCCCCCCC)CCCCCCCC,co2;vis,test;training;validation,test_group_co2.csv;test_group_vis.csv;train_1_group_co2.csv;train_1_group_vis.csv;train_2_group_co2.csv;train_2_group_vis.csv;train_3_group_co2.csv;train_3_group_vis.csv;train_4_group_co2.csv;train_4_group_vis.csv;train_5_group_co2.csv;train_5_group_vis.csv;val_1_group_co2.csv;val_2_group_co2.csv;val_3_group_vis.csv;val_4_group_vis.csv;val_5_group_vis.csv
cation,CCCCCCCC[N+](CC)(CC)CC,vis,training;validation,train_1_group_vis.csv;train_2_group_vis.csv;train_3_group_vis.csv;train_4_group_vis.csv;train_5_group_vis.csv;val_3_group_vis.csv;val_4_group_vis.csv
cation,CCCCCCCC[N+](CCCCCCCC)(CCCCCCCC)CCCCCCCC,vis,training;validation,train_1_group_vis.csv;train_2_group_vis.csv;train_4_group_vis.csv;train_5_group_vis.csv;val_3_group_vis.csv
cation,CCCCCCCC[N+]1(C)CCCC1,co2;tox;vis,test;training;validation,test_group_vis.csv;train_1_group_co2.csv;train_1_group_tox.csv;train_1_group_vis.csv;train_2_group_co2.csv;train_2_group_tox.csv;train_2_group_vis.csv;train_3_group_tox.csv;train_4_group_co2.csv;train_4_group_tox.csv;train_4_group_vis.csv;train_5_group_co2.csv;train_5_group_tox.csv;train_5_group_vis.csv;val_1_group_tox.csv;val_3_group_co2.csv;val_3_group_vis.csv;val_4_group_tox.csv
cation,CCCCCCCC[N+]1(C)CCCCC1,vis,training;validation,train_1_group_vis.csv;train_2_group_vis.csv;train_3_group_vis.csv;train_4_group_vis.csv;val_5_group_vis.csv
cation,CCCCCCCC[N+]1(C)CCOCC1,vis,test;training;validation,test_group_vis.csv;train_1_group_vis.csv;train_2_group_vis.csv;train_3_group_vis.csv;train_4_group_vis.csv;train_5_group_vis.csv;val_1_group_vis.csv;val_3_group_vis.csv;val_4_group_vis.csv;val_5_group_vis.csv
cation,CCCCCCCC[NH+](CCCCCCCC)CCCCCCCC,vis,training;validation,train_1_group_vis.csv;train_2_group_vis.csv;train_3_group_vis.csv;train_4_group_vis.csv;train_5_group_vis.csv;val_3_group_vis.csv;val_5_group_vis.csv
cation,CCCCCCCC[NH+]1C=CN(C)C1C,co2,training;validation,train_1_group_co2.csv;train_2_group_co2.csv;train_3_group_co2.csv;train_4_group_co2.csv;val_5_group_co2.csv
cation,CCCCCCCC[P+](CC)(CC)CC,vis,test;training;validation,test_group_vis.csv;train_1_group_vis.csv;train_2_group_vis.csv;train_3_group_vis.csv;train_4_group_vis.csv;train_5_group_vis.csv;val_1_group_vis.csv;val_2_group_vis.csv;val_3_group_vis.csv;val_4_group_vis.csv;val_5_group_vis.csv
cation,CCCCCCCC[P+](CCCC)(CCCC)CCCC,vis,training;validation,train_1_group_vis.csv;train_2_group_vis.csv;train_3_group_vis.csv;train_4_group_vis.csv;train_5_group_vis.csv;val_1_group_vis.csv;val_5_group_vis.csv
cation,CCCCCCCC[P+](CCCCCCCC)(CCCCCCCC)CCCCCCCC,vis,test;training;validation,test_group_vis.csv;train_2_group_vis.csv;train_3_group_vis.csv;train_4_group_vis.csv;train_5_group_vis.csv;val_1_group_vis.csv
cation,CCCCCCCC[S+]=C(N(C)C)N(C)C,vis,training;validation,train_1_group_vis.csv;train_3_group_vis.csv;train_4_group_vis.csv;train_5_group_vis.csv;val_2_group_vis.csv
cation,CCCCCCCC[n+]1cc(C)cc(C)c1,vis,training;validation,train_1_group_vis.csv;train_2_group_vis.csv;train_4_group_vis.csv;train_5_group_vis.csv;val_3_group_vis.csv
cation,CCCCCCCC[n+]1ccc(C)cc1,tox,training;validation,train_1_group_tox.csv;train_2_group_tox.csv;train_3_group_tox.csv;train_4_group_tox.csv;train_5_group_tox.csv;val_3_group_tox.csv;val_5_group_tox.csv
cation,CCCCCCCC[n+]1ccc(N(C)C)cc1,vis,training;validation,train_1_group_vis.csv;train_2_group_vis.csv;train_3_group_vis.csv;train_4_group_vis.csv;val_5_group_vis.csv
cation,CCCCCCCC[n+]1ccc2ccccc2c1,vis,training;validation,train_1_group_vis.csv;train_2_group_vis.csv;train_3_group_vis.csv;train_5_group_vis.csv;val_4_group_vis.csv
cation,CCCCCCCC[n+]1cccc(C#N)c1,vis,training;validation,train_2_group_vis.csv;train_3_group_vis.csv;train_4_group_vis.csv;train_5_group_vis.csv;val_1_group_vis.csv
cation,CCCCCCCC[n+]1cccc(C)c1,tox;vis,test;training;validation,test_group_vis.csv;train_1_group_tox.csv;train_2_group_tox.csv;train_3_group_tox.csv;train_4_group_tox.csv;val_5_group_tox.csv
cation,CCCCCCCC[n+]1cccc(C)c1C,vis,training;validation,train_2_group_vis.csv;train_3_group_vis.csv;train_4_group_vis.csv;train_5_group_vis.csv;val_1_group_vis.csv
cation,CCCCCCCC[n+]1cccc2ccccc21,tox;vis,training;validation,train_1_group_tox.csv;train_1_group_vis.csv;train_2_group_tox.csv;train_2_group_vis.csv;train_3_group_tox.csv;train_3_group_vis.csv;train_4_group_tox.csv;train_4_group_vis.csv;train_5_group_tox.csv;val_2_group_tox.csv;val_4_group_tox.csv;val_5_group_vis.csv
cation,CCCCCCCC[n+]1ccccc1,tox;vis,training;validation,train_1_group_tox.csv;train_2_group_tox.csv;train_2_group_vis.csv;train_3_group_tox.csv;train_3_group_vis.csv;train_4_group_tox.csv;train_4_group_vis.csv;train_5_group_vis.csv;val_1_group_vis.csv;val_5_group_tox.csv
cation,CCCCCCCC[n+]1ccn(C)c1,co2;vis,test;training;validation,test_group_vis.csv;train_1_group_co2.csv;train_1_group_vis.csv;train_2_group_co2.csv;train_2_group_vis.csv;train_3_group_co2.csv;train_3_group_vis.csv;train_4_group_co2.csv;train_4_group_vis.csv;train_5_group_co2.csv;train_5_group_vis.csv;val_1_group_co2.csv;val_1_group_vis.csv;val_2_group_vis.csv;val_4_group_vis.csv;val_5_group_co2.csv;val_5_group_vis.csv
cation,CCCCCCCC[n+]1ccn(CC)c1,vis,training;validation,train_1_group_vis.csv;train_2_group_vis.csv;train_4_group_vis.csv;train_5_group_vis.csv;val_3_group_vis.csv
cation,CCCCCCCC[n+]1ccn(Cc2ccc(C)cc2)c1,vis,training;validation,train_1_group_vis.csv;train_2_group_vis.csv;train_4_group_vis.csv;train_5_group_vis.csv;val_3_group_vis.csv
cation,CCCCCCCCc1cccc[n+]1CC,vis,training;validation,train_1_group_vis.csv;train_3_group_vis.csv;train_4_group_vis.csv;train_5_group_vis.csv;val_2_group_vis.csv
cation,CCCCCCCCn1cc[n+](C)c1,co2;tox;vis,test;training;validation,test_group_co2.csv;train_1_group_co2.csv;train_1_group_tox.csv;train_1_group_vis.csv;train_2_group_co2.csv;train_2_group_tox.csv;train_2_group_vis.csv;train_3_group_co2.csv;train_3_group_tox.csv;train_3_group_vis.csv;train_4_group_co2.csv;train_4_group_tox.csv;train_4_group_vis.csv;train_5_group_co2.csv;train_5_group_tox.csv;train_5_group_vis.csv;val_1_group_co2.csv;val_1_group_tox.csv;val_1_group_vis.csv;val_2_group_co2.csv;val_2_group_tox.csv;val_2_group_vis.csv;val_3_group_tox.csv;val_4_group_co2.csv;val_4_group_tox.csv;val_4_group_vis.csv;val_5_group_co2.csv;val_5_group_vis.csv
cation,CCCCCCCCn1cc[n+](CCC#N)c1,vis,training;validation,train_1_group_vis.csv;train_2_group_vis.csv;train_3_group_vis.csv;train_4_group_vis.csv;train_5_group_vis.csv;val_1_group_vis.csv;val_2_group_vis.csv
cation,CCCCCCCCn1cc[n+](CCCCCCCC)c1,vis,training;validation,train_1_group_vis.csv;train_2_group_vis.csv;train_3_group_vis.csv;train_5_group_vis.csv;val_4_group_vis.csv
cation,CCCCCCCOC[n+]1cccc(O)c1,tox,training;validation,train_1_group_tox.csv;train_2_group_tox.csv;train_3_group_tox.csv;train_4_group_tox.csv;train_5_group_tox.csv;val_1_group_tox.csv;val_3_group_tox.csv;val_5_group_tox.csv
cation,CCCCCCC[N+](C)(C)CC,co2;vis,training;validation,train_1_group_co2.csv;train_1_group_vis.csv;train_2_group_vis.csv;train_3_group_co2.csv;train_3_group_vis.csv;train_4_group_co2.csv;train_5_group_co2.csv;train_5_group_vis.csv;val_2_group_co2.csv;val_4_group_vis.csv
cation,CCCCCCC[N+](CC)(CC)CC,vis,training;validation,train_1_group_vis.csv;train_2_group_vis.csv;train_3_group_vis.csv;train_5_group_vis.csv;val_4_group_vis.csv
cation,CCCCCCC[N+]1(C)CCCC1,co2,training;validation,train_2_group_co2.csv;train_3_group_co2.csv;train_4_group_co2.csv;train_5_group_co2.csv;val_1_group_co2.csv
cation,CCCCCCC[N+]1(C)CCCCC1,vis,training;validation,train_1_group_vis.csv;train_2_group_vis.csv;train_4_group_vis.csv;train_5_group_vis.csv;val_3_group_vis.csv
cation,CCCCCCC[N+]1(C)CCOCC1,vis,training;validation,train_1_group_vis.csv;train_2_group_vis.csv;train_3_group_vis.csv;train_4_group_vis.csv;train_5_group_vis.csv;val_1_group_vis.csv;val_5_group_vis.csv
cation,CCCCCCC[NH+]1C=CN(C)C1,tox,training;validation,train_2_group_tox.csv;train_3_group_tox.csv;train_4_group_tox.csv;train_5_group_tox.csv;val_1_group_tox.csv
cation,CCCCCCC[P+](CC)(CC)CC,vis,training;validation,train_2_group_vis.csv;train_3_group_vis.csv;train_4_group_vis.csv;train_5_group_vis.csv;val_1_group_vis.csv
cation,CCCCCCC[n+]1ccccc1,co2;vis,test;training;validation,test_group_vis.csv;train_2_group_co2.csv;train_3_group_co2.csv;train_4_group_co2.csv;train_5_group_co2.csv;val_1_group_co2.csv
cation,CCCCCCC[n+]1ccn(C)c1,co2,training;validation,train_1_group_co2.csv;train_3_group_co2.csv;train_4_group_co2.csv;train_5_group_co2.csv;val_2_group_co2.csv
cation,CCCCCCCc1cccc[n+]1CC,vis,training;validation,train_1_group_vis.csv;train_2_group_vis.csv;train_3_group_vis.csv;train_5_group_vis.csv;val_4_group_vis.csv
cation,CCCCCCCn1c(C)cc(C)[n+]1-c1ccccc1,vis,training;validation,train_1_group_vis.csv;train_3_group_vis.csv;train_4_group_vis.csv;train_5_group_vis.csv;val_2_group_vis.csv
cation,CCCCCCCn1cc[n+](C)c1,tox;vis,training;validation,train_1_group_tox.csv;train_1_group_vis.csv;train_2_group_tox.csv;train_2_group_vis.csv;train_3_group_tox.csv;train_3_group_vis.csv;train_4_group_tox.csv;train_4_group_vis.csv;train_5_group_tox.csv;train_5_group_vis.csv;val_1_group_tox.csv;val_2_group_tox.csv;val_2_group_vis.csv;val_3_group_tox.csv;val_3_group_vis.csv
cation,CCCCCCCn1cc[n+](CCCCCCC)c1,vis,training;validation,train_1_group_vis.csv;train_3_group_vis.csv;train_4_group_vis.csv;train_5_group_vis.csv;val_2_group_vis.csv
cation,CCCCCCN1C=C[NH+](C)C1,co2,training;validation,train_1_group_co2.csv;train_2_group_co2.csv;train_3_group_co2.csv;train_4_group_co2.csv;val_5_group_co2.csv
cation,CCCCCCOC(=O)C[N+](C)(C)C,vis,training;validation,train_1_group_vis.csv;train_2_group_vis.csv;train_3_group_vis.csv;train_4_group_vis.csv;train_5_group_vis.csv;val_4_group_vis.csv;val_5_group_vis.csv
cation,CCCCCCOC[n+]1cccc(O)c1,tox,training;validation,train_1_group_tox.csv;train_2_group_tox.csv;train_3_group_tox.csv;train_4_group_tox.csv;train_5_group_tox.csv;val_2_group_tox.csv;val_4_group_tox.csv
cation,CCCCCC[N+](C)(C)C,co2;vis,training;validation,train_1_group_vis.csv;train_2_group_co2.csv;train_3_group_co2.csv;train_3_group_vis.csv;train_4_group_co2.csv;train_4_group_vis.csv;train_5_group_co2.csv;train_5_group_vis.csv;val_1_group_co2.csv;val_2_group_vis.csv
cation,CCCCCC[N+](CC)(CC)CC,vis,training;validation,train_1_group_vis.csv;train_2_group_vis.csv;train_4_group_vis.csv;train_5_group_vis.csv;val_3_group_vis.csv
cation,CCCCCC[N+](CCCCCC)(CCCCCC)CCCCCC,co2,training;validation,train_2_group_co2.csv;train_3_group_co2.csv;train_4_group_co2.csv;train_5_group_co2.csv;val_1_group_co2.csv
cation,CCCCCC[N+]1(C)CCCC1,co2;tox;vis,test;training;validation,test_group_tox.csv;train_1_group_co2.csv;train_1_group_vis.csv;train_2_group_co2.csv;train_3_group_vis.csv;train_4_group_co2.csv;train_4_group_vis.csv;train_5_group_co2.csv;train_5_group_vis.csv;val_2_group_vis.csv;val_3_group_co2.csv
cation,CCCCCC[N+]1(C)CCCCC1,vis,training;validation,train_1_group_vis.csv;train_2_group_vis.csv;train_3_group_vis.csv;train_4_group_vis.csv;train_5_group_vis.csv;val_4_group_vis.csv;val_5_group_vis.csv
cation,CCCCCC[N+]1(C)CCOCC1,vis,training;validation,train_1_group_vis.csv;train_2_group_vis.csv;train_3_group_vis.csv;train_4_group_vis.csv;train_5_group_vis.csv;val_1_group_vis.csv;val_2_group_vis.csv;val_3_group_vis.csv;val_5_group_vis.csv
cation,CCCCCC[N+]1(CCCC)CCCC1,vis,training;validation,train_1_group_vis.csv;train_3_group_vis.csv;train_4_group_vis.csv;train_5_group_vis.csv;val_2_group_vis.csv
cation,CCCCCC[N+]1(CCCCCC)CCCC1,tox,training;validation,train_2_group_tox.csv;train_3_group_tox.csv;train_4_group_tox.csv;train_5_group_tox.csv;val_1_group_tox.csv
cation,CCCCCC[NH+](CCCCCC)CCCCCC,vis,test;training;validation,test_group_vis.csv;train_1_group_vis.csv;train_2_group_vis.csv;train_3_group_vis.csv;train_4_group_vis.csv;train_5_group_vis.csv;val_1_group_vis.csv;val_5_group_vis.csv
cation,CCCCCC[NH+]1C=CN(C)C1,co2;vis,training;validation,train_1_group_co2.csv;train_1_group_vis.csv;train_3_group_co2.csv;train_3_group_vis.csv;train_4_group_co2.csv;train_4_group_vis.csv;train_5_group_co2.csv;train_5_group_vis.csv;val_2_group_co2.csv;val_2_group_vis.csv
cation,CCCCCC[NH2+]CCN,vis,training;validation,train_2_group_vis.csv;train_3_group_vis.csv;train_4_group_vis.csv;train_5_group_vis.csv;val_1_group_vis.csv
cation,CCCCCC[P+](CCCCCC)(CCCCCC)CC(C)C,vis,training;validation,train_1_group_vis.csv;train_2_group_vis.csv;train_4_group_vis.csv;train_5_group_vis.csv;val_3_group_vis.csv
cation,CCCCCC[S+]=C(N(C)C)N(C)C,vis,training;validation,train_1_group_vis.csv;train_2_group_vis.csv;train_3_group_vis.csv;train_4_group_vis.csv;val_5_group_vis.csv
cation,CCCCCC[n+]1cc(C)cc(C)c1,vis,training;validation,train_2_group_vis.csv;train_3_group_vis.csv;train_4_group_vis.csv;train_5_group_vis.csv;val_1_group_vis.csv
cation,CCCCCC[n+]1cc(C)cc(C)c1C,vis,training;validation,train_1_group_vis.csv;train_3_group_vis.csv;train_4_group_vis.csv;train_5_group_vis.csv;val_2_group_vis.csv
cation,CCCCCC[n+]1cc(C)cc(C)c1CC,vis,training;validation,train_2_group_vis.csv;train_3_group_vis.csv;train_4_group_vis.csv;train_5_group_vis.csv;val_1_group_vis.csv
cation,CCCCCC[n+]1cc(C)cc(C)c1CCCCC,vis,training;validation,train_1_group_vis.csv;train_2_group_vis.csv;train_3_group_vis.csv;train_5_group_vis.csv;val_4_group_vis.csv
cation,CCCCCC[n+]1cc(CC)cc(CC)c1CCC,vis,training;validation,train_2_group_vis.csv;train_3_group_vis.csv;train_4_group_vis.csv;train_5_group_vis.csv;val_1_group_vis.csv
cation,CCCCCC[n+]1ccc(C#N)cc1,vis,training;validation,train_1_group_vis.csv;train_2_group_vis.csv;train_3_group_vis.csv;train_4_group_vis.csv;val_5_group_vis.csv
cation,CCCCCC[n+]1ccc(C)cc1,tox;vis,training;validation,train_1_group_tox.csv;train_1_group_vis.csv;train_2_group_tox.csv;train_3_group_tox.csv;train_3_group_vis.csv;train_4_group_tox.csv;train_4_group_vis.csv;train_5_group_tox.csv;train_5_group_vis.csv;val_2_group_vis.csv;val_3_group_tox.csv;val_5_group_tox.csv
cation,CCCCCC[n+]1ccc(N(C)C)c(C)c1,vis,test,test_group_vis.csv
cation,CCCCCC[n+]1ccc(N(C)C)cc1,tox,training;validation,train_1_group_tox.csv;train_2_group_tox.csv;train_3_group_tox.csv;train_4_group_tox.csv;train_5_group_tox.csv;val_3_group_tox.csv;val_4_group_tox.csv
cation,CCCCCC[n+]1ccc(N2CCC(C)CC2)cc1,vis,training;validation,train_1_group_vis.csv;train_2_group_vis.csv;train_3_group_vis.csv;train_5_group_vis.csv;val_4_group_vis.csv
cation,CCCCCC[n+]1ccc2ccccc2c1,vis,training;validation,train_1_group_vis.csv;train_2_group_vis.csv;train_3_group_vis.csv;train_5_group_vis.csv;val_4_group_vis.csv
cation,CCCCCC[n+]1cccc(C#N)c1,vis,training;validation,train_2_group_vis.csv;train_3_group_vis.csv;train_4_group_vis.csv;train_5_group_vis.csv;val_1_group_vis.csv
cation,CCCCCC[n+]1cccc(C)c1,co2;tox;vis,test;training;validation,test_group_tox.csv;train_1_group_co2.csv;train_1_group_vis.csv;train_2_group_vis.csv;train_3_group_co2.csv;train_3_group_vis.csv;train_4_group_co2.csv;train_4_group_vis.csv;train_5_group_co2.csv;train_5_group_vis.csv;val_2_group_co2.csv;val_2_group_vis.csv;val_3_group_vis.csv
cation,CCCCCC[n+]1cccc2ccccc21,tox;vis,training;validation,train_1_group_tox.csv;train_1_group_vis.csv;train_2_group_tox.csv;train_2_group_vis.csv;train_3_group_tox.csv;train_3_group_vis.csv;train_4_group_vis.csv;train_5_group_tox.csv;val_4_group_tox.csv;val_5_group_vis.csv
cation,CCCCCC[n+]1ccccc1,tox;vis,test;training;validation,test_group_tox.csv;test_group_vis.csv;train_1_group_tox.csv;train_1_group_vis.csv;train_2_group_tox.csv;train_2_group_vis.csv;train_3_group_tox.csv;train_3_group_vis.csv;train_4_group_tox.csv;train_4_group_vis.csv;train_5_group_tox.csv;train_5_group_vis.csv;val_1_group_vis.csv;val_2_group_tox.csv;val_2_group_vis.csv;val_3_group_tox.csv;val_4_group_tox.csv;val_4_group_vis.csv
cation,CCCCCC[n+]1ccn(C)c1,co2;vis,test;training;validation,test_group_co2.csv;train_1_group_co2.csv;train_2_group_co2.csv;train_2_group_vis.csv;train_3_group_co2.csv;train_3_group_vis.csv;train_4_group_co2.csv;train_4_group_vis.csv;train_5_group_co2.csv;train_5_group_vis.csv;val_1_group_vis.csv;val_3_group_co2.csv;val_4_group_co2.csv;val_5_group_co2.csv
cation,CCCCCC[n+]1ccn(C)c1C,tox,training;validation,train_1_group_tox.csv;train_2_group_tox.csv;train_3_group_tox.csv;train_4_group_tox.csv;val_5_group_tox.csv
cation,CCCCCC[n+]1ccn(CC)c1,vis,training;validation,train_1_group_vis.csv;train_2_group_vis.csv;train_3_group_vis.csv;train_4_group_vis.csv;val_5_group_vis.csv
cation,CCCCCC[n+]1ccn(CCC#N)c1,vis,training;validation,train_1_group_vis.csv;train_3_group_vis.csv;train_4_group_vis.csv;train_5_group_vis.csv;val_2_group_vis.csv
cation,CCCCCC[n+]1ccn(Cc2ccc(C)cc2)c1,vis,training;validation,train_1_group_vis.csv;train_3_group_vis.csv;train_4_group_vis.csv;train_5_group_vis.csv;val_2_group_vis.csv
cation,CCCCCCc1cccc[n+]1CC,vis,training;validation,train_1_group_vis.csv;train_2_group_vis.csv;train_4_group_vis.csv;train_5_group_vis.csv;val_3_group_vis.csv
cation,CCCCCCn1c(C)cc(C)[n+]1-c1ccccc1,vis,test;training;validation,test_group_vis.csv;train_2_group_vis.csv;train_3_group_vis.csv;train_4_group_vis.csv;train_5_group_vis.csv;val_1_group_vis.csv
cation,CCCCCCn1c[n+](CCCCS(=O)(=O)O)cn1,vis,training;validation,train_1_group_vis.csv;train_2_group_vis.csv;train_4_group_vis.csv;train_5_group_vis.csv;val_3_group_vis.csv
cation,CCCCCCn1cc[n+](C)c1,co2;tox;vis,test;training;validation,test_group_tox.csv;test_group_vis.csv;train_1_group_co2.csv;train_1_group_tox.csv;train_1_group_vis.csv;train_2_group_co2.csv;train_2_group_tox.csv;train_2_group_vis.csv;train_3_group_co2.csv;train_3_group_tox.csv;train_3_group_vis.csv;train_4_group_co2.csv;train_4_group_tox.csv;train_4_group_vis.csv;train_5_group_co2.csv;train_5_group_tox.csv;train_5_group_vis.csv;val_1_group_co2.csv;val_1_group_tox.csv;val_1_group_vis.csv;val_2_group_vis.csv;val_3_group_co2.csv;val_3_group_vis.csv;val_4_group_co2.csv;val_4_group_tox.csv;val_4_group_vis.csv;val_5_group_co2.csv;val_5_group_vis.csv
cation,CCCCCCn1cc[n+](C)c1C,co2;tox;vis,training;validation,train_1_group_co2.csv;train_1_group_tox.csv;train_1_group_vis.csv;train_2_group_co2.csv;train_2_group_tox.csv;train_2_group_vis.csv;train_3_group_co2.csv;train_3_group_tox.csv;train_3_group_vis.csv;train_4_group_co2.csv;train_4_group_vis.csv;train_5_group_tox.csv;train_5_group_vis.csv;val_2_group_vis.csv;val_4_group_tox.csv;val_5_group_co2.csv;val_5_group_vis.csv
cation,CCCCCCn1cc[n+](CC)c1,tox,test;training;validation,test_group_tox.csv;train_1_group_tox.csv;train_2_group_tox.csv;train_4_group_tox.csv;train_5_group_tox.csv;val_3_group_tox.csv
cation,CCCCCCn1cc[n+](CCC#N)c1,vis,test;training;validation,test_group_vis.csv;train_1_group_vis.csv;train_2_group_vis.csv;train_3_group_vis.csv;train_4_group_vis.csv;train_5_group_vis.csv;val_3_group_vis.csv;val_4_group_vis.csv
cation,CCCCCCn1cc[n+](CCCCCC)c1,vis,training;validation,train_1_group_vis.csv;train_3_group_vis.csv;train_4_group_vis.csv;train_5_group_vis.csv;val_2_group_vis.csv
cation,CCCCC[N+](C)(C)CC,co2;vis,test;training;validation,test_group_co2.csv;train_1_group_vis.csv;train_3_group_vis.csv;train_4_group_vis.csv;train_5_group_vis.csv;val_2_group_vis.csv
cation,CCCCC[N+](C)(C)CCO,vis,test,test_group_vis.csv
cation,CCCCC[N+](C)(CC)CC,vis,training;validation,train_1_group_vis.csv;train_2_group_vis.csv;train_4_group_vis.csv;train_5_group_vis.csv;val_3_group_vis.csv
cation,CCCCC[N+](C)(CCC)CCC,vis,training;validation,train_1_group_vis.csv;train_2_group_vis.csv;train_3_group_vis.csv;train_5_group_vis.csv;val_4_group_vis.csv
cation,CCCCC[N+](CC)(CC)CC,vis,training;validation,train_1_group_vis.csv;train_2_group_vis.csv;train_3_group_vis.csv;train_4_group_vis.csv;val_5_group_vis.csv
cation,CCCCC[N+]1(C)CCCC1,co2,test,test_group_co2.csv
cation,CCCCC[N+]1(C)CCOCC1,vis,training;validation,train_1_group_vis.csv;train_2_group_vis.csv;train_3_group_vis.csv;train_4_group_vis.csv;train_5_group_vis.csv;val_1_group_vis.csv;val_2_group_vis.csv
cation,CCCCC[NH3+],vis,training;validation,train_1_group_vis.csv;train_2_group_vis.csv;train_3_group_vis.csv;train_4_group_vis.csv;val_5_group_vis.csv
cation,CCCCC[P+](CC)(CC)CC,vis,training;validation,train_1_group_vis.csv;train_2_group_vis.csv;train_3_group_vis.csv;train_4_group_vis.csv;train_5_group_vis.csv;val_1_group_vis.csv;val_2_group_vis.csv
cation,CCCCC[S+]1CCCC1,vis,training;validation,train_1_group_vis.csv;train_2_group_vis.csv;train_4_group_vis.csv;train_5_group_vis.csv;val_3_group_vis.csv
cation,CCCCC[n+]1ccccc1,tox;vis,test;training;validation,test_group_vis.csv;train_1_group_tox.csv;train_1_group_vis.csv;train_2_group_tox.csv;train_2_group_vis.csv;train_3_group_tox.csv;train_3_group_vis.csv;train_4_group_tox.csv;train_4_group_vis.csv;train_5_group_tox.csv;val_3_group_tox.csv;val_4_group_tox.csv;val_5_group_vis.csv
cation,CCCCC[n+]1ccn(C)c1,tox;vis,test;training;validation,test_group_tox.csv;train_1_group_tox.csv;train_1_group_vis.csv;train_2_group_vis.csv;train_3_group_tox.csv;train_4_group_tox.csv;train_4_group_vis.csv;train_5_group_tox.csv;train_5_group_vis.csv;val_2_group_tox.csv;val_3_group_vis.csv
cation,CCCCC[n+]1ccn(CCCC)c1,vis,training;validation,train_1_group_vis.csv;train_2_group_vis.csv;train_3_group_vis.csv;train_4_group_vis.csv;val_5_group_vis.csv
cation,CCCCCc1c(C)cc(C)c[n+]1CC,vis,training;validation,train_1_group_vis.csv;train_2_group_vis.csv;train_3_group_vis.csv;train_5_group_vis.csv;val_4_group_vis.csv
cation,CCCCCc1c(C)cc(C)c[n+]1CCCC,vis,training;validation,train_1_group_vis.csv;train_3_group_vis.csv;train_4_group_vis.csv;train_5_group_vis.csv;val_2_group_vis.csv
cation,CCCCCc1cccc[n+]1CC,vis,training;validation,train_1_group_vis.csv;train_2_group_vis.csv;train_3_group_vis.csv;train_5_group_vis.csv;val_4_group_vis.csv
cation,CCCCCn1c(C)cc(C)[n+]1-c1ccccc1,vis,training;validation,train_1_group_vis.csv;train_2_group_vis.csv;train_3_group_vis.csv;train_4_group_vis.csv;train_5_group_vis.csv;val_3_group_vis.csv;val_5_group_vis.csv
cation,CCCCCn1cc[n+](C)c1,co2;vis,test;training;validation,test_group_vis.csv;train_1_group_co2.csv;train_1_group_vis.csv;train_2_group_co2.csv;train_2_group_vis.csv;train_3_group_co2.csv;train_3_group_vis.csv;train_4_group_co2.csv;train_4_group_vis.csv;train_5_group_co2.csv;train_5_group_vis.csv;val_1_group_co2.csv;val_1_group_vis.csv;val_3_group_vis.csv;val_4_group_co2.csv;val_4_group_vis.csv
cation,CCCCCn1cc[n+](C)c1C,vis,training;validation,train_2_group_vis.csv;train_3_group_vis.csv;train_4_group_vis.csv;train_5_group_vis.csv;val_1_group_vis.csv
cation,CCCCCn1cc[n+](CCCCC)c1,vis,training;validation,train_2_group_vis.csv;train_3_group_vis.csv;train_4_group_vis.csv;train_5_group_vis.csv;val_1_group_vis.csv
cation,CCCCN1C=C[NH+](C)C1,co2,training;validation,train_1_group_co2.csv;train_3_group_co2.csv;train_4_group_co2.csv;train_5_group_co2.csv;val_2_group_co2.csv
cation,CCCCN1C=C[NH+](CCCC)C1,co2,training;validation,train_1_group_co2.csv;train_3_group_co2.csv;train_4_group_co2.csv;train_5_group_co2.csv;val_2_group_co2.csv
cation,CCCCNC(=O)C[n+]1ccn(CC)c1,vis,training;validation,train_1_group_vis.csv;train_3_group_vis.csv;train_4_group_vis.csv;train_5_group_vis.csv;val_2_group_vis.csv
cation,CCCCOC(=O)c1nccc[n+]1CCCC,vis,training;validation,train_1_group_vis.csv;train_2_group_vis.csv;train_4_group_vis.csv;train_5_group_vis.csv;val_3_group_vis.csv
cation,CCCCOCC(O)CN(CCCn1cc[nH+]c1)C(C)=O,vis,training;validation,train_1_group_vis.csv;train_2_group_vis.csv;train_3_group_vis.csv;train_4_group_vis.csv;train_5_group_vis.csv;val_1_group_vis.csv;val_4_group_vis.csv
cation,CCCCOCC(O)CNCCCn1cc[nH+]c1,vis,training;validation,train_1_group_vis.csv;train_2_group_vis.csv;train_4_group_vis.csv;train_5_group_vis.csv;val_3_group_vis.csv
cation,CCCCOC[n+]1cccc(O)c1,tox,training;validation,train_1_group_tox.csv;train_2_group_tox.csv;train_3_group_tox.csv;train_4_group_tox.csv;train_5_group_tox.csv;val_2_group_tox.csv;val_5_group_tox.csv
cation,CCCC[N+](C)(C)C,co2;tox;vis,training;validation,train_1_group_co2.csv;train_1_group_tox.csv;train_2_group_co2.csv;train_2_group_vis.csv;train_3_group_tox.csv;train_3_group_vis.csv;train_4_group_co2.csv;train_4_group_tox.csv;train_4_group_vis.csv;train_5_group_co2.csv;train_5_group_tox.csv;train_5_group_vis.csv;val_1_group_vis.csv;val_2_group_tox.csv;val_3_group_co2.csv
cation,CCCC[N+](C)(C)C(=N)N(C)C,vis,training;validation,train_1_group_vis.csv;train_2_group_vis.csv;train_3_group_vis.csv;train_5_group_vis.csv;val_4_group_vis.csv
cation,CCCC[N+](C)(C)CC,tox;vis,training;validation,train_1_group_tox.csv;train_1_group_vis.csv;train_2_group_tox.csv;train_2_group_vis.csv;train_3_group_tox.csv;train_3_group_vis.csv;train_4_group_tox.csv;train_4_group_vis.csv;train_5_group_tox.csv;val_3_group_tox.csv;val_4_group_tox.csv;val_5_group_vis.csv
cation,CCCC[N+](C)(C)CCO,vis,training;validation,train_1_group_vis.csv;train_3_group_vis.csv;train_4_group_vis.csv;train_5_group_vis.csv;val_2_group_vis.csv
cation,CCCC[N+](C)(CC)CC,vis,training;validation,train_1_group_vis.csv;train_2_group_vis.csv;train_3_group_vis.csv;train_4_group_vis.csv;train_5_group_vis.csv;val_2_group_vis.csv;val_5_group_vis.csv
cation,CCCC[N+](C)(CCC)CCC,vis,training;validation,train_1_group_vis.csv;train_2_group_vis.csv;train_4_group_vis.csv;train_5_group_vis.csv;val_3_group_vis.csv
cation,CCCC[N+](C)(CCCC)CCCC,co2;vis,test;training;validation,test_group_co2.csv;test_group_vis.csv;train_1_group_co2.csv;train_1_group_vis.csv;train_2_group_vis.csv;train_3_group_co2.csv;train_3_group_vis.csv;train_4_group_co2.csv;train_4_group_vis.csv;train_5_group_co2.csv;train_5_group_vis.csv;val_2_group_co2.csv;val_2_group_vis.csv;val_4_group_vis.csv;val_5_group_vis.csv
cation,CCCC[N+](CC)(CC)CC,co2,training;validation,train_1_group_co2.csv;train_2_group_co2.csv;train_3_group_co2.csv;train_4_group_co2.csv;train_5_group_co2.csv;val_3_group_co2.csv;val_4_group_co2.csv
cation,CCCC[N+](CCCC)(CCCC)CCCC,co2;tox;vis,test;training;validation,test_group_tox.csv;test_group_vis.csv;train_1_group_tox.csv;train_1_group_vis.csv;train_2_group_co2.csv;train_2_group_vis.csv;train_3_group_co2.csv;train_3_group_tox.csv;train_3_group_vis.csv;train_4_group_co2.csv;train_4_group_tox.csv;train_4_group_vis.csv;train_5_group_co2.csv;train_5_group_tox.csv;train_5_group_vis.csv;val_1_group_co2.csv;val_1_group_vis.csv;val_2_group_tox.csv;val_2_group_vis.csv;val_3_group_vis.csv
cation,CCCC[N+]1(C)CCCC1,co2;tox;vis,test;training;validation,test_group_tox.csv;test_group_vis.csv;train_1_group_co2.csv;train_1_group_tox.csv;train_1_group_vis.csv;train_2_group_co2.csv;train_2_group_tox.csv;train_2_group_vis.csv;train_3_group_co2.csv;train_3_group_tox.csv;train_3_group_vis.csv;train_4_group_co2.csv;train_4_group_tox.csv;train_4_group_vis.csv;train_5_group_co2.csv;train_5_group_tox.csv;train_5_group_vis.csv;val_1_group_tox.csv;val_1_group_vis.csv;val_2_group_co2.csv;val_2_group_vis.csv;val_3_group_tox.csv;val_3_group_vis.csv;val_4_group_co2.csv;val_5_group_tox.csv;val_5_group_vis.csv
cation,CCCC[N+]1(C)CCCCC1,co2;tox;vis,training;validation,train_1_group_co2.csv;train_1_group_tox.csv;train_1_group_vis.csv;train_2_group_co2.csv;train_2_group_tox.csv;train_2_group_vis.csv;train_3_group_tox.csv;train_3_group_vis.csv;train_4_group_co2.csv;train_4_group_tox.csv;train_4_group_vis.csv;train_5_group_co2.csv;train_5_group_tox.csv;train_5_group_vis.csv;val_1_group_vis.csv;val_2_group_vis.csv;val_3_group_co2.csv;val_4_group_tox.csv;val_5_group_tox.csv
cation,CCCC[N+]1(C)CCOCC1,tox;vis,training;validation,train_1_group_tox.csv;train_1_group_vis.csv;train_2_group_tox.csv;train_2_group_vis.csv;train_3_group_tox.csv;train_3_group_vis.csv;train_4_group_tox.csv;train_4_group_vis.csv;train_5_group_tox.csv;train_5_group_vis.csv;val_1_group_vis.csv;val_2_group_vis.csv;val_3_group_vis.csv;val_4_group_tox.csv;val_4_group_vis.csv;val_5_group_tox.csv;val_5_group_vis.csv
cation,CCCC[N+]1C=CC=C(C(=O)[O-])C1,co2,training;validation,train_1_group_co2.csv;train_2_group_co2.csv;train_3_group_co2.csv;train_5_group_co2.csv;val_4_group_co2.csv
cation,CCCC[NH+]1C=CN=C1,vis,training;validation,train_1_group_vis.csv;train_2_group_vis.csv;train_4_group_vis.csv;train_5_group_vis.csv;val_3_group_vis.csv
cation,CCCC[NH+]1C=CN=C1c1ccccc1,vis,training;validation,train_1_group_vis.csv;train_2_group_vis.csv;train_3_group_vis.csv;train_4_group_vis.csv;val_5_group_vis.csv
cation,CCCC[NH+]1CCCC1,vis,test,test_group_vis.csv
cation,CCCC[NH3+],vis,training;validation,train_1_group_vis.csv;train_2_group_vis.csv;train_3_group_vis.csv;train_4_group_vis.csv;train_5_group_vis.csv;val_1_group_vis.csv;val_4_group_vis.csv
cation,CCCC[P+](C)(CCCC)CCCC,co2;vis,training;validation,train_1_group_co2.csv;train_1_group_vis.csv;train_2_group_co2.csv;train_2_group_vis.csv;train_3_group_co2.csv;train_3_group_vis.csv;train_4_group_co2.csv;train_4_group_vis.csv;train_5_group_co2.csv;train_5_group_vis.csv;val_1_group_vis.csv;val_2_group_co2.csv;val_5_group_co2.csv;val_5_group_vis.csv
cation,CCCC[P+](CC)(CC)CC,vis,training;validation,train_1_group_vis.csv;train_2_group_vis.csv;train_3_group_vis.csv;train_4_group_vis.csv;train_5_group_vis.csv;val_2_group_vis.csv;val_3_group_vis.csv
cation,CCCC[P+](CC)(CCCC)CCCC,co2;vis,test;training;validation,test_group_co2.csv;train_2_group_vis.csv;train_3_group_vis.csv;train_4_group_vis.csv;train_5_group_vis.csv;val_1_group_vis.csv
cation,CCCC[P+](CCCC)(CCCC)CCC(F)(F)C(F)(F)C(F)(F)C(F)(F)C(F)(F)C(F)(F)F,vis,training;validation,train_1_group_vis.csv;train_2_group_vis.csv;train_3_group_vis.csv;train_5_group_vis.csv;val_4_group_vis.csv
cation,CCCC[P+](CCCC)(CCCC)CCCC,co2;tox;vis,test;training;validation,test_group_vis.csv;train_1_group_co2.csv;train_1_group_tox.csv;train_1_group_vis.csv;train_2_group_co2.csv;train_2_group_tox.csv;train_2_group_vis.csv;train_3_group_co2.csv;train_3_group_tox.csv;train_3_group_vis.csv;train_4_group_co2.csv;train_4_group_vis.csv;train_5_group_co2.csv;train_5_group_tox.csv;train_5_group_vis.csv;val_1_group_vis.csv;val_2_group_co2.csv;val_2_group_vis.csv;val_4_group_co2.csv;val_4_group_tox.csv;val_4_group_vis.csv;val_5_group_co2.csv;val_5_group_vis.csv
cation,CCCC[P+](CCCC)(CCCC)CCCN,vis,training;validation,train_1_group_vis.csv;train_2_group_vis.csv;train_3_group_vis.csv;train_4_group_vis.csv;train_5_group_vis.csv;val_3_group_vis.csv;val_4_group_vis.csv;val_5_group_vis.csv
cation,CCCC[P+](CCCC)(CCCC)CCSC,vis,training;validation,train_1_group_vis.csv;train_2_group_vis.csv;train_3_group_vis.csv;train_4_group_vis.csv;train_5_group_vis.csv;val_3_group_vis.csv;val_5_group_vis.csv
cation,CCCC[P+](CCCC)(CCCC)CCSCC,vis,training;validation,train_1_group_vis.csv;train_2_group_vis.csv;train_3_group_vis.csv;train_4_group_vis.csv;train_5_group_vis.csv;val_4_group_vis.csv;val_5_group_vis.csv
cation,CCCC[P+](CCCC)(CCCC)COC,vis,training;validation,train_1_group_vis.csv;train_2_group_vis.csv;train_4_group_vis.csv;train_5_group_vis.csv;val_3_group_vis.csv
cation,CCCC[P+](CCCC)(CCCC)CSC,vis,training;validation,train_1_group_vis.csv;train_2_group_vis.csv;train_3_group_vis.csv;train_4_group_vis.csv;train_5_group_vis.csv;val_1_group_vis.csv;val_4_group_vis.csv
cation,CCCC[S+]1CCCC1,vis,test;training;validation,test_group_vis.csv;train_1_group_vis.csv;train_2_group_vis.csv;train_4_group_vis.csv;train_5_group_vis.csv;val_3_group_vis.csv
cation,CCCC[S+]1CCCCC1,vis,test,test_group_vis.csv
cation,CCCC[n+]1cc(C)cc(C)c1,tox;vis,training;validation,train_1_group_tox.csv;train_1_group_vis.csv;train_2_group_tox.csv;train_2_group_vis.csv;train_3_group_tox.csv;train_4_group_tox.csv;train_4_group_vis.csv;train_5_group_tox.csv;train_5_group_vis.csv;val_1_group_tox.csv;val_3_group_tox.csv;val_3_group_vis.csv
cation,CCCC[n+]1cc[nH]c1,vis,training;validation,train_1_group_vis.csv;train_2_group_vis.csv;train_3_group_vis.csv;train_4_group_vis.csv;train_5_group_vis.csv;val_1_group_vis.csv;val_2_group_vis.csv
cation,CCCC[n+]1ccc(C#N)cc1,vis,training;validation,train_1_group_vis.csv;train_2_group_vis.csv;train_4_group_vis.csv;train_5_group_vis.csv;val_3_group_vis.csv
cation,CCCC[n+]1ccc(C)c(C)c1,tox,training;validation,train_1_group_tox.csv;train_2_group_tox.csv;train_3_group_tox.csv;train_4_group_tox.csv;train_5_group_tox.csv;val_1_group_tox.csv;val_4_group_tox.csv
cation,CCCC[n+]1ccc(C)cc1,co2;tox;vis,training;validation,train_1_group_co2.csv;train_1_group_tox.csv;train_1_group_vis.csv;train_2_group_co2.csv;train_2_group_tox.csv;train_2_group_vis.csv;train_3_group_co2.csv;train_3_group_tox.csv;train_3_group_vis.csv;train_4_group_co2.csv;train_4_group_tox.csv;train_4_group_vis.csv;train_5_group_co2.csv;train_5_group_tox.csv;train_5_group_vis.csv;val_1_group_tox.csv;val_1_group_vis.csv;val_2_group_co2.csv;val_2_group_vis.csv;val_3_group_tox.csv;val_4_group_co2.csv;val_4_group_vis.csv;val_5_group_tox.csv
cation,CCCC[n+]1ccc(N(C)C)cc1,tox,training;validation,train_1_group_tox.csv;train_2_group_tox.csv;train_3_group_tox.csv;train_4_group_tox.csv;train_5_group_tox.csv;val_1_group_tox.csv;val_5_group_tox.csv
cation,CCCC[n+]1ccc2ccccc2c1,vis,training;validation,train_1_group_vis.csv;train_2_group_vis.csv;train_3_group_vis.csv;train_5_group_vis.csv;val_4_group_vis.csv
cation,CCCC[n+]1cccc(C#N)c1,vis,test,test_group_vis.csv
cation,CCCC[n+]1cccc(C)c1,co2;tox;vis,test;training;validation,test_group_tox.csv;train_1_group_co2.csv;train_1_group_tox.csv;train_1_group_vis.csv;train_2_group_tox.csv;train_2_group_vis.csv;train_3_group_co2.csv;train_3_group_tox.csv;train_3_group_vis.csv;train_4_group_co2.csv;train_4_group_tox.csv;train_4_group_vis.csv;train_5_group_co2.csv;train_5_group_tox.csv;train_5_group_vis.csv;val_1_group_vis.csv;val_2_group_co2.csv;val_2_group_tox.csv;val_2_group_vis.csv;val_3_group_vis.csv;val_4_group_tox.csv;val_4_group_vis.csv;val_5_group_vis.csv
cation,CCCC[n+]1cccc(C)c1C,vis,training;validation,train_1_group_vis.csv;train_2_group_vis.csv;train_3_group_vis.csv;train_5_group_vis.csv;val_4_group_vis.csv
cation,CCCC[n+]1cccc2ccccc21,tox,training;validation,train_1_group_tox.csv;train_2_group_tox.csv;train_3_group_tox.csv;train_5_group_tox.csv;val_4_group_tox.csv
cation,CCCC[n+]1ccccc1,co2;tox;vis,test;training;validation,test_group_co2.csv;train_1_group_co2.csv;train_1_group_tox.csv;train_1_group_vis.csv;train_2_group_co2.csv;train_2_group_tox.csv;train_2_group_vis.csv;train_3_group_co2.csv;train_3_group_tox.csv;train_3_group_vis.csv;train_4_group_co2.csv;train_4_group_tox.csv;train_4_group_vis.csv;train_5_group_co2.csv;train_5_group_tox.csv;train_5_group_vis.csv;val_1_group_co2.csv;val_1_group_vis.csv;val_2_group_co2.csv;val_2_group_tox.csv;val_2_group_vis.csv;val_3_group_co2.csv;val_3_group_vis.csv;val_4_group_co2.csv;val_4_group_tox.csv;val_4_group_vis.csv;val_5_group_co2.csv;val_5_group_tox.csv;val_5_group_vis.csv
cation,CCCC[n+]1ccccc1C,tox;vis,training;validation,train_1_group_tox.csv;train_1_group_vis.csv;train_2_group_tox.csv;train_2_group_vis.csv;train_3_group_tox.csv;train_3_group_vis.csv;train_4_group_tox.csv;train_4_group_vis.csv;train_5_group_tox.csv;train_5_group_vis.csv;val_2_group_vis.csv;val_3_group_vis.csv;val_4_group_tox.csv;val_5_group_tox.csv
cation,CCCC[n+]1ccn(C(CC)CC)c1,vis,training;validation,train_1_group_vis.csv;train_3_group_vis.csv;train_4_group_vis.csv;train_5_group_vis.csv;val_2_group_vis.csv
cation,CCCC[n+]1ccn(C)c1,co2;vis,test;training;validation,test_group_co2.csv;test_group_vis.csv;train_1_group_co2.csv;train_1_group_vis.csv;train_2_group_co2.csv;train_2_group_vis.csv;train_3_group_co2.csv;train_3_group_vis.csv;train_4_group_co2.csv;train_4_group_vis.csv;train_5_group_co2.csv;train_5_group_vis.csv;val_1_group_co2.csv;val_1_group_vis.csv;val_2_group_co2.csv;val_3_group_co2.csv;val_3_group_vis.csv;val_4_group_co2.csv;val_4_group_vis.csv;val_5_group_co2.csv;val_5_group_vis.csv
cation,CCCC[n+]1ccn(C)c1C,co2,training;validation,train_1_group_co2.csv;train_2_group_co2.csv;train_3_group_co2.csv;train_5_group_co2.csv;val_4_group_co2.csv
cation,CCCC[n+]1ccn(C2CCCC2)c1,vis,training;validation,train_1_group_vis.csv;train_2_group_vis.csv;train_4_group_vis.csv;train_5_group_vis.csv;val_3_group_vis.csv
cation,CCCC[n+]1ccn(CC)c1,tox;vis,training;validation,train_1_group_tox.csv;train_1_group_vis.csv;train_2_group_tox.csv;train_2_group_vis.csv;train_3_group_vis.csv;train_4_group_tox.csv;train_4_group_vis.csv;train_5_group_tox.csv;train_5_group_vis.csv;val_1_group_vis.csv;val_2_group_vis.csv;val_3_group_tox.csv
cation,CCCC[n+]1ccn(CCC#N)c1,vis,test;training;validation,test_group_vis.csv;train_1_group_vis.csv;train_3_group_vis.csv;train_4_group_vis.csv;train_5_group_vis.csv;val_2_group_vis.csv
cation,CCCC[n+]1ccn(Cc2ccc(C)cc2)c1,vis,training;validation,train_1_group_vis.csv;train_3_group_vis.csv;train_4_group_vis.csv;train_5_group_vis.csv;val_2_group_vis.csv
cation,CCCC[n+]1ccn(Cc2ccccc2)c1,vis,training;validation,train_1_group_vis.csv;train_2_group_vis.csv;train_3_group_vis.csv;train_5_group_vis.csv;val_4_group_vis.csv
cation,CCCCc1cccc[n+]1CC,vis,training;validation,train_2_group_vis.csv;train_3_group_vis.csv;train_4_group_vis.csv;train_5_group_vis.csv;val_1_group_vis.csv
cation,CCCCn1c(C)cc(C)[n+]1-c1ccccc1,vis,training;validation,train_1_group_vis.csv;train_2_group_vis.csv;train_3_group_vis.csv;train_4_group_vis.csv;val_5_group_vis.csv
cation,CCCCn1c[n+](CCCCS(=O)(=O)O)cn1,vis,training;validation,train_1_group_vis.csv;train_2_group_vis.csv;train_3_group_vis.csv;train_5_group_vis.csv;val_4_group_vis.csv
cation,CCCCn1c[nH+]c2ccccc21,vis,training;validation,train_1_group_vis.csv;train_2_group_vis.csv;train_4_group_vis.csv;train_5_group_vis.csv;val_3_group_vis.csv
cation,CCCCn1cc[n+](C)c1,co2;tox;vis,test;training;validation,test_group_vis.csv;train_1_group_co2.csv;train_1_group_tox.csv;train_1_group_vis.csv;train_2_group_co2.csv;train_2_group_tox.csv;train_2_group_vis.csv;train_3_group_co2.csv;train_3_group_tox.csv;train_3_group_vis.csv;train_4_group_co2.csv;train_4_group_tox.csv;train_4_group_vis.csv;train_5_group_co2.csv;train_5_group_tox.csv;train_5_group_vis.csv;val_1_group_co2.csv;val_1_group_tox.csv;val_1_group_vis.csv;val_2_group_tox.csv;val_2_group_vis.csv;val_3_group_co2.csv;val_3_group_tox.csv;val_3_group_vis.csv;val_4_group_co2.csv;val_4_group_tox.csv;val_4_group_vis.csv;val_5_group_co2.csv;val_5_group_tox.csv;val_5_group_vis.csv
cation,CCCCn1cc[n+](C)c1C,vis,training;validation,train_1_group_vis.csv;train_2_group_vis.csv;train_3_group_vis.csv;train_4_group_vis.csv;train_5_group_vis.csv;val_1_group_vis.csv;val_2_group_vis.csv;val_3_group_vis.csv;val_4_group_vis.csv
cation,CCCCn1cc[n+](CC)c1,tox;vis,test;training;validation,test_group_tox.csv;train_1_group_tox.csv;train_1_group_vis.csv;train_2_group_tox.csv;train_2_group_vis.csv;train_3_group_tox.csv;train_3_group_vis.csv;train_4_group_tox.csv;train_5_group_tox.csv;train_5_group_vis.csv;val_4_group_tox.csv;val_4_group_vis.csv;val_5_group_tox.csv
cation,CCCCn1cc[n+](CCC#N)c1,vis,training;validation,train_1_group_vis.csv;train_2_group_vis.csv;train_3_group_vis.csv;train_5_group_vis.csv;val_4_group_vis.csv
cation,CCCCn1cc[n+](CCC(C)C)c1,vis,training;validation,train_2_group_vis.csv;train_3_group_vis.csv;train_4_group_vis.csv;train_5_group_vis.csv;val_1_group_vis.csv
cation,CCCCn1cc[n+](CCCC)c1,vis,training;validation,train_1_group_vis.csv;train_2_group_vis.csv;train_3_group_vis.csv;train_4_group_vis.csv;val_5_group_vis.csv
cation,CCCCn1cc[n+](CCCCCCO)c1,vis,training;validation,train_1_group_vis.csv;train_2_group_vis.csv;train_3_group_vis.csv;train_4_group_vis.csv;val_5_group_vis.csv
cation,CCCCn1cc[n+](CCCCS(=O)(=O)O)c1,vis,test,test_group_vis.csv
cation,CCCCn1cc[n+](CCCS(=O)(=O)O)c1,vis,training;validation,train_1_group_vis.csv;train_2_group_vis.csv;train_3_group_vis.csv;train_4_group_vis.csv;train_5_group_vis.csv;val_2_group_vis.csv;val_5_group_vis.csv
cation,CCCCn1cc[n+](CCOCCOCCOCCOCC[n+]2ccn(CCCC)c2)c1,vis,training;validation,train_1_group_vis.csv;train_2_group_vis.csv;train_4_group_vis.csv;train_5_group_vis.csv;val_3_group_vis.csv
cation,CCCCn1cc[n+](CCOCCOCCOCC[n+]2ccn(CCCC)c2)c1,vis,training;validation,train_1_group_vis.csv;train_3_group_vis.csv;train_4_group_vis.csv;train_5_group_vis.csv;val_2_group_vis.csv
cation,CCCCn1cc[n+](CCOCCOCC[n+]2ccn(CCCC)c2)c1,vis,training;validation,train_1_group_vis.csv;train_2_group_vis.csv;train_3_group_vis.csv;train_5_group_vis.csv;val_4_group_vis.csv
cation,CCCCn1cc[n+](CCOCC[n+]2ccn(CCCC)c2)c1,vis,training;validation,train_1_group_vis.csv;train_2_group_vis.csv;train_3_group_vis.csv;train_5_group_vis.csv;val_4_group_vis.csv
cation,CCCCn1ccc[n+]1C,vis,training;validation,train_2_group_vis.csv;train_3_group_vis.csv;train_4_group_vis.csv;train_5_group_vis.csv;val_1_group_vis.csv
cation,CCCN,vis,test,test_group_vis.csv
cation,CCCOCC[N+]1(C)CCCC1,vis,training;validation,train_1_group_vis.csv;train_2_group_vis.csv;train_3_group_vis.csv;train_4_group_vis.csv;val_5_group_vis.csv
cation,CCCOCC[n+]1ccccc1,vis,training;validation,train_1_group_vis.csv;train_2_group_vis.csv;train_4_group_vis.csv;train_5_group_vis.csv;val_3_group_vis.csv
cation,CCCOCC[n+]1ccn(C)c1,vis,training;validation,train_1_group_vis.csv;train_3_group_vis.csv;train_4_group_vis.csv;train_5_group_vis.csv;val_2_group_vis.csv
cation,CCCOC[n+]1cccc(O)c1,tox,training;validation,train_1_group_tox.csv;train_2_group_tox.csv;train_3_group_tox.csv;train_4_group_tox.csv;train_5_group_tox.csv;val_3_group_tox.csv;val_5_group_tox.csv
cation,CCC[N+](C)(C)CC,co2;vis,test;training;validation,test_group_vis.csv;train_1_group_co2.csv;train_3_group_co2.csv;train_4_group_co2.csv;train_5_group_co2.csv;val_2_group_co2.csv
cation,CCC[N+](C)(C)CCO,vis,training;validation,train_1_group_vis.csv;train_3_group_vis.csv;train_4_group_vis.csv;train_5_group_vis.csv;val_2_group_vis.csv
cation,CCC[N+](C)(CC)CC,co2;vis,training;validation,train_1_group_co2.csv;train_1_group_vis.csv;train_2_group_co2.csv;train_2_group_vis.csv;train_3_group_co2.csv;train_3_group_vis.csv;train_4_group_co2.csv;train_5_group_vis.csv;val_4_group_vis.csv;val_5_group_co2.csv
cation,CCC[N+](C)(CC)CCC,vis,training;validation,train_1_group_vis.csv;train_2_group_vis.csv;train_3_group_vis.csv;train_5_group_vis.csv;val_4_group_vis.csv
cation,CCC[N+]1(C)CCCC1,co2;vis,test;training;validation,test_group_vis.csv;train_1_group_co2.csv;train_1_group_vis.csv;train_2_group_co2.csv;train_2_group_vis.csv;train_3_group_co2.csv;train_3_group_vis.csv;train_4_group_vis.csv;train_5_group_co2.csv;val_4_group_co2.csv;val_5_group_vis.csv
cation,CCC[N+]1(C)CCCCC1,co2;tox;vis,training;validation,train_1_group_co2.csv;train_1_group_tox.csv;train_1_group_vis.csv;train_2_group_tox.csv;train_2_group_vis.csv;train_3_group_co2.csv;train_3_group_tox.csv;train_3_group_vis.csv;train_4_group_co2.csv;train_4_group_tox.csv;train_5_group_co2.csv;train_5_group_vis.csv;val_2_group_co2.csv;val_4_group_vis.csv;val_5_group_tox.csv
cation,CCC[N+]1(C)CCOCC1,vis,training;validation,train_1_group_vis.csv;train_2_group_vis.csv;train_3_group_vis.csv;train_4_group_vis.csv;train_5_group_vis.csv;val_1_group_vis.csv;val_4_group_vis.csv;val_5_group_vis.csv
cation,CCC[NH+](C)C,vis,training;validation,train_1_group_vis.csv;train_2_group_vis.csv;train_3_group_vis.csv;train_4_group_vis.csv;val_5_group_vis.csv
cation,CCC[NH+](C)CCC,vis,training;validation,train_1_group_vis.csv;train_2_group_vis.csv;train_3_group_vis.csv;train_5_group_vis.csv;val_4_group_vis.csv
cation,CCC[NH+](CC)CC,vis,training;validation,train_1_group_vis.csv;train_2_group_vis.csv;train_4_group_vis.csv;train_5_group_vis.csv;val_3_group_vis.csv
cation,CCC[NH3+],vis,training;validation,train_1_group_vis.csv;train_3_group_vis.csv;train_4_group_vis.csv;train_5_group_vis.csv;val_2_group_vis.csv
cation,CCC[S+]1CCCC1,vis,training;validation,train_1_group_vis.csv;train_2_group_vis.csv;train_4_group_vis.csv;train_5_group_vis.csv;val_3_group_vis.csv
cation,CCC[n+]1cccc(C)c1,co2;vis,test;training;validation,test_group_vis.csv;train_1_group_vis.csv;train_2_group_co2.csv;train_2_group_vis.csv;train_3_group_co2.csv;train_3_group_vis.csv;train_4_group_co2.csv;train_5_group_co2.csv;train_5_group_vis.csv;val_1_group_co2.csv;val_4_group_vis.csv
cation,CCC[n+]1ccccc1,tox;vis,training;validation,train_1_group_tox.csv;train_1_group_vis.csv;train_2_group_tox.csv;train_2_group_vis.csv;train_3_group_vis.csv;train_4_group_tox.csv;train_4_group_vis.csv;train_5_group_tox.csv;train_5_group_vis.csv;val_1_group_vis.csv;val_2_group_vis.csv;val_3_group_tox.csv;val_4_group_vis.csv
cation,CCC[n+]1ccn(C)c1C,vis,training;validation,train_1_group_vis.csv;train_2_group_vis.csv;train_4_group_vis.csv;train_5_group_vis.csv;val_3_group_vis.csv
cation,CCC[n+]1cn(C)cn1,vis,training;validation,train_1_group_vis.csv;train_2_group_vis.csv;train_3_group_vis.csv;train_4_group_vis.csv;train_5_group_vis.csv;val_1_group_vis.csv;val_5_group_vis.csv
cation,CCCc1cccc[n+]1CC,vis,training;validation,train_1_group_vis.csv;train_2_group_vis.csv;train_3_group_vis.csv;train_5_group_vis.csv;val_4_group_vis.csv
cation,CCCn1cc[n+](C)c1,tox;vis,training;validation,train_1_group_tox.csv;train_1_group_vis.csv;train_2_group_tox.csv;train_2_group_vis.csv;train_3_group_tox.csv;train_3_group_vis.csv;train_4_group_tox.csv;train_4_group_vis.csv;train_5_group_tox.csv;train_5_group_vis.csv;val_1_group_tox.csv;val_1_group_vis.csv;val_3_group_vis.csv;val_4_group_vis.csv;val_5_group_tox.csv
cation,CCCn1cc[n+](C)c1C,vis,training;validation,train_1_group_vis.csv;train_2_group_vis.csv;train_3_group_vis.csv;train_4_group_vis.csv;train_5_group_vis.csv;val_1_group_vis.csv;val_2_group_vis.csv;val_3_group_vis.csv;val_4_group_vis.csv;val_5_group_vis.csv
cation,CCCn1cc[n+](CC)c1,tox,training;validation,train_1_group_tox.csv;train_2_group_tox.csv;train_4_group_tox.csv;train_5_group_tox.csv;val_3_group_tox.csv
cation,CCN(C)C,vis,test,test_group_vis.csv
cation,CCN(CC)c1c(N(CC)CC)[c+]1N(CC)CC,co2;vis,test;training;validation,test_group_vis.csv;train_1_group_co2.csv;train_2_group_co2.csv;train_4_group_co2.csv;train_5_group_co2.csv;val_3_group_co2.csv
cation,CCN(CC)c1c(N(CC)CC)c1=[N+](CC)CC,co2,training;validation,train_1_group_co2.csv;train_2_group_co2.csv;train_4_group_co2.csv;train_5_group_co2.csv;val_3_group_co2.csv
cation,CCN=C(N(C)C)[NH+](C)C,vis,training;validation,train_1_group_vis.csv;train_2_group_vis.csv;train_3_group_vis.csv;train_4_group_vis.csv;train_5_group_vis.csv;val_2_group_vis.csv;val_5_group_vis.csv
cation,CCOC(=O)C[N+](C)(C)CC,tox,training;validation,train_1_group_tox.csv;train_2_group_tox.csv;train_3_group_tox.csv;train_4_group_tox.csv;train_5_group_tox.csv;val_4_group_tox.csv;val_5_group_tox.csv
cation,CCOC(=O)C[N+]1(C)CCCC1,tox,training;validation,train_1_group_tox.csv;train_2_group_tox.csv;train_3_group_tox.csv;train_4_group_tox.csv;train_5_group_tox.csv;val_2_group_tox.csv;val_5_group_tox.csv
cation,CCOC(=O)C[n+]1ccccc1,vis,training;validation,train_1_group_vis.csv;train_2_group_vis.csv;train_3_group_vis.csv;train_4_group_vis.csv;val_5_group_vis.csv
cation,CCOC(=O)Cn1cc[n+](C)c1,vis,training;validation,train_2_group_vis.csv;train_3_group_vis.csv;train_4_group_vis.csv;train_5_group_vis.csv;val_1_group_vis.csv
cation,CCOC(=O)c1ccc[n+](CC)c1,vis,training;validation,train_1_group_vis.csv;train_2_group_vis.csv;train_4_group_vis.csv;train_5_group_vis.csv;val_3_group_vis.csv
cation,CCOCC[N+](C)(C)CC,tox,training;validation,train_1_group_tox.csv;train_2_group_tox.csv;train_3_group_tox.csv;train_4_group_tox.csv;val_5_group_tox.csv
cation,CCOCC[N+]1(C)CCCC1,tox;vis,training;validation,train_1_group_tox.csv;train_1_group_vis.csv;train_2_group_tox.csv;train_2_group_vis.csv;train_3_group_vis.csv;train_4_group_tox.csv;train_4_group_vis.csv;train_5_group_tox.csv;val_3_group_tox.csv;val_5_group_vis.csv
cation,CCOCC[N+]1(C)CCCCC1,tox,training;validation,train_1_group_tox.csv;train_2_group_tox.csv;train_3_group_tox.csv;train_4_group_tox.csv;train_5_group_tox.csv;val_2_group_tox.csv;val_4_group_tox.csv
cation,CCOCC[N+]1(C)CCOCC1,tox,training;validation,train_1_group_tox.csv;train_3_group_tox.csv;train_4_group_tox.csv;train_5_group_tox.csv;val_2_group_tox.csv
cation,CCOCC[NH+](C)C,tox,training;validation,train_1_group_tox.csv;train_2_group_tox.csv;train_3_group_tox.csv;train_5_group_tox.csv;val_4_group_tox.csv
cation,CCOCC[n+]1ccccc1,tox;vis,training;validation,train_1_group_tox.csv;train_1_group_vis.csv;train_2_group_tox.csv;train_2_group_vis.csv;train_3_group_tox.csv;train_3_group_vis.csv;train_4_group_tox.csv;train_4_group_vis.csv;train_5_group_tox.csv;val_2_group_tox.csv;val_5_group_tox.csv;val_5_group_vis.csv
cation,CCOCCn1cc[n+](C)c1,tox;vis,training;validation,train_1_group_tox.csv;train_1_group_vis.csv;train_2_group_tox.csv;train_2_group_vis.csv;train_3_group_tox.csv;train_3_group_vis.csv;train_4_group_vis.csv;train_5_group_tox.csv;val_4_group_tox.csv;val_5_group_vis.csv
cation,CCOCCn1cc[n+](CC)c1,vis,test,test_group_vis.csv
cation,CCOC[N+](C)(C)CC,tox,training;validation,train_1_group_tox.csv;train_3_group_tox.csv;train_4_group_tox.csv;train_5_group_tox.csv;val_2_group_tox.csv
cation,CCOC[N+]1(C)CCCC1,tox;vis,training;validation,train_1_group_tox.csv;train_1_group_vis.csv;train_2_group_tox.csv;train_2_group_vis.csv;train_3_group_tox.csv;train_3_group_vis.csv;train_4_group_tox.csv;train_5_group_tox.csv;train_5_group_vis.csv;val_1_group_tox.csv;val_4_group_tox.csv;val_4_group_vis.csv
cation,CCOC[N+]1(C)CCCCC1,tox,training;validation,train_1_group_tox.csv;train_3_group_tox.csv;train_4_group_tox.csv;train_5_group_tox.csv;val_2_group_tox.csv
cation,CCOC[N+]1(C)CCOCC1,tox,training;validation,train_2_group_tox.csv;train_3_group_tox.csv;train_4_group_tox.csv;train_5_group_tox.csv;val_1_group_tox.csv
cation,CCOC[P+](CC)(CC)CC,vis,training;validation,train_1_group_vis.csv;train_2_group_vis.csv;train_3_group_vis.csv;train_5_group_vis.csv;val_4_group_vis.csv
cation,CCOC[n+]1ccccc1,tox;vis,training;validation,train_1_group_tox.csv;train_2_group_tox.csv;train_2_group_vis.csv;train_3_group_tox.csv;train_3_group_vis.csv;train_4_group_tox.csv;train_4_group_vis.csv;train_5_group_vis.csv;val_1_group_vis.csv;val_5_group_tox.csv
cation,CCOC[n+]1ccn(C)c1,vis,training;validation,train_1_group_vis.csv;train_2_group_vis.csv;train_3_group_vis.csv;train_5_group_vis.csv;val_4_group_vis.csv
cation,CCOCc1n(CC)cc[n+]1C,vis,training;validation,train_2_group_vis.csv;train_3_group_vis.csv;train_4_group_vis.csv;train_5_group_vis.csv;val_1_group_vis.csv
cation,CCOCn1cc[n+](C)c1,tox,training;validation,train_1_group_tox.csv;train_2_group_tox.csv;train_3_group_tox.csv;train_4_group_tox.csv;train_5_group_tox.csv;val_1_group_tox.csv;val_3_group_tox.csv
cation,CCOn1cc[n+](OCC)c1,co2,training;validation,train_2_group_co2.csv;train_3_group_co2.csv;train_4_group_co2.csv;train_5_group_co2.csv;val_1_group_co2.csv
cation,CCS(=O)(=O)CCn1cc[n+](C)c1,vis,training;validation,train_1_group_vis.csv;train_2_group_vis.csv;train_4_group_vis.csv;train_5_group_vis.csv;val_3_group_vis.csv
cation,CCSCC[P+](CC)(CC)CC,vis,test;training;validation,test_group_vis.csv;train_1_group_vis.csv;train_2_group_vis.csv;train_3_group_vis.csv;train_4_group_vis.csv;val_5_group_vis.csv
cation,CC[N+](C)(C)CC#N,tox,training;validation,train_1_group_tox.csv;train_2_group_tox.csv;train_3_group_tox.csv;train_4_group_tox.csv;train_5_group_tox.csv;val_1_group_tox.csv;val_4_group_tox.csv
cation,CC[N+](C)(C)CCCO,tox,training;validation,train_1_group_tox.csv;train_2_group_tox.csv;train_4_group_tox.csv;train_5_group_tox.csv;val_3_group_tox.csv
cation,CC[N+](C)(C)CCCOC,co2;tox,training;validation,train_1_group_co2.csv;train_1_group_tox.csv;train_2_group_co2.csv;train_2_group_tox.csv;train_3_group_co2.csv;train_3_group_tox.csv;train_4_group_co2.csv;train_4_group_tox.csv;train_5_group_tox.csv;val_3_group_tox.csv;val_5_group_co2.csv;val_5_group_tox.csv
cation,CC[N+](C)(C)CCO,tox,training;validation,train_1_group_tox.csv;train_2_group_tox.csv;train_3_group_tox.csv;train_4_group_tox.csv;train_5_group_tox.csv;val_1_group_tox.csv;val_2_group_tox.csv
cation,CC[N+](C)(C)CCOC,tox;vis,training;validation,train_1_group_tox.csv;train_1_group_vis.csv;train_2_group_tox.csv;train_2_group_vis.csv;train_3_group_tox.csv;train_3_group_vis.csv;train_4_group_tox.csv;train_4_group_vis.csv;train_5_group_vis.csv;val_1_group_vis.csv;val_3_group_vis.csv;val_4_group_vis.csv;val_5_group_tox.csv;val_5_group_vis.csv
cation,CC[N+](C)(C)CCOC(C)=O,co2;vis,test;training;validation,test_group_co2.csv;train_2_group_vis.csv;train_3_group_vis.csv;train_4_group_vis.csv;train_5_group_vis.csv;val_1_group_vis.csv
cation,CC[N+](C)(C)CCOCCOC,co2;vis,training;validation,train_1_group_co2.csv;train_1_group_vis.csv;train_2_group_co2.csv;train_2_group_vis.csv;train_3_group_co2.csv;train_3_group_vis.csv;train_4_group_co2.csv;train_4_group_vis.csv;val_5_group_co2.csv;val_5_group_vis.csv
cation,CC[N+](C)(CC)CCOC,co2;vis,test;training;validation,test_group_vis.csv;train_1_group_vis.csv;train_2_group_co2.csv;train_2_group_vis.csv;train_3_group_co2.csv;train_3_group_vis.csv;train_4_group_co2.csv;train_4_group_vis.csv;train_5_group_co2.csv;train_5_group_vis.csv;val_1_group_co2.csv;val_1_group_vis.csv;val_2_group_vis.csv;val_3_group_vis.csv;val_5_group_vis.csv
cation,CC[N+](CC)(CC)CC,tox,training;validation,train_1_group_tox.csv;train_2_group_tox.csv;train_3_group_tox.csv;train_4_group_tox.csv;train_5_group_tox.csv;val_2_group_tox.csv;val_3_group_tox.csv
cation,CC[N+](CC)(CC)CCOC,vis,training;validation,train_1_group_vis.csv;train_2_group_vis.csv;train_3_group_vis.csv;train_4_group_vis.csv;train_5_group_vis.csv;val_1_group_vis.csv;val_2_group_vis.csv;val_5_group_vis.csv
cation,CC[N+](CC)=C(N(C)C)N(C)C,vis,training;validation,train_1_group_vis.csv;train_2_group_vis.csv;train_4_group_vis.csv;train_5_group_vis.csv;val_3_group_vis.csv
cation,CC[N+]1(C)CCCC1,vis,test;training;validation,test_group_vis.csv;train_1_group_vis.csv;train_2_group_vis.csv;train_3_group_vis.csv;train_4_group_vis.csv;train_5_group_vis.csv;val_1_group_vis.csv;val_3_group_vis.csv;val_5_group_vis.csv
cation,CC[N+]1(C)CCCCC1,vis,test,test_group_vis.csv
cation,CC[N+]1(C)CCOCC1,tox;vis,test;training;validation,test_group_vis.csv;train_1_group_tox.csv;train_1_group_vis.csv;train_2_group_tox.csv;train_2_group_vis.csv;train_3_group_vis.csv;train_4_group_tox.csv;train_4_group_vis.csv;train_5_group_tox.csv;train_5_group_vis.csv;val_1_group_vis.csv;val_3_group_tox.csv;val_3_group_vis.csv;val_4_group_vis.csv;val_5_group_vis.csv
cation,CC[NH+](C)CC,vis,training;validation,train_2_group_vis.csv;train_3_group_vis.csv;train_4_group_vis.csv;train_5_group_vis.csv;val_1_group_vis.csv
cation,CC[NH+](CC)CC,vis,training;validation,train_1_group_vis.csv;train_2_group_vis.csv;train_3_group_vis.csv;train_4_group_vis.csv;val_5_group_vis.csv
cation,CC[NH+]1C=CN(C)C1,co2;vis,training;validation,train_1_group_co2.csv;train_1_group_vis.csv;train_2_group_co2.csv;train_2_group_vis.csv;train_3_group_co2.csv;train_3_group_vis.csv;train_4_group_co2.csv;train_4_group_vis.csv;train_5_group_co2.csv;train_5_group_vis.csv;val_1_group_vis.csv;val_3_group_co2.csv;val_4_group_co2.csv;val_5_group_vis.csv
cation,CC[NH+]1C=CN=C1,co2;vis,training;validation,train_1_group_co2.csv;train_1_group_vis.csv;train_2_group_vis.csv;train_3_group_co2.csv;train_4_group_co2.csv;train_4_group_vis.csv;train_5_group_co2.csv;train_5_group_vis.csv;val_2_group_co2.csv;val_3_group_vis.csv
cation,CC[NH2+]CC,vis,training;validation,train_1_group_vis.csv;train_2_group_vis.csv;train_3_group_vis.csv;train_5_group_vis.csv;val_4_group_vis.csv
cation,CC[NH3+],co2;vis,test;training;validation,test_group_vis.csv;train_1_group_co2.csv;train_1_group_vis.csv;train_2_group_co2.csv;train_2_group_vis.csv;train_3_group_co2.csv;train_3_group_vis.csv;train_4_group_co2.csv;train_4_group_vis.csv;train_5_group_vis.csv;val_2_group_vis.csv;val_3_group_vis.csv;val_4_group_vis.csv;val_5_group_co2.csv;val_5_group_vis.csv
cation,CC[P+](CC)(CC)CCOC,vis,training;validation,train_1_group_vis.csv;train_2_group_vis.csv;train_3_group_vis.csv;train_5_group_vis.csv;val_4_group_vis.csv
cation,CC[P+](CC)(CC)CCSC,vis,training;validation,train_1_group_vis.csv;train_2_group_vis.csv;train_3_group_vis.csv;train_4_group_vis.csv;train_5_group_vis.csv;val_3_group_vis.csv;val_4_group_vis.csv
cation,CC[P+](CC)(CC)COCCOC,vis,training;validation,train_1_group_vis.csv;train_2_group_vis.csv;train_3_group_vis.csv;train_4_group_vis.csv;train_5_group_vis.csv;val_1_group_vis.csv;val_4_group_vis.csv;val_5_group_vis.csv
cation,CC[P+](CC)(CC)CSC,vis,training;validation,train_1_group_vis.csv;train_2_group_vis.csv;train_3_group_vis.csv;train_4_group_vis.csv;train_5_group_vis.csv;val_1_group_vis.csv;val_2_group_vis.csv
cation,CC[S+](C)CC,tox;vis,training;validation,train_1_group_vis.csv;train_2_group_tox.csv;train_3_group_tox.csv;train_3_group_vis.csv;train_4_group_tox.csv;train_4_group_vis.csv;train_5_group_tox.csv;train_5_group_vis.csv;val_1_group_tox.csv;val_2_group_vis.csv
cation,CC[S+](CC)CC,co2;tox;vis,test;training;validation,test_group_vis.csv;train_1_group_tox.csv;train_2_group_co2.csv;train_2_group_tox.csv;train_3_group_co2.csv;train_3_group_tox.csv;train_4_group_co2.csv;train_4_group_tox.csv;train_5_group_co2.csv;val_1_group_co2.csv;val_5_group_tox.csv
cation,CC[S+](CC)CCOCCOCCOCCOCC[S+](CC)CC,vis,training;validation,train_1_group_vis.csv;train_3_group_vis.csv;train_4_group_vis.csv;train_5_group_vis.csv;val_2_group_vis.csv
cation,CC[S+](CC)CCOCCOCCOCC[S+](CC)CC,vis,training;validation,train_1_group_vis.csv;train_2_group_vis.csv;train_3_group_vis.csv;train_5_group_vis.csv;val_4_group_vis.csv
cation,CC[S+](CC)CCOCCOCC[S+](CC)CC,vis,training;validation,train_2_group_vis.csv;train_3_group_vis.csv;train_4_group_vis.csv;train_5_group_vis.csv;val_1_group_vis.csv
cation,CC[S+](CC)CCOCC[S+](CC)CC,vis,training;validation,train_1_group_vis.csv;train_2_group_vis.csv;train_3_group_vis.csv;train_4_group_vis.csv;val_5_group_vis.csv
cation,CC[S+]1CCCC1,vis,training;validation,train_1_group_vis.csv;train_2_group_vis.csv;train_3_group_vis.csv;train_4_group_vis.csv;val_5_group_vis.csv
cation,CC[n+]1cc(C)n(C)c1,vis,training;validation,train_1_group_vis.csv;train_2_group_vis.csv;train_4_group_vis.csv;train_5_group_vis.csv;val_3_group_vis.csv
cation,CC[n+]1ccc(C)cc1,vis,training;validation,train_1_group_vis.csv;train_2_group_vis.csv;train_3_group_vis.csv;train_5_group_vis.csv;val_4_group_vis.csv
cation,CC[n+]1ccc(N(C)C)cc1,tox,training;validation,train_1_group_tox.csv;train_3_group_tox.csv;train_4_group_tox.csv;train_5_group_tox.csv;val_2_group_tox.csv
cation,CC[n+]1cccc(C)c1,vis,training;validation,train_1_group_vis.csv;train_2_group_vis.csv;train_3_group_vis.csv;train_4_group_vis.csv;train_5_group_vis.csv;val_4_group_vis.csv;val_5_group_vis.csv
cation,CC[n+]1ccccc1,tox;vis,training;validation,train_1_group_vis.csv;train_2_group_tox.csv;train_2_group_vis.csv;train_3_group_tox.csv;train_3_group_vis.csv;train_4_group_tox.csv;train_4_group_vis.csv;train_5_group_tox.csv;train_5_group_vis.csv;val_1_group_tox.csv;val_2_group_vis.csv;val_3_group_vis.csv;val_5_group_vis.csv
cation,CC[n+]1ccccc1C,vis,training;validation,train_1_group_vis.csv;train_2_group_vis.csv;train_3_group_vis.csv;train_5_group_vis.csv;val_4_group_vis.csv
cation,CC[n+]1ccn(C)c1,co2,test;training;validation,test_group_co2.csv;train_1_group_co2.csv;train_2_group_co2.csv;train_3_group_co2.csv;train_4_group_co2.csv;train_5_group_co2.csv;val_1_group_co2.csv;val_2_group_co2.csv;val_3_group_co2.csv;val_4_group_co2.csv;val_5_group_co2.csv
cation,CC[n+]1ccn(CCOC)c1,vis,test,test_group_vis.csv
cation,CC[n+]1ccn(Cc2ccc(C)cc2)c1,vis,training;validation,train_1_group_vis.csv;train_3_group_vis.csv;train_4_group_vis.csv;train_5_group_vis.csv;val_2_group_vis.csv
cation,CCc1cccc[n+]1C,vis,training;validation,train_1_group_vis.csv;train_2_group_vis.csv;train_3_group_vis.csv;train_4_group_vis.csv;val_5_group_vis.csv
cation,CCc1cccc[n+]1CC,vis,training;validation,train_1_group_vis.csv;train_2_group_vis.csv;train_4_group_vis.csv;train_5_group_vis.csv;val_3_group_vis.csv
cation,CCn1cc(C)[n+](C)c1,vis,test,test_group_vis.csv
cation,CCn1cc(C)[n+](CC)c1,vis,training;validation,train_2_group_vis.csv;train_3_group_vis.csv;train_4_group_vis.csv;train_5_group_vis.csv;val_1_group_vis.csv
cation,CCn1cc[n+](C)c1,co2;tox;vis,test;training;validation,test_group_tox.csv;test_group_vis.csv;train_1_group_co2.csv;train_1_group_tox.csv;train_1_group_vis.csv;train_2_group_co2.csv;train_2_group_tox.csv;train_2_group_vis.csv;train_3_group_co2.csv;train_3_group_tox.csv;train_3_group_vis.csv;train_4_group_co2.csv;train_4_group_tox.csv;train_4_group_vis.csv;train_5_group_co2.csv;train_5_group_tox.csv;train_5_group_vis.csv;val_1_group_tox.csv;val_1_group_vis.csv;val_2_group_co2.csv;val_2_group_tox.csv;val_2_group_vis.csv;val_3_group_tox.csv;val_3_group_vis.csv;val_4_group_tox.csv;val_4_group_vis.csv;val_5_group_co2.csv;val_5_group_tox.csv;val_5_group_vis.csv
cation,CCn1cc[n+](C)c1C,co2;vis,training;validation,train_1_group_co2.csv;train_1_group_vis.csv;train_2_group_co2.csv;train_3_group_co2.csv;train_3_group_vis.csv;train_4_group_co2.csv;train_4_group_vis.csv;train_5_group_vis.csv;val_2_group_vis.csv;val_5_group_co2.csv
cation,CCn1cc[n+](CC)c1,vis,training;validation,train_1_group_vis.csv;train_2_group_vis.csv;train_3_group_vis.csv;train_4_group_vis.csv;train_5_group_vis.csv;val_2_group_vis.csv;val_3_group_vis.csv;val_4_group_vis.csv
cation,CCn1cc[n+](CCOC)c1,vis,training;validation,train_1_group_vis.csv;train_2_group_vis.csv;train_3_group_vis.csv;train_4_group_vis.csv;train_5_group_vis.csv;val_1_group_vis.csv;val_2_group_vis.csv;val_4_group_vis.csv
cation,CCn1cc[nH+]c1,vis,training;validation,train_1_group_vis.csv;train_2_group_vis.csv;train_3_group_vis.csv;train_4_group_vis.csv;val_5_group_vis.csv
cation,CCn1ccc[n+]1C,vis,training;validation,train_1_group_vis.csv;train_2_group_vis.csv;train_3_group_vis.csv;train_4_group_vis.csv;val_5_group_vis.csv
cation,CN(C)C(=N)[NH+](C)C,co2;vis,test;training;validation,test_group_co2.csv;train_1_group_vis.csv;train_2_group_vis.csv;train_3_group_vis.csv;train_5_group_vis.csv;val_4_group_vis.csv
cation,CN(C)C(N)=[N+](C)C,vis,test;training;validation,test_group_vis.csv;train_1_group_vis.csv;train_2_group_vis.csv;train_3_group_vis.csv;train_4_group_vis.csv;train_5_group_vis.csv;val_4_group_vis.csv;val_5_group_vis.csv
cation,CN(C)c1cc[n+](C)cc1,tox,training;validation,train_1_group_tox.csv;train_2_group_tox.csv;train_3_group_tox.csv;train_5_group_tox.csv;val_4_group_tox.csv
cation,CN1C=C[NH+](C)C1,co2,training;validation,train_1_group_co2.csv;train_2_group_co2.csv;train_3_group_co2.csv;train_4_group_co2.csv;train_5_group_co2.csv;val_2_group_co2.csv;val_3_group_co2.csv
cation,CN1C=C[NH+](CCO)C1,co2,training;validation,train_1_group_co2.csv;train_3_group_co2.csv;train_4_group_co2.csv;train_5_group_co2.csv;val_2_group_co2.csv
cation,CN1CCC[NH+]2CCCN=C12,vis,training;validation,train_1_group_vis.csv;train_3_group_vis.csv;train_4_group_vis.csv;train_5_group_vis.csv;val_2_group_vis.csv
cation,CNCCO,vis,training;validation,train_1_group_vis.csv;train_2_group_vis.csv;train_3_group_vis.csv;train_4_group_vis.csv;train_5_group_vis.csv;val_3_group_vis.csv;val_4_group_vis.csv
cation,COC(=O)C([NH3+])Cc1ccccc1,vis,training;validation,train_1_group_vis.csv;train_2_group_vis.csv;train_4_group_vis.csv;train_5_group_vis.csv;val_3_group_vis.csv
cation,COC(=O)C1CCC[NH2+]1,vis,training;validation,train_1_group_vis.csv;train_2_group_vis.csv;train_3_group_vis.csv;train_4_group_vis.csv;val_5_group_vis.csv
cation,COC(C)Cn1cc[n+](C)c1,tox,training;validation,train_1_group_tox.csv;train_2_group_tox.csv;train_3_group_tox.csv;train_4_group_tox.csv;train_5_group_tox.csv;val_3_group_tox.csv;val_5_group_tox.csv
cation,COCCCCn1cc[n+](C)c1,vis,training;validation,train_1_group_vis.csv;train_3_group_vis.csv;train_4_group_vis.csv;train_5_group_vis.csv;val_2_group_vis.csv
cation,COCCC[N+]1(C)CCCC1,tox;vis,training;validation,train_1_group_vis.csv;train_2_group_tox.csv;train_3_group_tox.csv;train_3_group_vis.csv;train_4_group_tox.csv;train_4_group_vis.csv;train_5_group_tox.csv;train_5_group_vis.csv;val_1_group_tox.csv;val_2_group_vis.csv
cation,COCCC[N+]1(C)CCCCC1,tox,training;validation,train_1_group_tox.csv;train_2_group_tox.csv;train_3_group_tox.csv;train_4_group_tox.csv;train_5_group_tox.csv;val_1_group_tox.csv;val_4_group_tox.csv
cation,COCCC[N+]1(C)CCOCC1,tox,training;validation,train_1_group_tox.csv;train_2_group_tox.csv;train_3_group_tox.csv;train_4_group_tox.csv;train_5_group_tox.csv;val_1_group_tox.csv;val_5_group_tox.csv
cation,COCCC[n+]1ccccc1,tox;vis,training;validation,train_1_group_tox.csv;train_2_group_tox.csv;train_2_group_vis.csv;train_3_group_tox.csv;train_3_group_vis.csv;train_4_group_tox.csv;train_4_group_vis.csv;train_5_group_tox.csv;train_5_group_vis.csv;val_1_group_tox.csv;val_1_group_vis.csv;val_5_group_tox.csv
cation,COCCC[n+]1ccn(C)c1,vis,training;validation,train_1_group_vis.csv;train_2_group_vis.csv;train_4_group_vis.csv;train_5_group_vis.csv;val_3_group_vis.csv
cation,COCCCn1cc[n+](C)c1,tox,training;validation,train_1_group_tox.csv;train_2_group_tox.csv;train_3_group_tox.csv;train_4_group_tox.csv;val_5_group_tox.csv
cation,COCCOCCOCC[n+]1ccccc1,co2;vis,training;validation,train_1_group_co2.csv;train_1_group_vis.csv;train_2_group_co2.csv;train_2_group_vis.csv;train_3_group_co2.csv;train_3_group_vis.csv;train_4_group_vis.csv;train_5_group_co2.csv;val_4_group_co2.csv;val_5_group_vis.csv
cation,COCCOCC[n+]1ccccc1,co2;vis,test;training;validation,test_group_co2.csv;train_1_group_vis.csv;train_2_group_vis.csv;train_3_group_vis.csv;train_5_group_vis.csv;val_4_group_vis.csv
cation,COCCOCCn1cc[n+](C)c1,vis,training;validation,train_1_group_vis.csv;train_2_group_vis.csv;train_3_group_vis.csv;train_4_group_vis.csv;train_5_group_vis.csv;val_1_group_vis.csv;val_3_group_vis.csv
cation,COCC[N+](C)(C)C,vis,training;validation,train_1_group_vis.csv;train_2_group_vis.csv;train_4_group_vis.csv;train_5_group_vis.csv;val_3_group_vis.csv
cation,COCC[N+]1(C)CCCC1,tox;vis,training;validation,train_1_group_tox.csv;train_1_group_vis.csv;train_2_group_tox.csv;train_2_group_vis.csv;train_3_group_tox.csv;train_3_group_vis.csv;train_4_group_tox.csv;train_4_group_vis.csv;train_5_group_tox.csv;train_5_group_vis.csv;val_1_group_tox.csv;val_2_group_tox.csv;val_2_group_vis.csv;val_3_group_tox.csv;val_3_group_vis.csv
cation,COCC[N+]1(C)CCCCC1,tox;vis,training;validation,train_1_group_tox.csv;train_1_group_vis.csv;train_2_group_tox.csv;train_3_group_tox.csv;train_3_group_vis.csv;train_4_group_tox.csv;train_4_group_vis.csv;train_5_group_tox.csv;train_5_group_vis.csv;val_1_group_tox.csv;val_2_group_tox.csv;val_2_group_vis.csv
cation,COCC[N+]1(C)CCOCC1,tox;vis,training;validation,train_1_group_tox.csv;train_1_group_vis.csv;train_2_group_tox.csv;train_2_group_vis.csv;train_3_group_tox.csv;train_3_group_vis.csv;train_4_group_tox.csv;train_4_group_vis.csv;train_5_group_tox.csv;val_2_group_tox.csv;val_4_group_tox.csv;val_5_group_vis.csv
cation,COCC[NH+]1C=CN(C)C1,co2,training;validation,train_1_group_co2.csv;train_2_group_co2.csv;train_3_group_co2.csv;train_4_group_co2.csv;val_5_group_co2.csv
cation,COCC[NH2+]CCOC,tox,training;validation,train_2_group_tox.csv;train_3_group_tox.csv;train_4_group_tox.csv;train_5_group_tox.csv;val_1_group_tox.csv
cation,COCC[n+]1ccccc1,co2;tox;vis,training;validation,train_1_group_co2.csv;train_1_group_tox.csv;train_1_group_vis.csv;train_2_group_co2.csv;train_2_group_tox.csv;train_2_group_vis.csv;train_3_group_co2.csv;train_3_group_tox.csv;train_3_group_vis.csv;train_4_group_co2.csv;train_4_group_tox.csv;train_4_group_vis.csv;train_5_group_co2.csv;train_5_group_tox.csv;train_5_group_vis.csv;val_1_group_co2.csv;val_2_group_co2.csv;val_2_group_tox.csv;val_2_group_vis.csv;val_3_group_co2.csv;val_3_group_vis.csv;val_5_group_co2.csv;val_5_group_tox.csv;val_5_group_vis.csv
cation,COCC[n+]1ccn(C)c1,co2,training;validation,train_2_group_co2.csv;train_3_group_co2.csv;train_4_group_co2.csv;train_5_group_co2.csv;val_1_group_co2.csv
cation,COCCn1cc[n+](C)c1,tox;vis,training;validation,train_1_group_tox.csv;train_1_group_vis.csv;train_2_group_tox.csv;train_2_group_vis.csv;train_3_group_tox.csv;train_3_group_vis.csv;train_4_group_tox.csv;train_4_group_vis.csv;train_5_group_tox.csv;train_5_group_vis.csv;val_1_group_vis.csv;val_2_group_tox.csv;val_2_group_vis.csv;val_4_group_tox.csv;val_5_group_vis.csv
cation,COC[N+]1(C)CCCC1,co2;vis,training;validation,train_1_group_co2.csv;train_1_group_vis.csv;train_2_group_vis.csv;train_3_group_co2.csv;train_3_group_vis.csv;train_4_group_co2.csv;train_5_group_co2.csv;train_5_group_vis.csv;val_2_group_co2.csv;val_4_group_vis.csv
cation,COC[n+]1ccccc1,vis,training;validation,train_1_group_vis.csv;train_2_group_vis.csv;train_4_group_vis.csv;train_5_group_vis.csv;val_3_group_vis.csv
cation,COCn1cc[n+](C)c1,vis,training;validation,train_1_group_vis.csv;train_2_group_vis.csv;train_3_group_vis.csv;train_4_group_vis.csv;val_5_group_vis.csv
cation,COc1ccc(-[n+]2c(C)cc(C)n2C)cc1,vis,training;validation,train_2_group_vis.csv;train_3_group_vis.csv;train_4_group_vis.csv;train_5_group_vis.csv;val_1_group_vis.csv
cation,C[N+](C)(C)C,tox,training;validation,train_1_group_tox.csv;train_3_group_tox.csv;train_4_group_tox.csv;train_5_group_tox.csv;val_2_group_tox.csv
cation,C[N+](C)(C)CCCC(=O)O,vis,training;validation,train_2_group_vis.csv;train_3_group_vis.csv;train_4_group_vis.csv;train_5_group_vis.csv;val_1_group_vis.csv
cation,C[N+](C)(C)CCC[N+]1(C)CCCCC1,vis,training;validation,train_1_group_vis.csv;train_2_group_vis.csv;train_4_group_vis.csv;train_5_group_vis.csv;val_3_group_vis.csv
cation,C[N+](C)(C)CCC[n+]1ccccc1,vis,training;validation,train_1_group_vis.csv;train_2_group_vis.csv;train_3_group_vis.csv;train_5_group_vis.csv;val_4_group_vis.csv
cation,C[N+](C)(C)CCO,co2;tox;vis,test;training;validation,test_group_vis.csv;train_1_group_co2.csv;train_1_group_tox.csv;train_1_group_vis.csv;train_2_group_co2.csv;train_2_group_tox.csv;train_2_group_vis.csv;train_3_group_co2.csv;train_3_group_tox.csv;train_3_group_vis.csv;train_4_group_co2.csv;train_4_group_tox.csv;train_4_group_vis.csv;train_5_group_tox.csv;train_5_group_vis.csv;val_1_group_tox.csv;val_1_group_vis.csv;val_3_group_tox.csv;val_3_group_vis.csv;val_4_group_vis.csv;val_5_group_co2.csv;val_5_group_vis.csv
cation,C[N+](C)(CCCS(=O)(=O)O)C1CCCCC1,vis,training;validation,train_2_group_vis.csv;train_3_group_vis.csv;train_4_group_vis.csv;train_5_group_vis.csv;val_1_group_vis.csv
cation,C[N+](C)(CCO)CCCNC(=O)C(O)C(O)C(O)C(O)CO,vis,training;validation,train_1_group_vis.csv;train_3_group_vis.csv;train_4_group_vis.csv;train_5_group_vis.csv;val_2_group_vis.csv
cation,C[N+](C)=CCl,vis,training;validation,train_1_group_vis.csv;train_2_group_vis.csv;train_4_group_vis.csv;train_5_group_vis.csv;val_3_group_vis.csv
cation,C[N+](CCO)(CCO)CCO,co2;vis,test;training;validation,test_group_vis.csv;train_2_group_co2.csv;train_3_group_co2.csv;train_4_group_co2.csv;train_5_group_co2.csv;val_1_group_co2.csv
cation,C[N+]1(C#N)CCOCC1,tox,training;validation,train_1_group_tox.csv;train_2_group_tox.csv;train_3_group_tox.csv;train_4_group_tox.csv;val_5_group_tox.csv
cation,C[N+]1(CC#N)CCCC1,tox,training;validation,train_1_group_tox.csv;train_2_group_tox.csv;train_3_group_tox.csv;train_4_group_tox.csv;train_5_group_tox.csv;val_2_group_tox.csv;val_4_group_tox.csv
cation,C[N+]1(CC#N)CCCCC1,tox,training;validation,train_1_group_tox.csv;train_2_group_tox.csv;train_4_group_tox.csv;train_5_group_tox.csv;val_3_group_tox.csv
cation,C[N+]1(CC#N)CCOCC1,tox,training;validation,train_2_group_tox.csv;train_3_group_tox.csv;train_4_group_tox.csv;train_5_group_tox.csv;val_1_group_tox.csv
cation,C[N+]1(CCCC#N)CCOCC1,vis,test,test_group_vis.csv
cation,C[N+]1(CCCO)CCCC1,tox,test;training;validation,test_group_tox.csv;train_2_group_tox.csv;train_3_group_tox.csv;train_4_group_tox.csv;train_5_group_tox.csv;val_1_group_tox.csv
cation,C[N+]1(CCCO)CCCCC1,tox,training;validation,train_1_group_tox.csv;train_2_group_tox.csv;train_3_group_tox.csv;train_4_group_tox.csv;train_5_group_tox.csv;val_2_group_tox.csv;val_5_group_tox.csv
cation,C[N+]1(CCCO)CCOCC1,tox;vis,training;validation,train_1_group_tox.csv;train_1_group_vis.csv;train_2_group_tox.csv;train_2_group_vis.csv;train_3_group_tox.csv;train_3_group_vis.csv;train_4_group_tox.csv;train_4_group_vis.csv;train_5_group_tox.csv;train_5_group_vis.csv;val_1_group_tox.csv;val_3_group_vis.csv;val_5_group_tox.csv;val_5_group_vis.csv
cation,C[N+]1(CCO)CCCC1,tox;vis,test;training;validation,test_group_tox.csv;train_1_group_tox.csv;train_1_group_vis.csv;train_3_group_tox.csv;train_3_group_vis.csv;train_4_group_tox.csv;train_4_group_vis.csv;train_5_group_tox.csv;train_5_group_vis.csv;val_2_group_tox.csv;val_2_group_vis.csv
cation,C[N+]1(CCO)CCCCC1,tox,test;training;validation,test_group_tox.csv;train_1_group_tox.csv;train_2_group_tox.csv;train_3_group_tox.csv;train_5_group_tox.csv;val_4_group_tox.csv
cation,C[N+]1(CCO)CCOCC1,tox,test;training;validation,test_group_tox.csv;train_1_group_tox.csv;train_2_group_tox.csv;train_3_group_tox.csv;train_5_group_tox.csv;val_4_group_tox.csv
cation,C[N+]1(CCOC(=O)C(O)(c2ccccc2)c2ccccc2)CCCC1,vis,training;validation,train_1_group_vis.csv;train_2_group_vis.csv;train_4_group_vis.csv;train_5_group_vis.csv;val_3_group_vis.csv
cation,C[N+]1(CCOCCOCCOCCOCC[N+]2(C)CCCC2)CCCC1,vis,training;validation,train_1_group_vis.csv;train_3_group_vis.csv;train_4_group_vis.csv;train_5_group_vis.csv;val_2_group_vis.csv
cation,C[N+]1(CCOCCOCCOCC[N+]2(C)CCCC2)CCCC1,vis,training;validation,train_1_group_vis.csv;train_2_group_vis.csv;train_4_group_vis.csv;train_5_group_vis.csv;val_3_group_vis.csv
cation,C[N+]1(CCOCCOCC[N+]2(C)CCCC2)CCCC1,vis,training;validation,train_2_group_vis.csv;train_3_group_vis.csv;train_4_group_vis.csv;train_5_group_vis.csv;val_1_group_vis.csv
cation,C[N+]1(Cc2ccccc2)CCOCC1,tox,test;training;validation,test_group_tox.csv;train_1_group_tox.csv;train_2_group_tox.csv;train_3_group_tox.csv;train_4_group_tox.csv;train_5_group_tox.csv;val_1_group_tox.csv;val_2_group_tox.csv;val_3_group_tox.csv;val_4_group_tox.csv;val_5_group_tox.csv
cation,C[NH+](C)C,vis,training;validation,train_1_group_vis.csv;train_2_group_vis.csv;train_3_group_vis.csv;train_4_group_vis.csv;train_5_group_vis.csv;val_1_group_vis.csv;val_2_group_vis.csv
cation,C[NH+](C)CCO,tox,training;validation,train_1_group_tox.csv;train_2_group_tox.csv;train_3_group_tox.csv;train_4_group_tox.csv;train_5_group_tox.csv;val_1_group_tox.csv;val_2_group_tox.csv
cation,C[NH+](CCO)CCO,co2;vis,test;training;validation,test_group_vis.csv;train_1_group_co2.csv;train_1_group_vis.csv;train_2_group_co2.csv;train_2_group_vis.csv;train_3_group_co2.csv;train_3_group_vis.csv;train_5_group_co2.csv;train_5_group_vis.csv;val_4_group_co2.csv;val_4_group_vis.csv
cation,C[NH+]1C=CN(CCC(F)(F)C(F)(F)C(F)(F)C(F)(F)F)C1,co2,training;validation,train_2_group_co2.csv;train_3_group_co2.csv;train_4_group_co2.csv;train_5_group_co2.csv;val_1_group_co2.csv
cation,C[NH+]1C=CN(CCCO)C1,co2,training;validation,train_1_group_co2.csv;train_2_group_co2.csv;train_4_group_co2.csv;train_5_group_co2.csv;val_3_group_co2.csv
cation,C[NH+]1C=CN=C1,tox;vis,test;training;validation,test_group_tox.csv;train_1_group_vis.csv;train_2_group_vis.csv;train_4_group_vis.csv;train_5_group_vis.csv;val_3_group_vis.csv
cation,C[NH+]1CCCC1=O,co2;vis,test;training;validation,test_group_co2.csv;test_group_vis.csv;train_1_group_vis.csv;train_2_group_vis.csv;train_3_group_vis.csv;train_4_group_vis.csv;train_5_group_vis.csv;val_2_group_vis.csv;val_3_group_vis.csv;val_4_group_vis.csv;val_5_group_vis.csv
cation,C[NH2+]CCO,co2;vis,training;validation,train_1_group_co2.csv;train_1_group_vis.csv;train_2_group_vis.csv;train_3_group_co2.csv;train_3_group_vis.csv;train_4_group_co2.csv;train_4_group_vis.csv;train_5_group_co2.csv;train_5_group_vis.csv;val_1_group_vis.csv;val_2_group_co2.csv;val_3_group_vis.csv;val_4_group_vis.csv;val_5_group_vis.csv
cation,C[NH3+],vis,training;validation,train_1_group_vis.csv;train_3_group_vis.csv;train_4_group_vis.csv;train_5_group_vis.csv;val_2_group_vis.csv
cation,C[n+]1cc[nH]c1,vis,training;validation,train_1_group_vis.csv;train_3_group_vis.csv;train_4_group_vis.csv;train_5_group_vis.csv;val_2_group_vis.csv
cation,C[n+]1ccccc1,vis,training;validation,train_1_group_vis.csv;train_2_group_vis.csv;train_3_group_vis.csv;train_4_group_vis.csv;val_5_group_vis.csv
cation,C[n+]1ccn(CC#N)c1,tox,training;validation,train_1_group_tox.csv;train_3_group_tox.csv;train_4_group_tox.csv;train_5_group_tox.csv;val_2_group_tox.csv
cation,C[n+]1ccn(CC(F)(F)F)c1,vis,test,test_group_vis.csv
cation,C[n+]1ccn(CCC(F)(F)C(F)(F)C(F)(F)C(F)(F)C(F)(F)C(F)(F)F)c1,co2;tox,training;validation,train_1_group_co2.csv;train_2_group_co2.csv;train_2_group_tox.csv;train_3_group_co2.csv;train_3_group_tox.csv;train_4_group_tox.csv;train_5_group_co2.csv;train_5_group_tox.csv;val_1_group_tox.csv;val_4_group_co2.csv
cation,C[n+]1ccn(CCCC#N)c1,vis,training;validation,train_1_group_vis.csv;train_2_group_vis.csv;train_3_group_vis.csv;train_4_group_vis.csv;val_5_group_vis.csv
cation,C[n+]1ccn(CCCC(=O)O)c1,tox,training;validation,train_1_group_tox.csv;train_2_group_tox.csv;train_4_group_tox.csv;train_5_group_tox.csv;val_3_group_tox.csv
cation,C[n+]1ccn(CCCCC#N)c1,vis,training;validation,train_2_group_vis.csv;train_3_group_vis.csv;train_4_group_vis.csv;train_5_group_vis.csv;val_1_group_vis.csv
cation,C[n+]1ccn(CCCCCCCC(=O)O)c1,tox,training;validation,train_1_group_tox.csv;train_2_group_tox.csv;train_3_group_tox.csv;train_5_group_tox.csv;val_4_group_tox.csv
cation,C[n+]1ccn(CCCCCCCCO)c1,tox,training;validation,train_1_group_tox.csv;train_2_group_tox.csv;train_3_group_tox.csv;train_4_group_tox.csv;val_5_group_tox.csv
cation,C[n+]1ccn(CCCCCn2cc[n+](C)c2)c1,vis,training;validation,train_1_group_vis.csv;train_2_group_vis.csv;train_3_group_vis.csv;train_4_group_vis.csv;val_5_group_vis.csv
cation,C[n+]1ccn(CCCCO)c1,tox,training;validation,train_1_group_tox.csv;train_2_group_tox.csv;train_3_group_tox.csv;train_4_group_tox.csv;val_5_group_tox.csv
cation,C[n+]1ccn(CCCCS(=O)(=O)O)c1,co2,training;validation,train_1_group_co2.csv;train_2_group_co2.csv;train_3_group_co2.csv;train_4_group_co2.csv;train_5_group_co2.csv;val_3_group_co2.csv;val_5_group_co2.csv
cation,C[n+]1ccn(CCCCn2cc[n+](C)c2)c1,vis,training;validation,train_1_group_vis.csv;train_3_group_vis.csv;train_4_group_vis.csv;train_5_group_vis.csv;val_2_group_vis.csv
cation,C[n+]1ccn(CCCO)c1,tox,test;training;validation,test_group_tox.csv;train_1_group_tox.csv;train_3_group_tox.csv;train_4_group_tox.csv;train_5_group_tox.csv;val_2_group_tox.csv
cation,C[n+]1ccn(CCCl)c1,vis,training;validation,train_1_group_vis.csv;train_2_group_vis.csv;train_3_group_vis.csv;train_5_group_vis.csv;val_4_group_vis.csv
cation,C[n+]1ccn(CCO)c1,co2;tox;vis,training;validation,train_1_group_co2.csv;train_1_group_tox.csv;train_1_group_vis.csv;train_2_group_co2.csv;train_2_group_tox.csv;train_2_group_vis.csv;train_3_group_co2.csv;train_3_group_tox.csv;train_3_group_vis.csv;train_4_group_co2.csv;train_4_group_tox.csv;train_4_group_vis.csv;train_5_group_co2.csv;train_5_group_tox.csv;train_5_group_vis.csv;val_1_group_tox.csv;val_1_group_vis.csv;val_2_group_co2.csv;val_2_group_vis.csv;val_3_group_co2.csv;val_3_group_tox.csv;val_3_group_vis.csv;val_4_group_vis.csv;val_5_group_vis.csv
cation,C[n+]1ccn(CCc2ccccc2)c1,tox,test,test_group_tox.csv
cation,C[n+]1ccn(Cc2ccccc2)c1,tox;vis,training;validation,train_1_group_tox.csv;train_1_group_vis.csv;train_2_group_tox.csv;train_2_group_vis.csv;train_3_group_tox.csv;train_3_group_vis.csv;train_4_group_tox.csv;train_4_group_vis.csv;train_5_group_tox.csv;train_5_group_vis.csv;val_2_group_tox.csv;val_2_group_vis.csv;val_4_group_tox.csv;val_4_group_vis.csv
cation,C[n+]1cn(CCCCS(=O)(=O)O)c2ccccc21,vis,training;validation,train_1_group_vis.csv;train_2_group_vis.csv;train_3_group_vis.csv;train_5_group_vis.csv;val_4_group_vis.csv
cation,Cc1c(CCO)sc[n+]1Cc1ccccc1,vis,training;validation,train_1_group_vis.csv;train_2_group_vis.csv;train_3_group_vis.csv;train_4_group_vis.csv;val_5_group_vis.csv
cation,Cc1cc(C)[n+](-c2ccc(Cl)cc2)n1C,vis,test,test_group_vis.csv
cation,Cc1cc(C)[n+](-c2ccccc2)n1C,vis,test,test_group_vis.csv
cation,Cc1ccc(-[n+]2c(C)cc(C)n2C)cc1,vis,training;validation,train_1_group_vis.csv;train_2_group_vis.csv;train_4_group_vis.csv;train_5_group_vis.csv;val_3_group_vis.csv
cation,Cc1ccc(CN2C=C[NH+](C)C2)cc1,tox,training;validation,train_2_group_tox.csv;train_3_group_tox.csv;train_4_group_tox.csv;train_5_group_tox.csv;val_1_group_tox.csv
cation,Cc1ccc(Cn2cc[n+](C)c2)cc1,tox,test;training;validation,test_group_tox.csv;train_1_group_tox.csv;train_2_group_tox.csv;train_3_group_tox.csv;train_4_group_tox.csv;train_5_group_tox.csv;val_1_group_tox.csv;val_3_group_tox.csv
cation,Cc1ccc[n+](C)c1,vis,training;validation,train_1_group_vis.csv;train_3_group_vis.csv;train_4_group_vis.csv;train_5_group_vis.csv;val_2_group_vis.csv
cation,Cc1ccc[n+](CC(C)C)c1,vis,training;validation,train_1_group_vis.csv;train_3_group_vis.csv;train_4_group_vis.csv;train_5_group_vis.csv;val_2_group_vis.csv
cation,Cc1cccc[n+]1C,vis,training;validation,train_2_group_vis.csv;train_3_group_vis.csv;train_4_group_vis.csv;train_5_group_vis.csv;val_1_group_vis.csv
cation,Cc1cccc[nH+]1,vis,training;validation,train_1_group_vis.csv;train_2_group_vis.csv;train_3_group_vis.csv;train_4_group_vis.csv;train_5_group_vis.csv;val_1_group_vis.csv;val_2_group_vis.csv
cation,Cc1ccccc1-[n+]1ccc(C)n1C,vis,training;validation,train_1_group_vis.csv;train_2_group_vis.csv;train_4_group_vis.csv;train_5_group_vis.csv;val_3_group_vis.csv
cation,Cc1ncc[nH+]n1,vis,test,test_group_vis.csv
cation,Cn1cc[n+](C)c1,co2;vis,training;validation,train_1_group_co2.csv;train_1_group_vis.csv;train_2_group_co2.csv;train_2_group_vis.csv;train_3_group_co2.csv;train_3_group_vis.csv;train_4_group_co2.csv;train_4_group_vis.csv;train_5_group_co2.csv;train_5_group_vis.csv;val_1_group_vis.csv;val_2_group_vis.csv;val_3_group_co2.csv;val_3_group_vis.csv;val_4_group_co2.csv;val_5_group_vis.csv
cation,Cn1cc[n+](C)c1Cl,vis,training;validation,train_1_group_vis.csv;train_2_group_vis.csv;train_3_group_vis.csv;train_4_group_vis.csv;val_5_group_vis.csv
cation,Cn1cc[n+](CC#N)c1,vis,test,test_group_vis.csv
cation,Cn1cc[n+](CC(CBr)N=[N+]=[N-])c1,vis,training;validation,train_2_group_vis.csv;train_3_group_vis.csv;train_4_group_vis.csv;train_5_group_vis.csv;val_1_group_vis.csv
cation,Cn1cc[n+](CCCC#N)c1,vis,training;validation,train_1_group_vis.csv;train_2_group_vis.csv;train_3_group_vis.csv;train_4_group_vis.csv;train_5_group_vis.csv;val_4_group_vis.csv;val_5_group_vis.csv
cation,Cn1cc[n+](CCCCCCO)c1,vis,training;validation,train_1_group_vis.csv;train_2_group_vis.csv;train_4_group_vis.csv;train_5_group_vis.csv;val_3_group_vis.csv
cation,Cn1cc[n+](CCCCS(=O)(=O)O)c1,vis,test,test_group_vis.csv
cation,Cn1cc[n+](CCCO)c1,co2;tox,training;validation,train_1_group_co2.csv;train_1_group_tox.csv;train_2_group_co2.csv;train_2_group_tox.csv;train_3_group_co2.csv;train_4_group_co2.csv;train_4_group_tox.csv;train_5_group_tox.csv;val_3_group_tox.csv;val_5_group_co2.csv
cation,Cn1cc[n+](CCCS(=O)(=O)O)c1,vis,training;validation,train_1_group_vis.csv;train_2_group_vis.csv;train_3_group_vis.csv;train_4_group_vis.csv;train_5_group_vis.csv;val_1_group_vis.csv;val_2_group_vis.csv
cation,Cn1cc[n+](CCC[n+]2ccn(C)c2)c1,vis,training;validation,train_1_group_vis.csv;train_2_group_vis.csv;train_3_group_vis.csv;train_4_group_vis.csv;val_5_group_vis.csv
cation,Cn1cc[n+](CCCc2ccccc2)c1,vis,training;validation,train_1_group_vis.csv;train_2_group_vis.csv;train_3_group_vis.csv;train_4_group_vis.csv;train_5_group_vis.csv;val_3_group_vis.csv;val_4_group_vis.csv
cation,Cn1cc[n+](CCO)c1,co2;tox;vis,test;training;validation,test_group_tox.csv;train_1_group_vis.csv;train_2_group_co2.csv;train_2_group_vis.csv;train_3_group_co2.csv;train_3_group_vis.csv;train_4_group_co2.csv;train_4_group_vis.csv;train_5_group_co2.csv;train_5_group_vis.csv;val_1_group_co2.csv;val_2_group_vis.csv;val_3_group_vis.csv
cation,Cn1cc[n+](CCc2ccccc2)c1,vis,training;validation,train_1_group_vis.csv;train_2_group_vis.csv;train_3_group_vis.csv;train_4_group_vis.csv;val_5_group_vis.csv
cation,Cn1cc[n+](Cc2ccccc2)c1,co2,test;training;validation,test_group_co2.csv;train_1_group_co2.csv;train_2_group_co2.csv;train_3_group_co2.csv;train_5_group_co2.csv;val_4_group_co2.csv
cation,N#CCC[NH+]1C=CN=C1,vis,training;validation,train_1_group_vis.csv;train_2_group_vis.csv;train_3_group_vis.csv;train_4_group_vis.csv;train_5_group_vis.csv;val_1_group_vis.csv;val_2_group_vis.csv;val_4_group_vis.csv;val_5_group_vis.csv
cation,N#CCCn1cc[n+](CCO)c1,vis,training;validation,train_1_group_vis.csv;train_2_group_vis.csv;train_3_group_vis.csv;train_4_group_vis.csv;train_5_group_vis.csv;val_1_group_vis.csv;val_4_group_vis.csv
cation,N#CCCn1cc[n+](Cc2ccccc2)c1,vis,training;validation,train_1_group_vis.csv;train_2_group_vis.csv;train_3_group_vis.csv;train_4_group_vis.csv;train_5_group_vis.csv;val_3_group_vis.csv;val_4_group_vis.csv
cation,N#CC[n+]1ccccc1,tox,training;validation,train_1_group_tox.csv;train_2_group_tox.csv;train_3_group_tox.csv;train_5_group_tox.csv;val_4_group_tox.csv
cation,NCCN1C=CCC=C1,tox,training;validation,train_1_group_tox.csv;train_2_group_tox.csv;train_4_group_tox.csv;train_5_group_tox.csv;val_3_group_tox.csv
cation,NCCO,vis,training;validation,train_1_group_vis.csv;train_2_group_vis.csv;train_3_group_vis.csv;train_5_group_vis.csv;val_4_group_vis.csv
cation,O=S(=O)(NS(=O)(=O)C(F)(F)F)C(F)(F)F,tox,test,test_group_tox.csv
cation,O=S(=O)(O)CCC[n+]1ccccc1,tox,training;validation,train_1_group_tox.csv;train_2_group_tox.csv;train_3_group_tox.csv;train_5_group_tox.csv;val_4_group_tox.csv
cation,O=S(=O)([O-])C(F)(F)C(F)(F)C(F)(F)C(F)(F)F,vis,training;validation,train_1_group_vis.csv;train_2_group_vis.csv;train_3_group_vis.csv;train_5_group_vis.csv;val_4_group_vis.csv
cation,OCCCCCC[NH+]1C=CN=C1,vis,training;validation,train_1_group_vis.csv;train_3_group_vis.csv;train_4_group_vis.csv;train_5_group_vis.csv;val_2_group_vis.csv
cation,OCCC[n+]1ccccc1,tox;vis,training;validation,train_2_group_tox.csv;train_2_group_vis.csv;train_3_group_tox.csv;train_3_group_vis.csv;train_4_group_tox.csv;train_4_group_vis.csv;train_5_group_tox.csv;train_5_group_vis.csv;val_1_group_tox.csv;val_1_group_vis.csv
cation,OCC[NH+](CCO)CCO,tox,training;validation,train_1_group_tox.csv;train_2_group_tox.csv;train_3_group_tox.csv;train_4_group_tox.csv;train_5_group_tox.csv;val_2_group_tox.csv;val_3_group_tox.csv
cation,OCC[NH2+]CCO,tox;vis,training;validation,train_1_group_tox.csv;train_1_group_vis.csv;train_2_group_tox.csv;train_2_group_vis.csv;train_3_group_tox.csv;train_3_group_vis.csv;train_4_group_tox.csv;train_5_group_tox.csv;train_5_group_vis.csv;val_1_group_tox.csv;val_2_group_tox.csv;val_3_group_tox.csv;val_4_group_vis.csv
cation,OCC[NH2+]c1ccccc1,vis,training;validation,train_1_group_vis.csv;train_2_group_vis.csv;train_3_group_vis.csv;train_4_group_vis.csv;train_5_group_vis.csv;val_1_group_vis.csv;val_3_group_vis.csv;val_4_group_vis.csv
cation,OCC[n+]1ccccc1,co2;tox;vis,training;validation,train_1_group_tox.csv;train_1_group_vis.csv;train_2_group_co2.csv;train_2_group_tox.csv;train_2_group_vis.csv;train_3_group_co2.csv;train_3_group_tox.csv;train_3_group_vis.csv;train_4_group_co2.csv;train_4_group_tox.csv;train_4_group_vis.csv;train_5_group_co2.csv;train_5_group_tox.csv;train_5_group_vis.csv;val_1_group_co2.csv;val_2_group_vis.csv;val_4_group_tox.csv;val_5_group_tox.csv;val_5_group_vis.csv
cation,[Li+],vis,test,test_group_vis.csv
cation,[NH3+]CCCO,tox,training;validation,train_1_group_tox.csv;train_2_group_tox.csv;train_3_group_tox.csv;train_4_group_tox.csv;train_5_group_tox.csv;val_2_group_tox.csv;val_3_group_tox.csv
cation,[NH3+]CCO,co2;tox;vis,training;validation,train_1_group_co2.csv;train_1_group_tox.csv;train_1_group_vis.csv;train_2_group_co2.csv;train_2_group_tox.csv;train_2_group_vis.csv;train_3_group_co2.csv;train_3_group_tox.csv;train_3_group_vis.csv;train_4_group_vis.csv;train_5_group_co2.csv;train_5_group_tox.csv;train_5_group_vis.csv;val_1_group_vis.csv;val_2_group_vis.csv;val_4_group_co2.csv;val_4_group_tox.csv;val_4_group_vis.csv
cation,[NH3+]CNCCO,vis,training;validation,train_1_group_vis.csv;train_3_group_vis.csv;train_4_group_vis.csv;train_5_group_vis.csv;val_2_group_vis.csv
cation,c1ccc(C[n+]2ccccc2)cc1,co2,training;validation,train_2_group_co2.csv;train_3_group_co2.csv;train_4_group_co2.csv;train_5_group_co2.csv;val_1_group_co2.csv
