smiles,type,family,mw,source_properties,source_split_roles,source_files
C1CC[NH2+]C1,cation,pyrrolidinium,72.131,vis,train;val,train_1_group_vis.csv;train_2_group_vis.csv;train_3_group_vis.csv;train_5_group_vis.csv;val_4_group_vis.csv
C=CCN1C=C[NH+](CCC#N)C1,cation,other N-heterocycle,164.23199999999997,vis,train;val,train_1_group_vis.csv;train_3_group_vis.csv;train_4_group_vis.csv;train_5_group_vis.csv;val_2_group_vis.csv
C=CC[N+](C)(C)CC,cation,ammonium,114.21199999999999,vis,train;val,train_1_group_vis.csv;train_2_group_vis.csv;train_3_group_vis.csv;train_4_group_vis.csv;train_5_group_vis.csv;val_1_group_vis.csv;val_2_group_vis.csv;val_3_group_vis.csv
C=CC[NH+](C)C,cation,ammonium,86.15799999999999,vis,train;val,train_1_group_vis.csv;train_2_group_vis.csv;train_4_group_vis.csv;train_5_group_vis.csv;val_3_group_vis.csv
C=CC[NH+](C)CC=C,cation,ammonium,112.19599999999998,vis,train;val,train_2_group_vis.csv;train_3_group_vis.csv;train_4_group_vis.csv;train_5_group_vis.csv;val_1_group_vis.csv
C=CC[NH+](CC)CC,cation,ammonium,114.21199999999999,vis,test,test_group_vis.csv
C=CC[NH+]1C=CN(C)C1,cation,other N-heterocycle,125.19499999999998,co2,train;val,train_1_group_co2.csv;train_2_group_co2.csv;train_3_group_co2.csv;train_5_group_co2.csv;val_4_group_co2.csv
C=CC[n+]1ccn(C)c1,cation,imidazolium,123.17899999999997,co2,test;train;val,test_group_co2.csv;train_1_group_co2.csv;train_2_group_co2.csv;train_3_group_co2.csv;train_5_group_co2.csv;val_4_group_co2.csv
C=CC[n+]1ccn(CCC#N)c1,cation,imidazolium,162.216,vis,train;val,train_1_group_vis.csv;train_2_group_vis.csv;train_3_group_vis.csv;train_4_group_vis.csv;val_5_group_vis.csv
C=CCn1cc[n+](C)c1,cation,imidazolium,123.17899999999997,vis,train;val,train_1_group_vis.csv;train_2_group_vis.csv;train_3_group_vis.csv;train_4_group_vis.csv;train_5_group_vis.csv;val_2_group_vis.csv;val_4_group_vis.csv;val_5_group_vis.csv
C=CCn1cc[n+](CCOC)c1,cation,imidazolium,167.232,vis,train;val,train_1_group_vis.csv;train_2_group_vis.csv;train_3_group_vis.csv;train_4_group_vis.csv;val_5_group_vis.csv
C=Cn1cc[n+](CC(N)=O)c1,cation,imidazolium,152.17700000000002,vis,train;val,train_1_group_vis.csv;train_3_group_vis.csv;train_4_group_vis.csv;train_5_group_vis.csv;val_2_group_vis.csv
CC(=O)CCn1cc[n+](C)c1,cation,imidazolium,153.205,tox,train;val,train_2_group_tox.csv;train_3_group_tox.csv;train_4_group_tox.csv;train_5_group_tox.csv;val_1_group_tox.csv
CC(=O)OCC[N+]1(C)CCCC1,cation,pyrrolidinium,172.24799999999996,tox,train;val,train_1_group_tox.csv;train_2_group_tox.csv;train_3_group_tox.csv;train_4_group_tox.csv;val_5_group_tox.csv
CC(=O)[NH+](C)C,cation,ammonium,88.13,co2;vis,train;val,train_1_group_vis.csv;train_2_group_co2.csv;train_2_group_vis.csv;train_3_group_co2.csv;train_4_group_co2.csv;train_4_group_vis.csv;train_5_group_co2.csv;train_5_group_vis.csv;val_1_group_co2.csv;val_3_group_vis.csv
CC(C(O)c1ccccc1)[N+](C)(C)C,cation,ammonium,194.29799999999997,vis,train;val,train_1_group_vis.csv;train_2_group_vis.csv;train_3_group_vis.csv;train_4_group_vis.csv;val_5_group_vis.csv
CC(C)=Cn1cc[n+](C)c1,cation,imidazolium,137.206,vis,test,test_group_vis.csv
CC(C)CCCCn1cc[n+](C)c1,cation,imidazolium,181.30300000000003,vis,train;val,train_1_group_vis.csv;train_2_group_vis.csv;train_4_group_vis.csv;train_5_group_vis.csv;val_3_group_vis.csv
CC(C)CCCn1cc[n+](C)c1,cation,imidazolium,167.27599999999998,vis,train;val,train_2_group_vis.csv;train_3_group_vis.csv;train_4_group_vis.csv;train_5_group_vis.csv;val_1_group_vis.csv
CC(C)CCn1c[n+](CCCCS(=O)(=O)O)cn1,cation,other N-heterocycle,276.38199999999995,vis,train;val,train_1_group_vis.csv;train_3_group_vis.csv;train_4_group_vis.csv;train_5_group_vis.csv;val_2_group_vis.csv
CC(C)CCn1cc[n+](C)c1,cation,imidazolium,153.249,vis,train;val,train_1_group_vis.csv;train_2_group_vis.csv;train_3_group_vis.csv;train_5_group_vis.csv;val_4_group_vis.csv
CC(C)C[N+]1(C)CCCC1,cation,pyrrolidinium,142.26599999999996,vis,train;val,train_1_group_vis.csv;train_2_group_vis.csv;train_4_group_vis.csv;train_5_group_vis.csv;val_3_group_vis.csv
CC(C)C[N+]1(C)CCCCC1,cation,piperidinium,156.29299999999995,vis,train;val,train_1_group_vis.csv;train_2_group_vis.csv;train_3_group_vis.csv;train_4_group_vis.csv;val_5_group_vis.csv
CC(C)C[NH3+],cation,ammonium,74.14699999999999,vis,test,test_group_vis.csv
CC(C)C[P+](C)(CC(C)C)CC(C)C,cation,phosphonium,217.35699999999997,co2;vis,train;val,train_1_group_co2.csv;train_1_group_vis.csv;train_2_group_co2.csv;train_3_group_vis.csv;train_4_group_co2.csv;train_4_group_vis.csv;train_5_group_co2.csv;train_5_group_vis.csv;val_2_group_vis.csv;val_3_group_co2.csv
CC(C)Cn1cc[n+](C)c1,cation,imidazolium,139.22199999999998,vis,train;val,train_1_group_vis.csv;train_3_group_vis.csv;train_4_group_vis.csv;train_5_group_vis.csv;val_2_group_vis.csv
CC(C)[n+]1ccn(C)c1,cation,imidazolium,125.19499999999998,vis,train;val,train_2_group_vis.csv;train_3_group_vis.csv;train_4_group_vis.csv;train_5_group_vis.csv;val_1_group_vis.csv
CC(O)C[NH3+],cation,ammonium,76.119,vis,train;val,train_1_group_vis.csv;train_2_group_vis.csv;train_4_group_vis.csv;train_5_group_vis.csv;val_3_group_vis.csv
CCC(=O)[NH+](C)C,cation,ammonium,102.15699999999998,co2;vis,train;val,train_1_group_co2.csv;train_1_group_vis.csv;train_2_group_vis.csv;train_3_group_co2.csv;train_3_group_vis.csv;train_4_group_co2.csv;train_5_group_co2.csv;train_5_group_vis.csv;val_2_group_co2.csv;val_4_group_vis.csv
CCC(C)C[NH3+],cation,ammonium,88.174,vis,train;val,train_1_group_vis.csv;train_2_group_vis.csv;train_3_group_vis.csv;train_5_group_vis.csv;val_4_group_vis.csv
CCC=C[P+](CC)(CC)CC,cation,phosphonium,173.25999999999996,vis,train;val,train_1_group_vis.csv;train_2_group_vis.csv;train_3_group_vis.csv;train_5_group_vis.csv;val_4_group_vis.csv
CCC=Cn1cc[n+](C)c1C,cation,imidazolium,151.23299999999998,vis,train;val,train_1_group_vis.csv;train_2_group_vis.csv;train_3_group_vis.csv;train_4_group_vis.csv;val_5_group_vis.csv
CCCC(CC)[N+](C)(C)C(=N)N(C)C,cation,ammonium,200.35,vis,train;val,train_1_group_vis.csv;train_2_group_vis.csv;train_3_group_vis.csv;train_5_group_vis.csv;val_4_group_vis.csv
CCCCC(CC)[NH2+]CCN,cation,ammonium,159.29699999999997,vis,train;val,train_1_group_vis.csv;train_2_group_vis.csv;train_3_group_vis.csv;train_4_group_vis.csv;val_5_group_vis.csv
CCCCC(CCC)[N+](C)(C)C(=N)N(C)C,cation,ammonium,228.404,vis,train;val,train_1_group_vis.csv;train_2_group_vis.csv;train_3_group_vis.csv;train_4_group_vis.csv;val_5_group_vis.csv
CCCCCCCCC=CCCCCCCCC1=[N+](CC)CCN1CCO,cation,other N-heterocycle,379.65300000000013,tox,train;val,train_1_group_tox.csv;train_2_group_tox.csv;train_4_group_tox.csv;train_5_group_tox.csv;val_3_group_tox.csv
CCCCCCCCCCCCCCCCCCn1cc[n+](C)c1,cation,imidazolium,335.5999999999999,tox;vis,train;val,train_1_group_tox.csv;train_1_group_vis.csv;train_2_group_tox.csv;train_2_group_vis.csv;train_3_group_vis.csv;train_4_group_tox.csv;train_4_group_vis.csv;train_5_group_tox.csv;val_3_group_tox.csv;val_5_group_vis.csv
CCCCCCCCCCCCCCCC[N+](C)(C)Cc1ccccc1,cation,ammonium,360.65000000000003,tox,train;val,train_2_group_tox.csv;train_3_group_tox.csv;train_4_group_tox.csv;train_5_group_tox.csv;val_1_group_tox.csv
CCCCCCCCCCCCCCCC[n+]1ccn(C)c1,cation,imidazolium,307.54599999999994,vis,test,test_group_vis.csv
CCCCCCCCCCCCCCCCn1cc[n+](C)c1,cation,imidazolium,307.54599999999994,tox,train;val,train_1_group_tox.csv;train_2_group_tox.csv;train_4_group_tox.csv;train_5_group_tox.csv;val_3_group_tox.csv
CCCCCCCCCCCCCC[N+](C)(C)Cc1ccccc1,cation,ammonium,332.59599999999995,tox,train;val,train_1_group_tox.csv;train_2_group_tox.csv;train_4_group_tox.csv;train_5_group_tox.csv;val_3_group_tox.csv
CCCCCCCCCCCCCC[N+](C)(CCOCCOCCOCCOCCOCCO)CCOCCOCCOCCOCCOCCO,cation,ammonium,757.0799999999999,vis,train;val,train_1_group_vis.csv;train_2_group_vis.csv;train_3_group_vis.csv;train_5_group_vis.csv;val_4_group_vis.csv
CCCCCCCCCCCCCC[N+](CC)(CC)CC,cation,ammonium,298.579,vis,train;val,train_1_group_vis.csv;train_2_group_vis.csv;train_4_group_vis.csv;train_5_group_vis.csv;val_3_group_vis.csv
CCCCCCCCCCCCCC[P+](CCCC)(CCCC)CCCC,cation,phosphonium,399.7080000000003,vis,train;val,train_2_group_vis.csv;train_3_group_vis.csv;train_4_group_vis.csv;train_5_group_vis.csv;val_1_group_vis.csv
CCCCCCCCCCCCCC[P+](CCCCCC)(CCCCCC)CCCCCC,cation,phosphonium,483.8700000000006,co2;tox;vis,test;train;val,test_group_tox.csv;test_group_vis.csv;train_1_group_co2.csv;train_1_group_tox.csv;train_1_group_vis.csv;train_2_group_co2.csv;train_2_group_tox.csv;train_2_group_vis.csv;train_3_group_co2.csv;train_3_group_tox.csv;train_3_group_vis.csv;train_4_group_co2.csv;train_4_group_vis.csv;train_5_group_co2.csv;train_5_group_tox.csv;train_5_group_vis.csv;val_1_group_co2.csv;val_1_group_vis.csv;val_2_group_co2.csv;val_2_group_vis.csv;val_3_group_co2.csv;val_3_group_vis.csv;val_4_group_tox.csv;val_4_group_vis.csv;val_5_group_vis.csv
CCCCCCCCCCCCCCn1cc[n+](C)c1,cation,imidazolium,279.49199999999996,vis,train;val,train_1_group_vis.csv;train_2_group_vis.csv;train_4_group_vis.csv;train_5_group_vis.csv;val_3_group_vis.csv
CCCCCCCCCCCCC[N+](C)(CCOCCO)CCOCCOCCO,cation,ammonium,434.68200000000036,co2,train;val,train_1_group_co2.csv;train_2_group_co2.csv;train_3_group_co2.csv;train_4_group_co2.csv;val_5_group_co2.csv
CCCCCCCCCCCC[N+](C)(C)Cc1ccccc1,cation,ammonium,304.542,tox,train;val,train_2_group_tox.csv;train_3_group_tox.csv;train_4_group_tox.csv;train_5_group_tox.csv;val_1_group_tox.csv
CCCCCCCCCCCC[N+](CC)(CC)CC,cation,ammonium,270.5249999999999,vis,train;val,train_1_group_vis.csv;train_2_group_vis.csv;train_3_group_vis.csv;train_5_group_vis.csv;val_4_group_vis.csv
CCCCCCCCCCCC[P+](CCCC)(CCCC)CCCC,cation,phosphonium,371.6540000000002,vis,test,test_group_vis.csv
CCCCCCCCCCCC[n+]1ccccc1,cation,pyridinium,248.434,vis,train;val,train_1_group_vis.csv;train_2_group_vis.csv;train_3_group_vis.csv;train_4_group_vis.csv;val_5_group_vis.csv
CCCCCCCCCCCCn1cc[n+](C)c1,cation,imidazolium,251.438,vis,train;val,train_1_group_vis.csv;train_2_group_vis.csv;train_3_group_vis.csv;train_4_group_vis.csv;train_5_group_vis.csv;val_3_group_vis.csv;val_5_group_vis.csv
CCCCCCCCCCCCn1cc[n+](CCCCCCCCCCCC)c1,cation,imidazolium,405.73500000000035,vis,train;val,train_1_group_vis.csv;train_3_group_vis.csv;train_4_group_vis.csv;train_5_group_vis.csv;val_2_group_vis.csv
CCCCCCCCCCCOC[n+]1cccc(O)c1,cation,pyridinium,280.43199999999996,tox,test;train;val,test_group_tox.csv;train_1_group_tox.csv;train_2_group_tox.csv;train_3_group_tox.csv;train_4_group_tox.csv;train_5_group_tox.csv;val_1_group_tox.csv;val_2_group_tox.csv
CCCCCCCCCCCn1cc[n+](C)c1,cation,imidazolium,237.411,vis,train;val,train_1_group_vis.csv;train_2_group_vis.csv;train_3_group_vis.csv;train_4_group_vis.csv;train_5_group_vis.csv;val_2_group_vis.csv;val_3_group_vis.csv
CCCCCCCCCCN1CCC[N+]2=C1CCCCC2,cation,other N-heterocycle,293.51900000000006,vis,train;val,train_2_group_vis.csv;train_3_group_vis.csv;train_4_group_vis.csv;train_5_group_vis.csv;val_1_group_vis.csv
CCCCCCCCCC[N+](C)(C)Cc1ccccc1,cation,ammonium,276.488,tox,train;val,train_1_group_tox.csv;train_2_group_tox.csv;train_4_group_tox.csv;train_5_group_tox.csv;val_3_group_tox.csv
CCCCCCCCCC[N+]1(C)CCCCC1,cation,piperidinium,240.45499999999993,vis,train;val,train_1_group_vis.csv;train_2_group_vis.csv;train_3_group_vis.csv;train_5_group_vis.csv;val_4_group_vis.csv
CCCCCCCCCC[P+](CC)(CC)CC,cation,phosphonium,259.43799999999993,vis,train;val,train_2_group_vis.csv;train_3_group_vis.csv;train_4_group_vis.csv;train_5_group_vis.csv;val_1_group_vis.csv
CCCCCCCCCC[n+]1ccccc1,cation,pyridinium,220.38000000000002,vis,test,test_group_vis.csv
CCCCCCCCCC[n+]1ccn(C)c1,cation,imidazolium,223.38400000000001,co2;vis,train;val,train_1_group_co2.csv;train_1_group_vis.csv;train_2_group_co2.csv;train_2_group_vis.csv;train_3_group_co2.csv;train_3_group_vis.csv;train_4_group_co2.csv;train_4_group_vis.csv;train_5_group_co2.csv;val_1_group_co2.csv;val_3_group_co2.csv;val_5_group_vis.csv
CCCCCCCCCC[n+]1ccn(Cc2ccc(C)cc2)c1,cation,imidazolium,313.50900000000007,vis,train;val,train_2_group_vis.csv;train_3_group_vis.csv;train_4_group_vis.csv;train_5_group_vis.csv;val_1_group_vis.csv
CCCCCCCCCCn1cc[n+](C)c1,cation,imidazolium,223.38400000000001,tox;vis,test;train;val,test_group_vis.csv;train_1_group_tox.csv;train_1_group_vis.csv;train_2_group_tox.csv;train_2_group_vis.csv;train_3_group_tox.csv;train_3_group_vis.csv;train_4_group_tox.csv;train_4_group_vis.csv;train_5_group_tox.csv;train_5_group_vis.csv;val_1_group_tox.csv;val_1_group_vis.csv;val_2_group_tox.csv;val_2_group_vis.csv;val_5_group_vis.csv
CCCCCCCCCCn1cc[n+](CC)c1,cation,imidazolium,237.411,tox;vis,train;val,train_1_group_tox.csv;train_1_group_vis.csv;train_2_group_tox.csv;train_2_group_vis.csv;train_3_group_vis.csv;train_4_group_tox.csv;train_5_group_tox.csv;train_5_group_vis.csv;val_3_group_tox.csv;val_4_group_vis.csv
CCCCCCCCCCn1cc[n+](CCC#N)c1,cation,imidazolium,262.421,vis,train;val,train_1_group_vis.csv;train_2_group_vis.csv;train_4_group_vis.csv;train_5_group_vis.csv;val_3_group_vis.csv
CCCCCCCCCCn1cc[n+](CCCCCCCCCC)c1,cation,imidazolium,349.6270000000002,vis,train;val,train_1_group_vis.csv;train_3_group_vis.csv;train_4_group_vis.csv;train_5_group_vis.csv;val_2_group_vis.csv
CCCCCCCCCCn1cc[n+](CCCCCCCCCC)c1C,cation,imidazolium,363.6540000000002,tox,train;val,train_1_group_tox.csv;train_2_group_tox.csv;train_4_group_tox.csv;train_5_group_tox.csv;val_3_group_tox.csv
CCCCCCCCC[N+]1(C)CCCCC1,cation,piperidinium,226.42799999999994,vis,test,test_group_vis.csv
CCCCCCCCC[N+]1(C)CCOCC1,cation,morpholinium,228.39999999999995,vis,train;val,train_1_group_vis.csv;train_2_group_vis.csv;train_4_group_vis.csv;train_5_group_vis.csv;val_3_group_vis.csv
CCCCCCCCC[P+](CC)(CC)CC,cation,phosphonium,245.41099999999994,vis,train;val,train_1_group_vis.csv;train_2_group_vis.csv;train_3_group_vis.csv;train_5_group_vis.csv;val_4_group_vis.csv
CCCCCCCCCn1cc[n+](C)c1,cation,imidazolium,209.35700000000003,tox;vis,train;val,train_1_group_tox.csv;train_1_group_vis.csv;train_2_group_tox.csv;train_2_group_vis.csv;train_3_group_tox.csv;train_3_group_vis.csv;train_4_group_tox.csv;train_4_group_vis.csv;train_5_group_tox.csv;val_2_group_tox.csv;val_5_group_tox.csv;val_5_group_vis.csv
CCCCCCCCCn1cc[n+](CCCCCCCCC)c1,cation,imidazolium,321.5730000000001,vis,train;val,train_1_group_vis.csv;train_2_group_vis.csv;train_3_group_vis.csv;train_4_group_vis.csv;val_5_group_vis.csv
CCCCCCCCN1C=C[NH+](C)C1,cation,other N-heterocycle,197.34600000000003,co2,test,test_group_co2.csv
CCCCCCCC[N+](C)(C)C,cation,ammonium,172.336,vis,train;val,train_1_group_vis.csv;train_2_group_vis.csv;train_3_group_vis.csv;train_4_group_vis.csv;val_5_group_vis.csv
CCCCCCCC[N+](C)(CCCCCCCC)C(C)CCCCCC,cation,ammonium,368.71400000000017,vis,train;val,train_1_group_vis.csv;train_2_group_vis.csv;train_4_group_vis.csv;train_5_group_vis.csv;val_3_group_vis.csv
CCCCCCCC[N+](C)(CCCCCCCC)C(CC)CCCCC,cation,ammonium,368.71400000000017,vis,train;val,train_1_group_vis.csv;train_2_group_vis.csv;train_3_group_vis.csv;train_5_group_vis.csv;val_4_group_vis.csv
CCCCCCCC[N+](C)(CCCCCCCC)C(CCC)CCCC,cation,ammonium,368.71400000000017,vis,test,test_group_vis.csv
CCCCCCCC[N+](C)(CCCCCCCC)CCCCCCCC,cation,ammonium,368.7140000000002,co2;vis,test;train;val,test_group_vis.csv;train_1_group_co2.csv;train_1_group_vis.csv;train_2_group_co2.csv;train_2_group_vis.csv;train_3_group_co2.csv;train_3_group_vis.csv;train_4_group_co2.csv;train_4_group_vis.csv;train_5_group_co2.csv;train_5_group_vis.csv;val_1_group_co2.csv;val_2_group_co2.csv;val_3_group_vis.csv;val_4_group_vis.csv;val_5_group_vis.csv
CCCCCCCC[N+](CC)(CC)CC,cation,ammonium,214.41699999999997,vis,train;val,train_1_group_vis.csv;train_2_group_vis.csv;train_3_group_vis.csv;train_4_group_vis.csv;train_5_group_vis.csv;val_3_group_vis.csv;val_4_group_vis.csv
CCCCCCCC[N+](CCCCCCCC)(CCCCCCCC)CCCCCCCC,cation,ammonium,466.90300000000053,vis,train;val,train_1_group_vis.csv;train_2_group_vis.csv;train_4_group_vis.csv;train_5_group_vis.csv;val_3_group_vis.csv
CCCCCCCC[N+]1(C)CCCC1,cation,pyrrolidinium,198.37399999999997,co2;tox;vis,train;val,train_1_group_co2.csv;train_1_group_tox.csv;train_1_group_vis.csv;train_2_group_co2.csv;train_2_group_tox.csv;train_2_group_vis.csv;train_3_group_tox.csv;train_4_group_co2.csv;train_4_group_tox.csv;train_4_group_vis.csv;train_5_group_co2.csv;train_5_group_tox.csv;train_5_group_vis.csv;val_1_group_tox.csv;val_3_group_co2.csv;val_3_group_vis.csv;val_4_group_tox.csv
CCCCCCCC[N+]1(C)CCCCC1,cation,piperidinium,212.40099999999995,vis,train;val,train_1_group_vis.csv;train_2_group_vis.csv;train_3_group_vis.csv;train_4_group_vis.csv;val_5_group_vis.csv
CCCCCCCC[N+]1(C)CCOCC1,cation,morpholinium,214.37299999999996,vis,train;val,train_1_group_vis.csv;train_2_group_vis.csv;train_3_group_vis.csv;train_4_group_vis.csv;train_5_group_vis.csv;val_3_group_vis.csv;val_4_group_vis.csv;val_5_group_vis.csv
CCCCCCCC[NH+](CCCCCCCC)CCCCCCCC,cation,ammonium,354.6870000000002,vis,train;val,train_1_group_vis.csv;train_2_group_vis.csv;train_3_group_vis.csv;train_4_group_vis.csv;train_5_group_vis.csv;val_3_group_vis.csv;val_5_group_vis.csv
CCCCCCCC[NH+]1C=CN(C)C1C,cation,other N-heterocycle,211.37300000000002,co2,train;val,train_1_group_co2.csv;train_2_group_co2.csv;train_3_group_co2.csv;train_4_group_co2.csv;val_5_group_co2.csv
CCCCCCCC[P+](CC)(CC)CC,cation,phosphonium,231.38399999999996,vis,test;train;val,test_group_vis.csv;train_1_group_vis.csv;train_2_group_vis.csv;train_3_group_vis.csv;train_4_group_vis.csv;train_5_group_vis.csv;val_1_group_vis.csv;val_2_group_vis.csv;val_3_group_vis.csv;val_4_group_vis.csv;val_5_group_vis.csv
CCCCCCCC[P+](CCCC)(CCCC)CCCC,cation,phosphonium,315.54600000000005,vis,train;val,train_1_group_vis.csv;train_2_group_vis.csv;train_3_group_vis.csv;train_4_group_vis.csv;train_5_group_vis.csv;val_1_group_vis.csv;val_5_group_vis.csv
CCCCCCCC[P+](CCCCCCCC)(CCCCCCCC)CCCCCCCC,cation,phosphonium,483.8700000000006,vis,test;train;val,test_group_vis.csv;train_2_group_vis.csv;train_3_group_vis.csv;train_4_group_vis.csv;train_5_group_vis.csv;val_1_group_vis.csv
CCCCCCCC[n+]1cc(C)cc(C)c1,cation,pyridinium,220.38000000000002,vis,train;val,train_1_group_vis.csv;train_2_group_vis.csv;train_4_group_vis.csv;train_5_group_vis.csv;val_3_group_vis.csv
CCCCCCCC[n+]1ccc(C)cc1,cation,pyridinium,206.35300000000004,tox,train;val,train_1_group_tox.csv;train_2_group_tox.csv;train_3_group_tox.csv;train_4_group_tox.csv;train_5_group_tox.csv;val_3_group_tox.csv;val_5_group_tox.csv
CCCCCCCC[n+]1ccc(N(C)C)cc1,cation,pyridinium,235.39500000000004,vis,train;val,train_1_group_vis.csv;train_2_group_vis.csv;train_3_group_vis.csv;train_4_group_vis.csv;val_5_group_vis.csv
CCCCCCCC[n+]1ccc2ccccc2c1,cation,pyridinium,242.38600000000005,vis,train;val,train_1_group_vis.csv;train_2_group_vis.csv;train_3_group_vis.csv;train_5_group_vis.csv;val_4_group_vis.csv
CCCCCCCC[n+]1cccc(C)c1,cation,pyridinium,206.35300000000004,tox;vis,test;train;val,test_group_vis.csv;train_1_group_tox.csv;train_2_group_tox.csv;train_3_group_tox.csv;train_4_group_tox.csv;val_5_group_tox.csv
CCCCCCCC[n+]1cccc(C)c1C,cation,pyridinium,220.38000000000002,vis,train;val,train_2_group_vis.csv;train_3_group_vis.csv;train_4_group_vis.csv;train_5_group_vis.csv;val_1_group_vis.csv
CCCCCCCC[n+]1cccc2ccccc21,cation,pyridinium,242.38600000000005,tox;vis,train;val,train_1_group_tox.csv;train_1_group_vis.csv;train_2_group_tox.csv;train_2_group_vis.csv;train_3_group_tox.csv;train_3_group_vis.csv;train_4_group_tox.csv;train_4_group_vis.csv;train_5_group_tox.csv;val_2_group_tox.csv;val_4_group_tox.csv;val_5_group_vis.csv
CCCCCCCC[n+]1ccccc1,cation,pyridinium,192.32600000000005,tox;vis,train;val,train_1_group_tox.csv;train_2_group_tox.csv;train_2_group_vis.csv;train_3_group_tox.csv;train_3_group_vis.csv;train_4_group_tox.csv;train_4_group_vis.csv;train_5_group_vis.csv;val_1_group_vis.csv;val_5_group_tox.csv
CCCCCCCC[n+]1ccn(C)c1,cation,imidazolium,195.33000000000004,co2;vis,test;train;val,test_group_vis.csv;train_1_group_co2.csv;train_1_group_vis.csv;train_2_group_co2.csv;train_2_group_vis.csv;train_3_group_co2.csv;train_3_group_vis.csv;train_4_group_co2.csv;train_4_group_vis.csv;train_5_group_co2.csv;train_5_group_vis.csv;val_1_group_co2.csv;val_1_group_vis.csv;val_2_group_vis.csv;val_4_group_vis.csv;val_5_group_co2.csv;val_5_group_vis.csv
CCCCCCCC[n+]1ccn(CC)c1,cation,imidazolium,209.35700000000003,vis,train;val,train_1_group_vis.csv;train_2_group_vis.csv;train_4_group_vis.csv;train_5_group_vis.csv;val_3_group_vis.csv
CCCCCCCC[n+]1ccn(Cc2ccc(C)cc2)c1,cation,imidazolium,285.45500000000004,vis,train;val,train_1_group_vis.csv;train_2_group_vis.csv;train_4_group_vis.csv;train_5_group_vis.csv;val_3_group_vis.csv
CCCCCCCCc1cccc[n+]1CC,cation,pyridinium,220.38000000000002,vis,train;val,train_1_group_vis.csv;train_3_group_vis.csv;train_4_group_vis.csv;train_5_group_vis.csv;val_2_group_vis.csv
CCCCCCCCn1cc[n+](C)c1,cation,imidazolium,195.33000000000004,co2;tox;vis,test;train;val,test_group_co2.csv;train_1_group_co2.csv;train_1_group_tox.csv;train_1_group_vis.csv;train_2_group_co2.csv;train_2_group_tox.csv;train_2_group_vis.csv;train_3_group_co2.csv;train_3_group_tox.csv;train_3_group_vis.csv;train_4_group_co2.csv;train_4_group_tox.csv;train_4_group_vis.csv;train_5_group_co2.csv;train_5_group_tox.csv;train_5_group_vis.csv;val_1_group_tox.csv;val_1_group_vis.csv;val_2_group_co2.csv;val_2_group_tox.csv;val_2_group_vis.csv;val_3_group_tox.csv;val_4_group_co2.csv;val_4_group_tox.csv;val_4_group_vis.csv;val_5_group_co2.csv;val_5_group_vis.csv
CCCCCCCCn1cc[n+](CCC#N)c1,cation,imidazolium,234.36700000000002,vis,train;val,train_1_group_vis.csv;train_2_group_vis.csv;train_3_group_vis.csv;train_4_group_vis.csv;train_5_group_vis.csv;val_1_group_vis.csv;val_2_group_vis.csv
CCCCCCCCn1cc[n+](CCCCCCCC)c1,cation,imidazolium,293.519,vis,train;val,train_1_group_vis.csv;train_2_group_vis.csv;train_3_group_vis.csv;train_5_group_vis.csv;val_4_group_vis.csv
CCCCCCCOC[n+]1cccc(O)c1,cation,pyridinium,224.324,tox,train;val,train_1_group_tox.csv;train_2_group_tox.csv;train_3_group_tox.csv;train_4_group_tox.csv;train_5_group_tox.csv;val_1_group_tox.csv;val_3_group_tox.csv;val_5_group_tox.csv
CCCCCCC[N+](C)(C)CC,cation,ammonium,172.33599999999998,co2;vis,train;val,train_1_group_co2.csv;train_1_group_vis.csv;train_2_group_vis.csv;train_3_group_co2.csv;train_3_group_vis.csv;train_4_group_co2.csv;train_5_group_co2.csv;train_5_group_vis.csv;val_2_group_co2.csv;val_4_group_vis.csv
CCCCCCC[N+](CC)(CC)CC,cation,ammonium,200.39,vis,train;val,train_1_group_vis.csv;train_2_group_vis.csv;train_3_group_vis.csv;train_5_group_vis.csv;val_4_group_vis.csv
CCCCCCC[N+]1(C)CCCC1,cation,pyrrolidinium,184.34699999999995,co2,train;val,train_2_group_co2.csv;train_3_group_co2.csv;train_4_group_co2.csv;train_5_group_co2.csv;val_1_group_co2.csv
CCCCCCC[N+]1(C)CCCCC1,cation,piperidinium,198.37399999999994,vis,train;val,train_1_group_vis.csv;train_2_group_vis.csv;train_4_group_vis.csv;train_5_group_vis.csv;val_3_group_vis.csv
CCCCCCC[N+]1(C)CCOCC1,cation,morpholinium,200.34599999999995,vis,train;val,train_2_group_vis.csv;train_3_group_vis.csv;train_4_group_vis.csv;train_5_group_vis.csv;val_1_group_vis.csv
CCCCCCC[NH+]1C=CN(C)C1,cation,other N-heterocycle,183.319,tox,train;val,train_2_group_tox.csv;train_3_group_tox.csv;train_4_group_tox.csv;train_5_group_tox.csv;val_1_group_tox.csv
CCCCCCC[P+](CC)(CC)CC,cation,phosphonium,217.35699999999994,vis,train;val,train_2_group_vis.csv;train_3_group_vis.csv;train_4_group_vis.csv;train_5_group_vis.csv;val_1_group_vis.csv
CCCCCCC[n+]1ccccc1,cation,pyridinium,178.29900000000004,co2;vis,test;train;val,test_group_vis.csv;train_2_group_co2.csv;train_3_group_co2.csv;train_4_group_co2.csv;train_5_group_co2.csv;val_1_group_co2.csv
CCCCCCC[n+]1ccn(C)c1,cation,imidazolium,181.30300000000003,co2,train;val,train_1_group_co2.csv;train_3_group_co2.csv;train_4_group_co2.csv;train_5_group_co2.csv;val_2_group_co2.csv
CCCCCCCc1cccc[n+]1CC,cation,pyridinium,206.353,vis,train;val,train_1_group_vis.csv;train_2_group_vis.csv;train_3_group_vis.csv;train_5_group_vis.csv;val_4_group_vis.csv
CCCCCCCn1c(C)cc(C)[n+]1-c1ccccc1,cation,pyrazolium,271.428,vis,train;val,train_1_group_vis.csv;train_3_group_vis.csv;train_4_group_vis.csv;train_5_group_vis.csv;val_2_group_vis.csv
CCCCCCCn1cc[n+](C)c1,cation,imidazolium,181.30300000000003,tox;vis,train;val,train_1_group_tox.csv;train_1_group_vis.csv;train_2_group_tox.csv;train_2_group_vis.csv;train_3_group_tox.csv;train_3_group_vis.csv;train_4_group_tox.csv;train_4_group_vis.csv;train_5_group_tox.csv;train_5_group_vis.csv;val_1_group_tox.csv;val_2_group_tox.csv;val_2_group_vis.csv;val_3_group_tox.csv;val_3_group_vis.csv
CCCCCCCn1cc[n+](CCCCCCC)c1,cation,imidazolium,265.4649999999999,vis,train;val,train_1_group_vis.csv;train_3_group_vis.csv;train_4_group_vis.csv;train_5_group_vis.csv;val_2_group_vis.csv
CCCCCCN1C=C[NH+](C)C1,cation,other N-heterocycle,169.29199999999997,co2,train;val,train_1_group_co2.csv;train_2_group_co2.csv;train_3_group_co2.csv;train_4_group_co2.csv;val_5_group_co2.csv
CCCCCCOC(=O)C[N+](C)(C)C,cation,ammonium,202.31799999999998,vis,train;val,train_1_group_vis.csv;train_2_group_vis.csv;train_3_group_vis.csv;train_4_group_vis.csv;val_5_group_vis.csv
CCCCCCOC[n+]1cccc(O)c1,cation,pyridinium,210.29700000000003,tox,train;val,train_1_group_tox.csv;train_2_group_tox.csv;train_3_group_tox.csv;train_4_group_tox.csv;train_5_group_tox.csv;val_2_group_tox.csv;val_4_group_tox.csv
CCCCCC[N+](C)(C)C,cation,ammonium,144.28199999999998,co2;vis,train;val,train_1_group_vis.csv;train_2_group_co2.csv;train_3_group_co2.csv;train_3_group_vis.csv;train_4_group_co2.csv;train_4_group_vis.csv;train_5_group_co2.csv;train_5_group_vis.csv;val_1_group_co2.csv;val_2_group_vis.csv
CCCCCC[N+](CC)(CC)CC,cation,ammonium,186.36299999999997,vis,train;val,train_1_group_vis.csv;train_2_group_vis.csv;train_4_group_vis.csv;train_5_group_vis.csv;val_3_group_vis.csv
CCCCCC[N+](CCCCCC)(CCCCCC)CCCCCC,cation,ammonium,354.6870000000002,co2,train;val,train_2_group_co2.csv;train_3_group_co2.csv;train_4_group_co2.csv;train_5_group_co2.csv;val_1_group_co2.csv
CCCCCC[N+]1(C)CCCC1,cation,pyrrolidinium,170.31999999999996,tox;vis,test;train;val,test_group_tox.csv;train_1_group_vis.csv;train_3_group_vis.csv;train_4_group_vis.csv;train_5_group_vis.csv;val_2_group_vis.csv
CCCCCC[N+]1(C)CCCCC1,cation,piperidinium,184.34699999999995,vis,train;val,train_1_group_vis.csv;train_2_group_vis.csv;train_3_group_vis.csv;train_4_group_vis.csv;val_5_group_vis.csv
CCCCCC[N+]1(C)CCOCC1,cation,morpholinium,186.31899999999996,vis,train;val,train_1_group_vis.csv;train_2_group_vis.csv;train_3_group_vis.csv;train_4_group_vis.csv;train_5_group_vis.csv;val_1_group_vis.csv;val_2_group_vis.csv;val_5_group_vis.csv
CCCCCC[N+]1(CCCC)CCCC1,cation,pyrrolidinium,212.40099999999995,vis,train;val,train_1_group_vis.csv;train_3_group_vis.csv;train_4_group_vis.csv;train_5_group_vis.csv;val_2_group_vis.csv
CCCCCC[N+]1(CCCCCC)CCCC1,cation,pyrrolidinium,240.45499999999993,tox,train;val,train_2_group_tox.csv;train_3_group_tox.csv;train_4_group_tox.csv;train_5_group_tox.csv;val_1_group_tox.csv
CCCCCC[NH+](CCCCCC)CCCCCC,cation,ammonium,270.5249999999999,vis,test;train;val,test_group_vis.csv;train_1_group_vis.csv;train_2_group_vis.csv;train_3_group_vis.csv;train_4_group_vis.csv;train_5_group_vis.csv;val_1_group_vis.csv;val_5_group_vis.csv
CCCCCC[NH+]1C=CN(C)C1,cation,other N-heterocycle,169.29199999999997,co2;vis,train;val,train_1_group_co2.csv;train_1_group_vis.csv;train_3_group_co2.csv;train_3_group_vis.csv;train_4_group_co2.csv;train_4_group_vis.csv;train_5_group_co2.csv;train_5_group_vis.csv;val_2_group_co2.csv;val_2_group_vis.csv
CCCCCC[NH2+]CCN,cation,ammonium,145.27,vis,train;val,train_2_group_vis.csv;train_3_group_vis.csv;train_4_group_vis.csv;train_5_group_vis.csv;val_1_group_vis.csv
CCCCCC[P+](CCCCCC)(CCCCCC)CC(C)C,cation,phosphonium,343.6000000000001,vis,train;val,train_1_group_vis.csv;train_2_group_vis.csv;train_4_group_vis.csv;train_5_group_vis.csv;val_3_group_vis.csv
CCCCCC[n+]1cc(C)cc(C)c1CC,cation,pyridinium,220.37999999999997,vis,train;val,train_2_group_vis.csv;train_3_group_vis.csv;train_4_group_vis.csv;train_5_group_vis.csv;val_1_group_vis.csv
CCCCCC[n+]1cc(CC)cc(CC)c1CCC,cation,pyridinium,262.46099999999996,vis,train;val,train_2_group_vis.csv;train_3_group_vis.csv;train_4_group_vis.csv;train_5_group_vis.csv;val_1_group_vis.csv
CCCCCC[n+]1ccc(C)cc1,cation,pyridinium,178.299,tox,train;val,train_1_group_tox.csv;train_2_group_tox.csv;train_3_group_tox.csv;train_4_group_tox.csv;train_5_group_tox.csv;val_3_group_tox.csv;val_5_group_tox.csv
CCCCCC[n+]1ccc(N(C)C)c(C)c1,cation,pyridinium,221.368,vis,test,test_group_vis.csv
CCCCCC[n+]1ccc(N(C)C)cc1,cation,pyridinium,207.341,tox,train;val,train_1_group_tox.csv;train_2_group_tox.csv;train_3_group_tox.csv;train_4_group_tox.csv;train_5_group_tox.csv;val_3_group_tox.csv;val_4_group_tox.csv
CCCCCC[n+]1ccc(N2CCC(C)CC2)cc1,cation,pyridinium,261.43299999999994,vis,train;val,train_1_group_vis.csv;train_2_group_vis.csv;train_3_group_vis.csv;train_5_group_vis.csv;val_4_group_vis.csv
CCCCCC[n+]1cccc(C)c1,cation,pyridinium,178.299,tox;vis,test;train;val,test_group_tox.csv;train_1_group_vis.csv;train_2_group_vis.csv;train_4_group_vis.csv;train_5_group_vis.csv;val_3_group_vis.csv
CCCCCC[n+]1cccc2ccccc21,cation,pyridinium,214.33200000000002,tox;vis,train;val,train_1_group_tox.csv;train_1_group_vis.csv;train_2_group_tox.csv;train_2_group_vis.csv;train_3_group_tox.csv;train_3_group_vis.csv;train_4_group_vis.csv;train_5_group_tox.csv;val_4_group_tox.csv;val_5_group_vis.csv
CCCCCC[n+]1ccccc1,cation,pyridinium,164.27200000000002,tox;vis,test;train;val,test_group_tox.csv;test_group_vis.csv;train_1_group_tox.csv;train_1_group_vis.csv;train_2_group_tox.csv;train_2_group_vis.csv;train_3_group_tox.csv;train_3_group_vis.csv;train_4_group_tox.csv;train_5_group_tox.csv;train_5_group_vis.csv;val_2_group_tox.csv;val_3_group_tox.csv;val_4_group_tox.csv;val_4_group_vis.csv
CCCCCC[n+]1ccn(C)c1,cation,imidazolium,167.27599999999998,co2;vis,test;train;val,test_group_co2.csv;train_1_group_co2.csv;train_2_group_co2.csv;train_2_group_vis.csv;train_3_group_co2.csv;train_3_group_vis.csv;train_4_group_co2.csv;train_4_group_vis.csv;train_5_group_co2.csv;train_5_group_vis.csv;val_1_group_vis.csv;val_3_group_co2.csv;val_4_group_co2.csv;val_5_group_co2.csv
CCCCCC[n+]1ccn(C)c1C,cation,imidazolium,181.30299999999997,tox,train;val,train_1_group_tox.csv;train_2_group_tox.csv;train_3_group_tox.csv;train_4_group_tox.csv;val_5_group_tox.csv
CCCCCC[n+]1ccn(CC)c1,cation,imidazolium,181.30299999999997,vis,train;val,train_1_group_vis.csv;train_2_group_vis.csv;train_3_group_vis.csv;train_4_group_vis.csv;val_5_group_vis.csv
CCCCCC[n+]1ccn(CCC#N)c1,cation,imidazolium,206.31299999999996,vis,train;val,train_1_group_vis.csv;train_3_group_vis.csv;train_4_group_vis.csv;train_5_group_vis.csv;val_2_group_vis.csv
CCCCCC[n+]1ccn(Cc2ccc(C)cc2)c1,cation,imidazolium,257.40099999999995,vis,train;val,train_1_group_vis.csv;train_3_group_vis.csv;train_4_group_vis.csv;train_5_group_vis.csv;val_2_group_vis.csv
CCCCCCc1cccc[n+]1CC,cation,pyridinium,192.326,vis,train;val,train_1_group_vis.csv;train_2_group_vis.csv;train_4_group_vis.csv;train_5_group_vis.csv;val_3_group_vis.csv
CCCCCCn1c(C)cc(C)[n+]1-c1ccccc1,cation,pyrazolium,257.401,vis,test;train;val,test_group_vis.csv;train_2_group_vis.csv;train_3_group_vis.csv;train_4_group_vis.csv;train_5_group_vis.csv;val_1_group_vis.csv
CCCCCCn1c[n+](CCCCS(=O)(=O)O)cn1,cation,other N-heterocycle,290.40899999999993,vis,train;val,train_1_group_vis.csv;train_2_group_vis.csv;train_4_group_vis.csv;train_5_group_vis.csv;val_3_group_vis.csv
CCCCCCn1cc[n+](C)c1,cation,imidazolium,167.27599999999998,co2;tox;vis,test;train;val,test_group_tox.csv;test_group_vis.csv;train_1_group_co2.csv;train_1_group_tox.csv;train_1_group_vis.csv;train_2_group_co2.csv;train_2_group_tox.csv;train_2_group_vis.csv;train_3_group_co2.csv;train_3_group_tox.csv;train_3_group_vis.csv;train_4_group_co2.csv;train_4_group_tox.csv;train_4_group_vis.csv;train_5_group_co2.csv;train_5_group_tox.csv;train_5_group_vis.csv;val_1_group_co2.csv;val_1_group_tox.csv;val_1_group_vis.csv;val_2_group_vis.csv;val_3_group_co2.csv;val_3_group_vis.csv;val_4_group_co2.csv;val_4_group_tox.csv;val_4_group_vis.csv;val_5_group_co2.csv;val_5_group_vis.csv
CCCCCCn1cc[n+](C)c1C,cation,imidazolium,181.30299999999997,co2;tox;vis,train;val,train_1_group_co2.csv;train_1_group_tox.csv;train_1_group_vis.csv;train_2_group_co2.csv;train_2_group_tox.csv;train_2_group_vis.csv;train_3_group_co2.csv;train_3_group_tox.csv;train_3_group_vis.csv;train_4_group_co2.csv;train_4_group_vis.csv;train_5_group_tox.csv;train_5_group_vis.csv;val_2_group_vis.csv;val_4_group_tox.csv;val_5_group_co2.csv;val_5_group_vis.csv
CCCCCCn1cc[n+](CC)c1,cation,imidazolium,181.30299999999997,tox,test;train;val,test_group_tox.csv;train_1_group_tox.csv;train_2_group_tox.csv;train_4_group_tox.csv;train_5_group_tox.csv;val_3_group_tox.csv
CCCCCCn1cc[n+](CCC#N)c1,cation,imidazolium,206.31299999999996,vis,test;train;val,test_group_vis.csv;train_1_group_vis.csv;train_2_group_vis.csv;train_3_group_vis.csv;train_4_group_vis.csv;train_5_group_vis.csv;val_3_group_vis.csv;val_4_group_vis.csv
CCCCCCn1cc[n+](CCCCCC)c1,cation,imidazolium,237.41099999999992,vis,train;val,train_1_group_vis.csv;train_3_group_vis.csv;train_4_group_vis.csv;train_5_group_vis.csv;val_2_group_vis.csv
CCCCC[N+](C)(C)CC,cation,ammonium,144.28199999999998,co2;vis,test;train;val,test_group_co2.csv;train_1_group_vis.csv;train_3_group_vis.csv;train_4_group_vis.csv;train_5_group_vis.csv;val_2_group_vis.csv
CCCCC[N+](C)(C)CCO,cation,ammonium,160.28099999999998,vis,test,test_group_vis.csv
CCCCC[N+](C)(CC)CC,cation,ammonium,158.30899999999997,vis,train;val,train_1_group_vis.csv;train_2_group_vis.csv;train_4_group_vis.csv;train_5_group_vis.csv;val_3_group_vis.csv
CCCCC[N+](C)(CCC)CCC,cation,ammonium,186.36299999999997,vis,train;val,train_1_group_vis.csv;train_2_group_vis.csv;train_3_group_vis.csv;train_5_group_vis.csv;val_4_group_vis.csv
CCCCC[N+]1(C)CCOCC1,cation,morpholinium,172.29199999999997,vis,train;val,train_1_group_vis.csv;train_3_group_vis.csv;train_4_group_vis.csv;train_5_group_vis.csv;val_2_group_vis.csv
CCCCC[NH3+],cation,ammonium,88.174,vis,train;val,train_1_group_vis.csv;train_2_group_vis.csv;train_3_group_vis.csv;train_4_group_vis.csv;val_5_group_vis.csv
CCCCC[P+](CC)(CC)CC,cation,phosphonium,189.30299999999997,vis,train;val,train_1_group_vis.csv;train_2_group_vis.csv;train_3_group_vis.csv;train_4_group_vis.csv;train_5_group_vis.csv;val_1_group_vis.csv;val_2_group_vis.csv
CCCCC[n+]1ccccc1,cation,pyridinium,150.245,tox;vis,train;val,train_1_group_tox.csv;train_1_group_vis.csv;train_2_group_tox.csv;train_2_group_vis.csv;train_3_group_tox.csv;train_3_group_vis.csv;train_4_group_tox.csv;train_4_group_vis.csv;train_5_group_tox.csv;val_3_group_tox.csv;val_4_group_tox.csv;val_5_group_vis.csv
CCCCC[n+]1ccn(C)c1,cation,imidazolium,153.249,tox;vis,test;train;val,test_group_tox.csv;train_1_group_tox.csv;train_1_group_vis.csv;train_2_group_vis.csv;train_3_group_tox.csv;train_4_group_tox.csv;train_4_group_vis.csv;train_5_group_tox.csv;train_5_group_vis.csv;val_2_group_tox.csv;val_3_group_vis.csv
CCCCC[n+]1ccn(CCCC)c1,cation,imidazolium,195.32999999999996,vis,train;val,train_1_group_vis.csv;train_2_group_vis.csv;train_3_group_vis.csv;train_4_group_vis.csv;val_5_group_vis.csv
CCCCCc1cccc[n+]1CC,cation,pyridinium,178.29899999999998,vis,train;val,train_1_group_vis.csv;train_2_group_vis.csv;train_3_group_vis.csv;train_5_group_vis.csv;val_4_group_vis.csv
CCCCCn1c(C)cc(C)[n+]1-c1ccccc1,cation,pyrazolium,243.37400000000002,vis,train;val,train_1_group_vis.csv;train_2_group_vis.csv;train_3_group_vis.csv;train_4_group_vis.csv;train_5_group_vis.csv;val_3_group_vis.csv;val_5_group_vis.csv
CCCCCn1cc[n+](C)c1,cation,imidazolium,153.249,co2;vis,test;train;val,test_group_vis.csv;train_1_group_vis.csv;train_2_group_co2.csv;train_2_group_vis.csv;train_3_group_co2.csv;train_3_group_vis.csv;train_4_group_co2.csv;train_4_group_vis.csv;train_5_group_co2.csv;train_5_group_vis.csv;val_1_group_co2.csv;val_1_group_vis.csv;val_3_group_vis.csv;val_4_group_vis.csv
CCCCCn1cc[n+](C)c1C,cation,imidazolium,167.27599999999998,vis,train;val,train_2_group_vis.csv;train_3_group_vis.csv;train_4_group_vis.csv;train_5_group_vis.csv;val_1_group_vis.csv
CCCCCn1cc[n+](CCCCC)c1,cation,imidazolium,209.35699999999994,vis,train;val,train_2_group_vis.csv;train_3_group_vis.csv;train_4_group_vis.csv;train_5_group_vis.csv;val_1_group_vis.csv
CCCCN1C=C[NH+](C)C1,cation,other N-heterocycle,141.23799999999997,co2,train;val,train_1_group_co2.csv;train_3_group_co2.csv;train_4_group_co2.csv;train_5_group_co2.csv;val_2_group_co2.csv
CCCCN1C=C[NH+](CCCC)C1,cation,other N-heterocycle,183.31899999999993,co2,train;val,train_1_group_co2.csv;train_3_group_co2.csv;train_4_group_co2.csv;train_5_group_co2.csv;val_2_group_co2.csv
CCCCNC(=O)C[n+]1ccn(CC)c1,cation,imidazolium,210.301,vis,train;val,train_1_group_vis.csv;train_3_group_vis.csv;train_4_group_vis.csv;train_5_group_vis.csv;val_2_group_vis.csv
CCCCOC(=O)c1nccc[n+]1CCCC,cation,other N-heterocycle,237.32299999999998,vis,train;val,train_1_group_vis.csv;train_2_group_vis.csv;train_4_group_vis.csv;train_5_group_vis.csv;val_3_group_vis.csv
CCCCOCC(O)CN(CCCn1cc[nH+]c1)C(C)=O,cation,imidazolium,298.40700000000004,vis,train;val,train_1_group_vis.csv;train_2_group_vis.csv;train_3_group_vis.csv;train_4_group_vis.csv;train_5_group_vis.csv;val_1_group_vis.csv;val_4_group_vis.csv
CCCCOCC(O)CNCCCn1cc[nH+]c1,cation,imidazolium,256.36999999999995,vis,train;val,train_1_group_vis.csv;train_2_group_vis.csv;train_4_group_vis.csv;train_5_group_vis.csv;val_3_group_vis.csv
CCCCOC[n+]1cccc(O)c1,cation,pyridinium,182.243,tox,train;val,train_1_group_tox.csv;train_2_group_tox.csv;train_3_group_tox.csv;train_4_group_tox.csv;train_5_group_tox.csv;val_2_group_tox.csv;val_5_group_tox.csv
CCCC[N+](C)(C)C,cation,ammonium,116.22799999999998,tox;vis,train;val,train_1_group_tox.csv;train_2_group_vis.csv;train_3_group_tox.csv;train_3_group_vis.csv;train_4_group_tox.csv;train_4_group_vis.csv;train_5_group_tox.csv;train_5_group_vis.csv;val_1_group_vis.csv;val_2_group_tox.csv
CCCC[N+](C)(C)C(=N)N(C)C,cation,ammonium,172.296,vis,train;val,train_1_group_vis.csv;train_2_group_vis.csv;train_3_group_vis.csv;train_5_group_vis.csv;val_4_group_vis.csv
CCCC[N+](C)(C)CC,cation,ammonium,130.25499999999997,tox;vis,train;val,train_1_group_tox.csv;train_1_group_vis.csv;train_2_group_tox.csv;train_2_group_vis.csv;train_3_group_tox.csv;train_3_group_vis.csv;train_4_group_tox.csv;train_4_group_vis.csv;train_5_group_tox.csv;val_3_group_tox.csv;val_4_group_tox.csv;val_5_group_vis.csv
CCCC[N+](C)(CC)CC,cation,ammonium,144.28199999999998,vis,train;val,train_1_group_vis.csv;train_2_group_vis.csv;train_3_group_vis.csv;train_4_group_vis.csv;train_5_group_vis.csv;val_2_group_vis.csv;val_5_group_vis.csv
CCCC[N+](C)(CCC)CCC,cation,ammonium,172.33599999999996,vis,train;val,train_1_group_vis.csv;train_2_group_vis.csv;train_4_group_vis.csv;train_5_group_vis.csv;val_3_group_vis.csv
CCCC[N+](C)(CCCC)CCCC,cation,ammonium,200.38999999999993,co2;vis,test;train;val,test_group_co2.csv;test_group_vis.csv;train_1_group_co2.csv;train_1_group_vis.csv;train_2_group_vis.csv;train_3_group_co2.csv;train_3_group_vis.csv;train_4_group_co2.csv;train_4_group_vis.csv;train_5_group_co2.csv;train_5_group_vis.csv;val_2_group_co2.csv;val_2_group_vis.csv;val_4_group_vis.csv;val_5_group_vis.csv
CCCC[N+](CC)(CC)CC,cation,ammonium,158.30899999999997,co2,train;val,train_1_group_co2.csv;train_2_group_co2.csv;train_4_group_co2.csv;train_5_group_co2.csv;val_3_group_co2.csv
CCCC[N+](CCCC)(CCCC)CCCC,cation,ammonium,242.4709999999999,co2;tox;vis,test;train;val,test_group_tox.csv;test_group_vis.csv;train_1_group_tox.csv;train_1_group_vis.csv;train_2_group_co2.csv;train_2_group_vis.csv;train_3_group_co2.csv;train_3_group_tox.csv;train_3_group_vis.csv;train_4_group_co2.csv;train_4_group_tox.csv;train_4_group_vis.csv;train_5_group_co2.csv;train_5_group_tox.csv;train_5_group_vis.csv;val_1_group_co2.csv;val_1_group_vis.csv;val_2_group_tox.csv;val_2_group_vis.csv;val_3_group_vis.csv
CCCC[N+]1(C)CCCC1,cation,pyrrolidinium,142.26599999999996,co2;tox;vis,test;train;val,test_group_tox.csv;test_group_vis.csv;train_1_group_co2.csv;train_1_group_tox.csv;train_1_group_vis.csv;train_2_group_co2.csv;train_2_group_tox.csv;train_2_group_vis.csv;train_3_group_co2.csv;train_3_group_tox.csv;train_3_group_vis.csv;train_4_group_co2.csv;train_4_group_tox.csv;train_4_group_vis.csv;train_5_group_co2.csv;train_5_group_tox.csv;train_5_group_vis.csv;val_1_group_tox.csv;val_1_group_vis.csv;val_2_group_co2.csv;val_2_group_vis.csv;val_3_group_tox.csv;val_3_group_vis.csv;val_4_group_co2.csv;val_5_group_tox.csv;val_5_group_vis.csv
CCCC[N+]1(C)CCCCC1,cation,piperidinium,156.29299999999995,tox;vis,train;val,train_1_group_tox.csv;train_1_group_vis.csv;train_2_group_tox.csv;train_2_group_vis.csv;train_3_group_tox.csv;train_3_group_vis.csv;train_4_group_tox.csv;train_4_group_vis.csv;train_5_group_tox.csv;train_5_group_vis.csv;val_1_group_vis.csv;val_2_group_vis.csv;val_4_group_tox.csv;val_5_group_tox.csv
CCCC[N+]1(C)CCOCC1,cation,morpholinium,158.26499999999996,tox;vis,train;val,train_1_group_tox.csv;train_1_group_vis.csv;train_2_group_tox.csv;train_2_group_vis.csv;train_3_group_tox.csv;train_3_group_vis.csv;train_4_group_tox.csv;train_4_group_vis.csv;train_5_group_tox.csv;train_5_group_vis.csv;val_2_group_vis.csv;val_3_group_vis.csv;val_4_group_tox.csv;val_4_group_vis.csv;val_5_group_tox.csv;val_5_group_vis.csv
CCCC[NH+]1C=CN=C1,cation,other N-heterocycle,125.19499999999996,vis,train;val,train_1_group_vis.csv;train_2_group_vis.csv;train_4_group_vis.csv;train_5_group_vis.csv;val_3_group_vis.csv
CCCC[NH+]1C=CN=C1c1ccccc1,cation,other N-heterocycle,201.293,vis,train;val,train_1_group_vis.csv;train_2_group_vis.csv;train_3_group_vis.csv;train_4_group_vis.csv;val_5_group_vis.csv
CCCC[NH+]1CCCC1,cation,pyrrolidinium,128.23899999999998,vis,test,test_group_vis.csv
CCCC[NH3+],cation,ammonium,74.14699999999999,vis,train;val,train_1_group_vis.csv;train_2_group_vis.csv;train_3_group_vis.csv;train_4_group_vis.csv;train_5_group_vis.csv;val_1_group_vis.csv;val_4_group_vis.csv
CCCC[P+](C)(CCCC)CCCC,cation,phosphonium,217.3569999999999,co2;vis,train;val,train_1_group_co2.csv;train_1_group_vis.csv;train_2_group_co2.csv;train_2_group_vis.csv;train_3_group_co2.csv;train_3_group_vis.csv;train_4_group_co2.csv;train_4_group_vis.csv;train_5_group_co2.csv;train_5_group_vis.csv;val_1_group_vis.csv;val_2_group_co2.csv;val_5_group_co2.csv;val_5_group_vis.csv
CCCC[P+](CC)(CC)CC,cation,phosphonium,175.27599999999995,vis,train;val,train_1_group_vis.csv;train_2_group_vis.csv;train_3_group_vis.csv;train_4_group_vis.csv;train_5_group_vis.csv;val_2_group_vis.csv;val_3_group_vis.csv
CCCC[P+](CC)(CCCC)CCCC,cation,phosphonium,231.3839999999999,co2;vis,test;train;val,test_group_co2.csv;train_2_group_vis.csv;train_3_group_vis.csv;train_4_group_vis.csv;train_5_group_vis.csv;val_1_group_vis.csv
CCCC[P+](CCCC)(CCCC)CCC(F)(F)C(F)(F)C(F)(F)C(F)(F)C(F)(F)C(F)(F)F,cation,phosphonium,549.416,vis,train;val,train_1_group_vis.csv;train_2_group_vis.csv;train_3_group_vis.csv;train_5_group_vis.csv;val_4_group_vis.csv
CCCC[P+](CCCC)(CCCC)CCCC,cation,phosphonium,259.43799999999993,co2;tox;vis,test;train;val,test_group_vis.csv;train_1_group_co2.csv;train_1_group_tox.csv;train_1_group_vis.csv;train_2_group_co2.csv;train_2_group_tox.csv;train_2_group_vis.csv;train_3_group_co2.csv;train_3_group_tox.csv;train_3_group_vis.csv;train_4_group_co2.csv;train_4_group_vis.csv;train_5_group_co2.csv;train_5_group_tox.csv;train_5_group_vis.csv;val_1_group_vis.csv;val_2_group_co2.csv;val_2_group_vis.csv;val_4_group_co2.csv;val_4_group_tox.csv;val_4_group_vis.csv;val_5_group_co2.csv;val_5_group_vis.csv
CCCC[P+](CCCC)(CCCC)CCCN,cation,phosphonium,260.42599999999993,vis,train;val,train_1_group_vis.csv;train_2_group_vis.csv;train_3_group_vis.csv;train_4_group_vis.csv;train_5_group_vis.csv;val_3_group_vis.csv;val_4_group_vis.csv;val_5_group_vis.csv
CCCC[P+](CCCC)(CCCC)CCSC,cation,phosphonium,277.47799999999995,vis,train;val,train_1_group_vis.csv;train_2_group_vis.csv;train_3_group_vis.csv;train_4_group_vis.csv;train_5_group_vis.csv;val_3_group_vis.csv;val_5_group_vis.csv
CCCC[P+](CCCC)(CCCC)CCSCC,cation,phosphonium,291.505,vis,train;val,train_1_group_vis.csv;train_2_group_vis.csv;train_3_group_vis.csv;train_4_group_vis.csv;train_5_group_vis.csv;val_4_group_vis.csv;val_5_group_vis.csv
CCCC[P+](CCCC)(CCCC)COC,cation,phosphonium,247.38299999999992,vis,train;val,train_1_group_vis.csv;train_2_group_vis.csv;train_4_group_vis.csv;train_5_group_vis.csv;val_3_group_vis.csv
CCCC[P+](CCCC)(CCCC)CSC,cation,phosphonium,263.45099999999996,vis,train;val,train_1_group_vis.csv;train_2_group_vis.csv;train_3_group_vis.csv;train_4_group_vis.csv;train_5_group_vis.csv;val_1_group_vis.csv;val_4_group_vis.csv
CCCC[S+]1CCCC1,cation,sulfonium,145.29099999999997,vis,test,test_group_vis.csv
CCCC[n+]1cc(C)cc(C)c1,cation,pyridinium,164.27199999999996,tox;vis,train;val,train_1_group_tox.csv;train_1_group_vis.csv;train_2_group_tox.csv;train_2_group_vis.csv;train_3_group_tox.csv;train_4_group_tox.csv;train_4_group_vis.csv;train_5_group_tox.csv;train_5_group_vis.csv;val_1_group_tox.csv;val_3_group_tox.csv;val_3_group_vis.csv
CCCC[n+]1cc[nH]c1,cation,imidazolium,125.19499999999996,vis,train;val,train_1_group_vis.csv;train_2_group_vis.csv;train_3_group_vis.csv;train_4_group_vis.csv;train_5_group_vis.csv;val_1_group_vis.csv;val_2_group_vis.csv
CCCC[n+]1ccc(C)c(C)c1,cation,pyridinium,164.27199999999996,tox,train;val,train_1_group_tox.csv;train_2_group_tox.csv;train_3_group_tox.csv;train_4_group_tox.csv;train_5_group_tox.csv;val_1_group_tox.csv;val_4_group_tox.csv
CCCC[n+]1ccc(C)cc1,cation,pyridinium,150.24499999999998,co2;tox;vis,train;val,train_1_group_co2.csv;train_1_group_tox.csv;train_1_group_vis.csv;train_2_group_co2.csv;train_2_group_tox.csv;train_2_group_vis.csv;train_3_group_co2.csv;train_3_group_tox.csv;train_3_group_vis.csv;train_4_group_co2.csv;train_4_group_tox.csv;train_4_group_vis.csv;train_5_group_co2.csv;train_5_group_tox.csv;train_5_group_vis.csv;val_1_group_tox.csv;val_1_group_vis.csv;val_2_group_co2.csv;val_2_group_vis.csv;val_3_group_tox.csv;val_4_group_co2.csv;val_4_group_vis.csv;val_5_group_tox.csv
CCCC[n+]1ccc(N(C)C)cc1,cation,pyridinium,179.28699999999998,tox,train;val,train_1_group_tox.csv;train_2_group_tox.csv;train_3_group_tox.csv;train_4_group_tox.csv;train_5_group_tox.csv;val_1_group_tox.csv;val_5_group_tox.csv
CCCC[n+]1ccc2ccccc2c1,cation,pyridinium,186.278,vis,train;val,train_1_group_vis.csv;train_2_group_vis.csv;train_3_group_vis.csv;train_5_group_vis.csv;val_4_group_vis.csv
CCCC[n+]1cccc(C#N)c1,cation,pyridinium,161.22799999999998,vis,test,test_group_vis.csv
CCCC[n+]1cccc(C)c1,cation,pyridinium,150.24499999999998,co2;tox;vis,test;train;val,test_group_tox.csv;train_1_group_co2.csv;train_1_group_tox.csv;train_1_group_vis.csv;train_2_group_tox.csv;train_2_group_vis.csv;train_3_group_co2.csv;train_3_group_tox.csv;train_3_group_vis.csv;train_4_group_co2.csv;train_4_group_tox.csv;train_4_group_vis.csv;train_5_group_co2.csv;train_5_group_tox.csv;train_5_group_vis.csv;val_1_group_vis.csv;val_2_group_co2.csv;val_2_group_tox.csv;val_3_group_vis.csv;val_4_group_tox.csv;val_4_group_vis.csv;val_5_group_vis.csv
CCCC[n+]1cccc(C)c1C,cation,pyridinium,164.27199999999996,vis,train;val,train_1_group_vis.csv;train_2_group_vis.csv;train_3_group_vis.csv;train_5_group_vis.csv;val_4_group_vis.csv
CCCC[n+]1cccc2ccccc21,cation,pyridinium,186.278,tox,train;val,train_1_group_tox.csv;train_2_group_tox.csv;train_3_group_tox.csv;train_5_group_tox.csv;val_4_group_tox.csv
CCCC[n+]1ccccc1,cation,pyridinium,136.21799999999996,co2;tox;vis,test;train;val,test_group_co2.csv;train_1_group_co2.csv;train_1_group_tox.csv;train_1_group_vis.csv;train_2_group_co2.csv;train_2_group_tox.csv;train_2_group_vis.csv;train_3_group_co2.csv;train_3_group_tox.csv;train_3_group_vis.csv;train_4_group_co2.csv;train_4_group_tox.csv;train_4_group_vis.csv;train_5_group_co2.csv;train_5_group_tox.csv;train_5_group_vis.csv;val_1_group_co2.csv;val_1_group_vis.csv;val_2_group_co2.csv;val_2_group_tox.csv;val_2_group_vis.csv;val_3_group_co2.csv;val_3_group_vis.csv;val_4_group_co2.csv;val_4_group_tox.csv;val_4_group_vis.csv;val_5_group_co2.csv;val_5_group_tox.csv;val_5_group_vis.csv
CCCC[n+]1ccccc1C,cation,pyridinium,150.24499999999995,tox;vis,train;val,train_1_group_tox.csv;train_1_group_vis.csv;train_2_group_tox.csv;train_2_group_vis.csv;train_3_group_tox.csv;train_3_group_vis.csv;train_4_group_tox.csv;train_4_group_vis.csv;train_5_group_tox.csv;train_5_group_vis.csv;val_2_group_vis.csv;val_3_group_vis.csv;val_4_group_tox.csv;val_5_group_tox.csv
CCCC[n+]1ccn(C(CC)CC)c1,cation,imidazolium,195.32999999999996,vis,train;val,train_1_group_vis.csv;train_3_group_vis.csv;train_4_group_vis.csv;train_5_group_vis.csv;val_2_group_vis.csv
CCCC[n+]1ccn(C)c1,cation,imidazolium,139.22199999999998,co2;vis,test;train;val,test_group_co2.csv;test_group_vis.csv;train_1_group_co2.csv;train_1_group_vis.csv;train_2_group_co2.csv;train_2_group_vis.csv;train_3_group_co2.csv;train_3_group_vis.csv;train_4_group_co2.csv;train_4_group_vis.csv;train_5_group_co2.csv;train_5_group_vis.csv;val_1_group_co2.csv;val_1_group_vis.csv;val_2_group_co2.csv;val_3_group_co2.csv;val_3_group_vis.csv;val_4_group_co2.csv;val_4_group_vis.csv;val_5_group_co2.csv;val_5_group_vis.csv
CCCC[n+]1ccn(C)c1C,cation,imidazolium,153.24899999999997,co2,train;val,train_1_group_co2.csv;train_2_group_co2.csv;train_3_group_co2.csv;train_5_group_co2.csv;val_4_group_co2.csv
CCCC[n+]1ccn(C2CCCC2)c1,cation,imidazolium,193.31399999999994,vis,train;val,train_1_group_vis.csv;train_2_group_vis.csv;train_4_group_vis.csv;train_5_group_vis.csv;val_3_group_vis.csv
CCCC[n+]1ccn(CC)c1,cation,imidazolium,153.249,tox;vis,train;val,train_1_group_tox.csv;train_1_group_vis.csv;train_2_group_tox.csv;train_2_group_vis.csv;train_3_group_vis.csv;train_4_group_tox.csv;train_4_group_vis.csv;train_5_group_tox.csv;train_5_group_vis.csv;val_1_group_vis.csv;val_2_group_vis.csv;val_3_group_tox.csv
CCCC[n+]1ccn(CCC#N)c1,cation,imidazolium,178.259,vis,test;train;val,test_group_vis.csv;train_1_group_vis.csv;train_3_group_vis.csv;train_4_group_vis.csv;train_5_group_vis.csv;val_2_group_vis.csv
CCCC[n+]1ccn(Cc2ccc(C)cc2)c1,cation,imidazolium,229.347,vis,train;val,train_1_group_vis.csv;train_3_group_vis.csv;train_4_group_vis.csv;train_5_group_vis.csv;val_2_group_vis.csv
CCCC[n+]1ccn(Cc2ccccc2)c1,cation,imidazolium,215.32000000000002,vis,train;val,train_1_group_vis.csv;train_2_group_vis.csv;train_3_group_vis.csv;train_5_group_vis.csv;val_4_group_vis.csv
CCCCc1cccc[n+]1CC,cation,pyridinium,164.27199999999993,vis,train;val,train_2_group_vis.csv;train_3_group_vis.csv;train_4_group_vis.csv;train_5_group_vis.csv;val_1_group_vis.csv
CCCCn1c(C)cc(C)[n+]1-c1ccccc1,cation,pyrazolium,229.347,vis,train;val,train_1_group_vis.csv;train_2_group_vis.csv;train_3_group_vis.csv;train_4_group_vis.csv;val_5_group_vis.csv
CCCCn1c[n+](CCCCS(=O)(=O)O)cn1,cation,other N-heterocycle,262.35499999999996,vis,train;val,train_1_group_vis.csv;train_2_group_vis.csv;train_3_group_vis.csv;train_5_group_vis.csv;val_4_group_vis.csv
CCCCn1c[nH+]c2ccccc21,cation,imidazolium,175.255,vis,train;val,train_1_group_vis.csv;train_2_group_vis.csv;train_4_group_vis.csv;train_5_group_vis.csv;val_3_group_vis.csv
CCCCn1cc[n+](C)c1,cation,imidazolium,139.22199999999998,co2;tox;vis,test;train;val,test_group_vis.csv;train_1_group_co2.csv;train_1_group_tox.csv;train_1_group_vis.csv;train_2_group_co2.csv;train_2_group_tox.csv;train_2_group_vis.csv;train_3_group_co2.csv;train_3_group_tox.csv;train_3_group_vis.csv;train_4_group_co2.csv;train_4_group_tox.csv;train_4_group_vis.csv;train_5_group_co2.csv;train_5_group_tox.csv;train_5_group_vis.csv;val_1_group_co2.csv;val_1_group_tox.csv;val_1_group_vis.csv;val_2_group_tox.csv;val_2_group_vis.csv;val_3_group_co2.csv;val_3_group_tox.csv;val_3_group_vis.csv;val_4_group_co2.csv;val_4_group_tox.csv;val_4_group_vis.csv;val_5_group_co2.csv;val_5_group_tox.csv;val_5_group_vis.csv
CCCCn1cc[n+](C)c1C,cation,imidazolium,153.24899999999997,vis,train;val,train_1_group_vis.csv;train_2_group_vis.csv;train_3_group_vis.csv;train_4_group_vis.csv;train_5_group_vis.csv;val_1_group_vis.csv;val_2_group_vis.csv;val_3_group_vis.csv;val_4_group_vis.csv
CCCCn1cc[n+](CC)c1,cation,imidazolium,153.249,tox;vis,test;train;val,test_group_tox.csv;train_1_group_tox.csv;train_1_group_vis.csv;train_2_group_tox.csv;train_2_group_vis.csv;train_3_group_tox.csv;train_3_group_vis.csv;train_4_group_tox.csv;train_5_group_tox.csv;train_5_group_vis.csv;val_4_group_tox.csv;val_4_group_vis.csv;val_5_group_tox.csv
CCCCn1cc[n+](CCC#N)c1,cation,imidazolium,178.259,vis,train;val,train_1_group_vis.csv;train_2_group_vis.csv;train_3_group_vis.csv;train_5_group_vis.csv;val_4_group_vis.csv
CCCCn1cc[n+](CCC(C)C)c1,cation,imidazolium,195.32999999999998,vis,train;val,train_2_group_vis.csv;train_3_group_vis.csv;train_4_group_vis.csv;train_5_group_vis.csv;val_1_group_vis.csv
CCCCn1cc[n+](CCCC)c1,cation,imidazolium,181.30299999999997,vis,train;val,train_1_group_vis.csv;train_2_group_vis.csv;train_3_group_vis.csv;train_4_group_vis.csv;val_5_group_vis.csv
CCCCn1cc[n+](CCCCCCO)c1,cation,imidazolium,225.35599999999994,vis,train;val,train_1_group_vis.csv;train_2_group_vis.csv;train_3_group_vis.csv;train_4_group_vis.csv;val_5_group_vis.csv
CCCCn1cc[n+](CCCCS(=O)(=O)O)c1,cation,imidazolium,261.36699999999996,vis,test,test_group_vis.csv
CCCCn1cc[n+](CCCS(=O)(=O)O)c1,cation,imidazolium,247.33999999999997,vis,train;val,train_1_group_vis.csv;train_2_group_vis.csv;train_3_group_vis.csv;train_4_group_vis.csv;train_5_group_vis.csv;val_2_group_vis.csv;val_5_group_vis.csv
CCCCn1ccc[n+]1C,cation,pyrazolium,139.22199999999998,vis,train;val,train_2_group_vis.csv;train_3_group_vis.csv;train_4_group_vis.csv;train_5_group_vis.csv;val_1_group_vis.csv
CCCOCC[N+]1(C)CCCC1,cation,pyrrolidinium,172.29199999999994,vis,train;val,train_1_group_vis.csv;train_2_group_vis.csv;train_3_group_vis.csv;train_4_group_vis.csv;val_5_group_vis.csv
CCCOCC[n+]1ccccc1,cation,pyridinium,166.244,vis,train;val,train_1_group_vis.csv;train_2_group_vis.csv;train_4_group_vis.csv;train_5_group_vis.csv;val_3_group_vis.csv
CCCOCC[n+]1ccn(C)c1,cation,imidazolium,169.248,vis,train;val,train_1_group_vis.csv;train_3_group_vis.csv;train_4_group_vis.csv;train_5_group_vis.csv;val_2_group_vis.csv
CCCOC[n+]1cccc(O)c1,cation,pyridinium,168.21599999999998,tox,train;val,train_1_group_tox.csv;train_2_group_tox.csv;train_3_group_tox.csv;train_4_group_tox.csv;train_5_group_tox.csv;val_3_group_tox.csv;val_5_group_tox.csv
CCC[N+](C)(C)CC,cation,ammonium,116.22799999999998,vis,test,test_group_vis.csv
CCC[N+](C)(C)CCO,cation,ammonium,132.227,vis,train;val,train_1_group_vis.csv;train_3_group_vis.csv;train_4_group_vis.csv;train_5_group_vis.csv;val_2_group_vis.csv
CCC[N+](C)(CC)CC,cation,ammonium,130.25499999999997,co2;vis,train;val,train_1_group_co2.csv;train_1_group_vis.csv;train_2_group_co2.csv;train_2_group_vis.csv;train_3_group_co2.csv;train_3_group_vis.csv;train_4_group_co2.csv;train_5_group_vis.csv;val_4_group_vis.csv;val_5_group_co2.csv
CCC[N+](C)(CC)CCC,cation,ammonium,144.28199999999998,vis,train;val,train_1_group_vis.csv;train_2_group_vis.csv;train_3_group_vis.csv;train_5_group_vis.csv;val_4_group_vis.csv
CCC[N+]1(C)CCCC1,cation,pyrrolidinium,128.23899999999998,co2;vis,test;train;val,test_group_vis.csv;train_1_group_co2.csv;train_1_group_vis.csv;train_2_group_co2.csv;train_2_group_vis.csv;train_3_group_co2.csv;train_3_group_vis.csv;train_4_group_vis.csv;train_5_group_co2.csv;val_4_group_co2.csv;val_5_group_vis.csv
CCC[N+]1(C)CCCCC1,cation,piperidinium,142.26599999999996,tox;vis,train;val,train_1_group_tox.csv;train_1_group_vis.csv;train_2_group_tox.csv;train_2_group_vis.csv;train_3_group_tox.csv;train_3_group_vis.csv;train_4_group_tox.csv;train_5_group_vis.csv;val_4_group_vis.csv;val_5_group_tox.csv
CCC[N+]1(C)CCOCC1,cation,morpholinium,144.23799999999997,vis,train;val,train_1_group_vis.csv;train_2_group_vis.csv;train_3_group_vis.csv;train_4_group_vis.csv;train_5_group_vis.csv;val_1_group_vis.csv;val_4_group_vis.csv;val_5_group_vis.csv
CCC[NH+](C)C,cation,ammonium,88.17399999999999,vis,train;val,train_1_group_vis.csv;train_2_group_vis.csv;train_3_group_vis.csv;train_4_group_vis.csv;val_5_group_vis.csv
CCC[NH+](C)CCC,cation,ammonium,116.228,vis,train;val,train_1_group_vis.csv;train_2_group_vis.csv;train_3_group_vis.csv;train_5_group_vis.csv;val_4_group_vis.csv
CCC[NH+](CC)CC,cation,ammonium,116.228,vis,train;val,train_1_group_vis.csv;train_2_group_vis.csv;train_4_group_vis.csv;train_5_group_vis.csv;val_3_group_vis.csv
CCC[NH3+],cation,ammonium,60.11999999999999,vis,train;val,train_1_group_vis.csv;train_3_group_vis.csv;train_4_group_vis.csv;train_5_group_vis.csv;val_2_group_vis.csv
CCC[S+]1CCCC1,cation,sulfonium,131.26399999999998,vis,train;val,train_1_group_vis.csv;train_2_group_vis.csv;train_4_group_vis.csv;train_5_group_vis.csv;val_3_group_vis.csv
CCC[n+]1cccc(C)c1,cation,pyridinium,136.21799999999996,vis,train;val,train_1_group_vis.csv;train_2_group_vis.csv;train_3_group_vis.csv;train_5_group_vis.csv;val_4_group_vis.csv
CCC[n+]1ccccc1,cation,pyridinium,122.19099999999995,tox;vis,train;val,train_1_group_tox.csv;train_1_group_vis.csv;train_2_group_tox.csv;train_2_group_vis.csv;train_3_group_vis.csv;train_4_group_tox.csv;train_4_group_vis.csv;train_5_group_tox.csv;train_5_group_vis.csv;val_2_group_vis.csv;val_3_group_tox.csv;val_4_group_vis.csv
CCC[n+]1ccn(C)c1C,cation,imidazolium,139.22199999999998,vis,train;val,train_1_group_vis.csv;train_2_group_vis.csv;train_4_group_vis.csv;train_5_group_vis.csv;val_3_group_vis.csv
CCC[n+]1cn(C)cn1,cation,other N-heterocycle,126.18299999999998,vis,train;val,train_1_group_vis.csv;train_2_group_vis.csv;train_3_group_vis.csv;train_4_group_vis.csv;train_5_group_vis.csv;val_1_group_vis.csv;val_5_group_vis.csv
CCCc1cccc[n+]1CC,cation,pyridinium,150.24499999999995,vis,train;val,train_1_group_vis.csv;train_2_group_vis.csv;train_3_group_vis.csv;train_5_group_vis.csv;val_4_group_vis.csv
CCCn1cc[n+](C)c1,cation,imidazolium,125.19499999999996,tox;vis,train;val,train_1_group_tox.csv;train_1_group_vis.csv;train_2_group_tox.csv;train_2_group_vis.csv;train_3_group_tox.csv;train_3_group_vis.csv;train_4_group_tox.csv;train_4_group_vis.csv;train_5_group_tox.csv;train_5_group_vis.csv;val_1_group_tox.csv;val_1_group_vis.csv;val_3_group_vis.csv;val_4_group_vis.csv;val_5_group_tox.csv
CCCn1cc[n+](C)c1C,cation,imidazolium,139.22199999999998,vis,train;val,train_1_group_vis.csv;train_2_group_vis.csv;train_3_group_vis.csv;train_4_group_vis.csv;train_5_group_vis.csv;val_1_group_vis.csv;val_2_group_vis.csv;val_3_group_vis.csv;val_4_group_vis.csv;val_5_group_vis.csv
CCCn1cc[n+](CC)c1,cation,imidazolium,139.22199999999998,tox,train;val,train_1_group_tox.csv;train_2_group_tox.csv;train_4_group_tox.csv;train_5_group_tox.csv;val_3_group_tox.csv
CCN(CC)c1c(N(CC)CC)[c+]1N(CC)CC,cation,other,252.42599999999996,co2;vis,test;train;val,test_group_vis.csv;train_1_group_co2.csv;train_2_group_co2.csv;train_4_group_co2.csv;train_5_group_co2.csv;val_3_group_co2.csv
CCN=C(N(C)C)[NH+](C)C,cation,ammonium,144.242,vis,train;val,train_1_group_vis.csv;train_2_group_vis.csv;train_3_group_vis.csv;train_4_group_vis.csv;val_5_group_vis.csv
CCOC(=O)C[N+](C)(C)CC,cation,ammonium,160.237,tox,train;val,train_1_group_tox.csv;train_2_group_tox.csv;train_3_group_tox.csv;train_4_group_tox.csv;train_5_group_tox.csv;val_4_group_tox.csv;val_5_group_tox.csv
CCOC(=O)C[N+]1(C)CCCC1,cation,pyrrolidinium,172.24799999999996,tox,train;val,train_1_group_tox.csv;train_2_group_tox.csv;train_3_group_tox.csv;train_4_group_tox.csv;train_5_group_tox.csv;val_2_group_tox.csv;val_5_group_tox.csv
CCOC(=O)C[n+]1ccccc1,cation,pyridinium,166.20000000000002,vis,train;val,train_1_group_vis.csv;train_2_group_vis.csv;train_3_group_vis.csv;train_4_group_vis.csv;val_5_group_vis.csv
CCOC(=O)Cn1cc[n+](C)c1,cation,imidazolium,169.20399999999998,vis,train;val,train_2_group_vis.csv;train_3_group_vis.csv;train_4_group_vis.csv;train_5_group_vis.csv;val_1_group_vis.csv
CCOC(=O)c1ccc[n+](CC)c1,cation,pyridinium,180.22699999999995,vis,train;val,train_1_group_vis.csv;train_2_group_vis.csv;train_4_group_vis.csv;train_5_group_vis.csv;val_3_group_vis.csv
CCOCC[N+](C)(C)CC,cation,ammonium,146.254,tox,train;val,train_1_group_tox.csv;train_2_group_tox.csv;train_3_group_tox.csv;train_4_group_tox.csv;val_5_group_tox.csv
CCOCC[N+]1(C)CCCC1,cation,pyrrolidinium,158.265,tox;vis,train;val,train_1_group_tox.csv;train_1_group_vis.csv;train_2_group_tox.csv;train_2_group_vis.csv;train_3_group_vis.csv;train_4_group_tox.csv;train_4_group_vis.csv;train_5_group_tox.csv;val_3_group_tox.csv;val_5_group_vis.csv
CCOCC[N+]1(C)CCCCC1,cation,piperidinium,172.29199999999997,tox,train;val,train_1_group_tox.csv;train_2_group_tox.csv;train_3_group_tox.csv;train_4_group_tox.csv;train_5_group_tox.csv;val_2_group_tox.csv;val_4_group_tox.csv
CCOCC[N+]1(C)CCOCC1,cation,morpholinium,174.26399999999998,tox,train;val,train_1_group_tox.csv;train_3_group_tox.csv;train_4_group_tox.csv;train_5_group_tox.csv;val_2_group_tox.csv
CCOCC[NH+](C)C,cation,ammonium,118.2,tox,train;val,train_1_group_tox.csv;train_2_group_tox.csv;train_3_group_tox.csv;train_5_group_tox.csv;val_4_group_tox.csv
CCOCC[n+]1ccccc1,cation,pyridinium,152.217,tox;vis,train;val,train_1_group_tox.csv;train_1_group_vis.csv;train_2_group_tox.csv;train_2_group_vis.csv;train_3_group_tox.csv;train_3_group_vis.csv;train_4_group_tox.csv;train_4_group_vis.csv;train_5_group_tox.csv;val_2_group_tox.csv;val_5_group_tox.csv;val_5_group_vis.csv
CCOCCn1cc[n+](C)c1,cation,imidazolium,155.221,tox;vis,train;val,train_1_group_tox.csv;train_1_group_vis.csv;train_2_group_tox.csv;train_2_group_vis.csv;train_3_group_tox.csv;train_3_group_vis.csv;train_4_group_vis.csv;train_5_group_tox.csv;val_4_group_tox.csv;val_5_group_vis.csv
CCOCCn1cc[n+](CC)c1,cation,imidazolium,169.248,vis,test,test_group_vis.csv
CCOC[N+](C)(C)CC,cation,ammonium,132.227,tox,train;val,train_1_group_tox.csv;train_3_group_tox.csv;train_4_group_tox.csv;train_5_group_tox.csv;val_2_group_tox.csv
CCOC[N+]1(C)CCCC1,cation,pyrrolidinium,144.23799999999997,tox;vis,train;val,train_1_group_tox.csv;train_1_group_vis.csv;train_2_group_tox.csv;train_2_group_vis.csv;train_3_group_tox.csv;train_3_group_vis.csv;train_4_group_tox.csv;train_5_group_tox.csv;train_5_group_vis.csv;val_1_group_tox.csv;val_4_group_tox.csv;val_4_group_vis.csv
CCOC[N+]1(C)CCCCC1,cation,piperidinium,158.26499999999996,tox,train;val,train_1_group_tox.csv;train_3_group_tox.csv;train_4_group_tox.csv;train_5_group_tox.csv;val_2_group_tox.csv
CCOC[N+]1(C)CCOCC1,cation,morpholinium,160.23699999999997,tox,train;val,train_2_group_tox.csv;train_3_group_tox.csv;train_4_group_tox.csv;train_5_group_tox.csv;val_1_group_tox.csv
CCOC[P+](CC)(CC)CC,cation,phosphonium,177.24799999999996,vis,train;val,train_1_group_vis.csv;train_2_group_vis.csv;train_3_group_vis.csv;train_5_group_vis.csv;val_4_group_vis.csv
CCOC[n+]1ccccc1,cation,pyridinium,138.18999999999997,tox;vis,train;val,train_1_group_tox.csv;train_2_group_tox.csv;train_2_group_vis.csv;train_3_group_tox.csv;train_3_group_vis.csv;train_4_group_tox.csv;train_4_group_vis.csv;train_5_group_vis.csv;val_1_group_vis.csv;val_5_group_tox.csv
CCOC[n+]1ccn(C)c1,cation,imidazolium,141.194,vis,train;val,train_1_group_vis.csv;train_2_group_vis.csv;train_3_group_vis.csv;train_5_group_vis.csv;val_4_group_vis.csv
CCOCn1cc[n+](C)c1,cation,imidazolium,141.194,tox,train;val,train_1_group_tox.csv;train_2_group_tox.csv;train_3_group_tox.csv;train_4_group_tox.csv;train_5_group_tox.csv;val_1_group_tox.csv;val_3_group_tox.csv
CCOn1cc[n+](OCC)c1,cation,imidazolium,157.19299999999998,co2,train;val,train_2_group_co2.csv;train_3_group_co2.csv;train_4_group_co2.csv;train_5_group_co2.csv;val_1_group_co2.csv
CCS(=O)(=O)CCn1cc[n+](C)c1,cation,imidazolium,203.287,vis,train;val,train_1_group_vis.csv;train_2_group_vis.csv;train_4_group_vis.csv;train_5_group_vis.csv;val_3_group_vis.csv
CCSCC[P+](CC)(CC)CC,cation,phosphonium,207.34299999999996,vis,test;train;val,test_group_vis.csv;train_1_group_vis.csv;train_2_group_vis.csv;train_3_group_vis.csv;train_4_group_vis.csv;val_5_group_vis.csv
CC[N+](C)(C)CC#N,cation,ammonium,113.184,tox,train;val,train_1_group_tox.csv;train_2_group_tox.csv;train_3_group_tox.csv;train_4_group_tox.csv;train_5_group_tox.csv;val_1_group_tox.csv;val_4_group_tox.csv
CC[N+](C)(C)CCCO,cation,ammonium,132.227,tox,train;val,train_1_group_tox.csv;train_2_group_tox.csv;train_4_group_tox.csv;train_5_group_tox.csv;val_3_group_tox.csv
CC[N+](C)(C)CCCOC,cation,ammonium,146.254,tox,train;val,train_1_group_tox.csv;train_2_group_tox.csv;train_3_group_tox.csv;train_4_group_tox.csv;train_5_group_tox.csv;val_3_group_tox.csv;val_5_group_tox.csv
CC[N+](C)(C)CCO,cation,ammonium,118.19999999999999,tox,train;val,train_1_group_tox.csv;train_2_group_tox.csv;train_3_group_tox.csv;train_4_group_tox.csv;train_5_group_tox.csv;val_1_group_tox.csv;val_2_group_tox.csv
CC[N+](C)(C)CCOC,cation,ammonium,132.227,tox;vis,train;val,train_1_group_tox.csv;train_1_group_vis.csv;train_2_group_tox.csv;train_2_group_vis.csv;train_3_group_tox.csv;train_3_group_vis.csv;train_4_group_tox.csv;train_4_group_vis.csv;train_5_group_vis.csv;val_1_group_vis.csv;val_3_group_vis.csv;val_4_group_vis.csv;val_5_group_tox.csv;val_5_group_vis.csv
CC[N+](C)(CC)CCOC,cation,ammonium,146.254,co2;vis,test;train;val,test_group_vis.csv;train_1_group_vis.csv;train_2_group_co2.csv;train_2_group_vis.csv;train_3_group_co2.csv;train_3_group_vis.csv;train_4_group_co2.csv;train_4_group_vis.csv;train_5_group_co2.csv;train_5_group_vis.csv;val_1_group_co2.csv;val_1_group_vis.csv;val_2_group_vis.csv;val_3_group_vis.csv;val_5_group_vis.csv
CC[N+](CC)(CC)CC,cation,ammonium,130.255,tox,train;val,train_1_group_tox.csv;train_2_group_tox.csv;train_3_group_tox.csv;train_4_group_tox.csv;train_5_group_tox.csv;val_2_group_tox.csv;val_3_group_tox.csv
CC[N+](CC)(CC)CCOC,cation,ammonium,160.28099999999998,vis,train;val,train_1_group_vis.csv;train_2_group_vis.csv;train_3_group_vis.csv;train_4_group_vis.csv;train_5_group_vis.csv;val_1_group_vis.csv;val_2_group_vis.csv;val_5_group_vis.csv
CC[N+](CC)=C(N(C)C)N(C)C,cation,ammonium,172.296,vis,train;val,train_1_group_vis.csv;train_2_group_vis.csv;train_4_group_vis.csv;train_5_group_vis.csv;val_3_group_vis.csv
CC[N+]1(C)CCCC1,cation,pyrrolidinium,114.212,vis,test;train;val,test_group_vis.csv;train_1_group_vis.csv;train_2_group_vis.csv;train_3_group_vis.csv;train_4_group_vis.csv;train_5_group_vis.csv;val_1_group_vis.csv;val_3_group_vis.csv;val_5_group_vis.csv
CC[N+]1(C)CCCCC1,cation,piperidinium,128.239,vis,test,test_group_vis.csv
CC[N+]1(C)CCOCC1,cation,morpholinium,130.21099999999998,tox;vis,test;train;val,test_group_vis.csv;train_1_group_tox.csv;train_1_group_vis.csv;train_2_group_tox.csv;train_2_group_vis.csv;train_3_group_vis.csv;train_4_group_tox.csv;train_4_group_vis.csv;train_5_group_tox.csv;train_5_group_vis.csv;val_1_group_vis.csv;val_3_group_tox.csv;val_3_group_vis.csv;val_4_group_vis.csv;val_5_group_vis.csv
CC[NH+](C)CC,cation,ammonium,88.17399999999999,vis,train;val,train_2_group_vis.csv;train_3_group_vis.csv;train_4_group_vis.csv;train_5_group_vis.csv;val_1_group_vis.csv
CC[NH+](CC)CC,cation,ammonium,102.201,vis,train;val,train_1_group_vis.csv;train_2_group_vis.csv;train_3_group_vis.csv;train_4_group_vis.csv;val_5_group_vis.csv
CC[NH+]1C=CN(C)C1,cation,other N-heterocycle,113.184,co2;vis,train;val,train_1_group_co2.csv;train_1_group_vis.csv;train_2_group_co2.csv;train_2_group_vis.csv;train_3_group_co2.csv;train_3_group_vis.csv;train_4_group_co2.csv;train_4_group_vis.csv;train_5_group_co2.csv;train_5_group_vis.csv;val_1_group_vis.csv;val_3_group_co2.csv;val_4_group_co2.csv;val_5_group_vis.csv
CC[NH+]1C=CN=C1,cation,other N-heterocycle,97.14099999999999,co2;vis,train;val,train_1_group_co2.csv;train_1_group_vis.csv;train_2_group_vis.csv;train_3_group_co2.csv;train_4_group_co2.csv;train_4_group_vis.csv;train_5_group_co2.csv;train_5_group_vis.csv;val_2_group_co2.csv;val_3_group_vis.csv
CC[NH2+]CC,cation,ammonium,74.14699999999999,vis,train;val,train_1_group_vis.csv;train_2_group_vis.csv;train_3_group_vis.csv;train_5_group_vis.csv;val_4_group_vis.csv
CC[NH3+],cation,ammonium,46.092999999999996,co2;vis,test;train;val,test_group_vis.csv;train_1_group_co2.csv;train_1_group_vis.csv;train_2_group_co2.csv;train_2_group_vis.csv;train_3_group_co2.csv;train_3_group_vis.csv;train_4_group_co2.csv;train_4_group_vis.csv;train_5_group_vis.csv;val_2_group_vis.csv;val_3_group_vis.csv;val_4_group_vis.csv;val_5_group_co2.csv;val_5_group_vis.csv
CC[P+](CC)(CC)CCOC,cation,phosphonium,177.24799999999996,vis,train;val,train_1_group_vis.csv;train_2_group_vis.csv;train_3_group_vis.csv;train_5_group_vis.csv;val_4_group_vis.csv
CC[P+](CC)(CC)CCSC,cation,phosphonium,193.31599999999997,vis,train;val,train_1_group_vis.csv;train_2_group_vis.csv;train_3_group_vis.csv;train_4_group_vis.csv;train_5_group_vis.csv;val_3_group_vis.csv;val_4_group_vis.csv
CC[P+](CC)(CC)COCCOC,cation,phosphonium,207.27399999999994,vis,train;val,train_1_group_vis.csv;train_2_group_vis.csv;train_3_group_vis.csv;train_4_group_vis.csv;train_5_group_vis.csv;val_1_group_vis.csv;val_4_group_vis.csv;val_5_group_vis.csv
CC[P+](CC)(CC)CSC,cation,phosphonium,179.289,vis,train;val,train_1_group_vis.csv;train_2_group_vis.csv;train_3_group_vis.csv;train_4_group_vis.csv;train_5_group_vis.csv;val_1_group_vis.csv;val_2_group_vis.csv
CC[S+](C)CC,cation,sulfonium,105.226,tox;vis,train;val,train_1_group_vis.csv;train_2_group_tox.csv;train_3_group_tox.csv;train_3_group_vis.csv;train_4_group_tox.csv;train_4_group_vis.csv;train_5_group_tox.csv;train_5_group_vis.csv;val_1_group_tox.csv;val_2_group_vis.csv
CC[S+](CC)CC,cation,sulfonium,119.253,co2;tox;vis,test;train;val,test_group_vis.csv;train_1_group_tox.csv;train_2_group_co2.csv;train_2_group_tox.csv;train_3_group_co2.csv;train_3_group_tox.csv;train_4_group_co2.csv;train_4_group_tox.csv;train_5_group_co2.csv;val_1_group_co2.csv;val_5_group_tox.csv
CC[S+]1CCCC1,cation,sulfonium,117.23700000000001,vis,train;val,train_1_group_vis.csv;train_2_group_vis.csv;train_3_group_vis.csv;train_4_group_vis.csv;val_5_group_vis.csv
CC[n+]1cc(C)n(C)c1,cation,imidazolium,125.195,vis,train;val,train_1_group_vis.csv;train_2_group_vis.csv;train_4_group_vis.csv;train_5_group_vis.csv;val_3_group_vis.csv
CC[n+]1ccc(C)cc1,cation,pyridinium,122.19099999999997,vis,train;val,train_1_group_vis.csv;train_2_group_vis.csv;train_3_group_vis.csv;train_5_group_vis.csv;val_4_group_vis.csv
CC[n+]1ccc(N(C)C)cc1,cation,pyridinium,151.233,tox,train;val,train_1_group_tox.csv;train_3_group_tox.csv;train_4_group_tox.csv;train_5_group_tox.csv;val_2_group_tox.csv
CC[n+]1cccc(C)c1,cation,pyridinium,122.19099999999997,vis,train;val,train_1_group_vis.csv;train_2_group_vis.csv;train_3_group_vis.csv;train_4_group_vis.csv;train_5_group_vis.csv;val_4_group_vis.csv;val_5_group_vis.csv
CC[n+]1ccccc1,cation,pyridinium,108.16399999999997,tox;vis,train;val,train_1_group_vis.csv;train_2_group_tox.csv;train_2_group_vis.csv;train_3_group_tox.csv;train_3_group_vis.csv;train_4_group_tox.csv;train_4_group_vis.csv;train_5_group_tox.csv;train_5_group_vis.csv;val_1_group_tox.csv;val_2_group_vis.csv;val_3_group_vis.csv
CC[n+]1ccccc1C,cation,pyridinium,122.19099999999997,vis,train;val,train_1_group_vis.csv;train_2_group_vis.csv;train_3_group_vis.csv;train_5_group_vis.csv;val_4_group_vis.csv
CC[n+]1ccn(C)c1,cation,imidazolium,111.16799999999999,co2,test;train;val,test_group_co2.csv;train_1_group_co2.csv;train_2_group_co2.csv;train_3_group_co2.csv;train_4_group_co2.csv;train_5_group_co2.csv;val_1_group_co2.csv;val_2_group_co2.csv;val_3_group_co2.csv;val_4_group_co2.csv;val_5_group_co2.csv
CC[n+]1ccn(CCOC)c1,cation,imidazolium,155.221,vis,test,test_group_vis.csv
CC[n+]1ccn(Cc2ccc(C)cc2)c1,cation,imidazolium,201.293,vis,train;val,train_1_group_vis.csv;train_3_group_vis.csv;train_4_group_vis.csv;train_5_group_vis.csv;val_2_group_vis.csv
CCc1cccc[n+]1CC,cation,pyridinium,136.218,vis,train;val,train_1_group_vis.csv;train_2_group_vis.csv;train_4_group_vis.csv;train_5_group_vis.csv;val_3_group_vis.csv
CCn1cc(C)[n+](C)c1,cation,imidazolium,125.195,vis,test,test_group_vis.csv
CCn1cc(C)[n+](CC)c1,cation,imidazolium,139.222,vis,train;val,train_2_group_vis.csv;train_3_group_vis.csv;train_4_group_vis.csv;train_5_group_vis.csv;val_1_group_vis.csv
CCn1cc[n+](C)c1,cation,imidazolium,111.16799999999999,co2;tox;vis,test;train;val,test_group_tox.csv;test_group_vis.csv;train_1_group_co2.csv;train_1_group_tox.csv;train_1_group_vis.csv;train_2_group_co2.csv;train_2_group_tox.csv;train_2_group_vis.csv;train_3_group_co2.csv;train_3_group_tox.csv;train_3_group_vis.csv;train_4_group_co2.csv;train_4_group_tox.csv;train_4_group_vis.csv;train_5_group_co2.csv;train_5_group_tox.csv;train_5_group_vis.csv;val_1_group_tox.csv;val_1_group_vis.csv;val_2_group_co2.csv;val_2_group_tox.csv;val_2_group_vis.csv;val_3_group_tox.csv;val_3_group_vis.csv;val_4_group_tox.csv;val_4_group_vis.csv;val_5_group_co2.csv;val_5_group_tox.csv;val_5_group_vis.csv
CCn1cc[n+](C)c1C,cation,imidazolium,125.195,co2;vis,train;val,train_1_group_co2.csv;train_1_group_vis.csv;train_2_group_co2.csv;train_3_group_co2.csv;train_3_group_vis.csv;train_4_group_co2.csv;train_4_group_vis.csv;train_5_group_vis.csv;val_2_group_vis.csv;val_5_group_co2.csv
CCn1cc[n+](CC)c1,cation,imidazolium,125.195,vis,train;val,train_1_group_vis.csv;train_2_group_vis.csv;train_3_group_vis.csv;train_4_group_vis.csv;train_5_group_vis.csv;val_2_group_vis.csv;val_3_group_vis.csv;val_4_group_vis.csv
CCn1cc[n+](CCOC)c1,cation,imidazolium,155.221,vis,train;val,train_1_group_vis.csv;train_2_group_vis.csv;train_3_group_vis.csv;train_4_group_vis.csv;train_5_group_vis.csv;val_1_group_vis.csv;val_2_group_vis.csv
CCn1cc[nH+]c1,cation,imidazolium,97.14099999999999,vis,train;val,train_1_group_vis.csv;train_2_group_vis.csv;train_3_group_vis.csv;train_4_group_vis.csv;val_5_group_vis.csv
CCn1ccc[n+]1C,cation,pyrazolium,111.16799999999999,vis,train;val,train_1_group_vis.csv;train_2_group_vis.csv;train_3_group_vis.csv;train_4_group_vis.csv;val_5_group_vis.csv
CN(C)C(=N)[NH+](C)C,cation,ammonium,116.18799999999999,co2;vis,test;train;val,test_group_co2.csv;train_1_group_vis.csv;train_2_group_vis.csv;train_3_group_vis.csv;train_5_group_vis.csv;val_4_group_vis.csv
CN(C)C(N)=[N+](C)C,cation,ammonium,116.188,vis,test;train;val,test_group_vis.csv;train_1_group_vis.csv;train_2_group_vis.csv;train_3_group_vis.csv;train_4_group_vis.csv;train_5_group_vis.csv;val_4_group_vis.csv;val_5_group_vis.csv
CN(C)c1cc[n+](C)cc1,cation,pyridinium,137.206,tox,train;val,train_1_group_tox.csv;train_2_group_tox.csv;train_3_group_tox.csv;train_5_group_tox.csv;val_4_group_tox.csv
CN1C=C[NH+](C)C1,cation,other N-heterocycle,99.157,co2,train;val,train_1_group_co2.csv;train_2_group_co2.csv;train_3_group_co2.csv;train_4_group_co2.csv;train_5_group_co2.csv;val_2_group_co2.csv;val_3_group_co2.csv
CN1C=C[NH+](CCO)C1,cation,other N-heterocycle,129.183,co2,train;val,train_1_group_co2.csv;train_3_group_co2.csv;train_4_group_co2.csv;train_5_group_co2.csv;val_2_group_co2.csv
CN1CCC[NH+]2CCCN=C12,cation,other N-heterocycle,154.237,vis,train;val,train_1_group_vis.csv;train_3_group_vis.csv;train_4_group_vis.csv;train_5_group_vis.csv;val_2_group_vis.csv
COC(=O)C([NH3+])Cc1ccccc1,cation,ammonium,180.22700000000003,vis,train;val,train_1_group_vis.csv;train_2_group_vis.csv;train_4_group_vis.csv;train_5_group_vis.csv;val_3_group_vis.csv
COC(=O)C1CCC[NH2+]1,cation,pyrrolidinium,130.167,vis,train;val,train_1_group_vis.csv;train_2_group_vis.csv;train_3_group_vis.csv;train_4_group_vis.csv;val_5_group_vis.csv
COC(C)Cn1cc[n+](C)c1,cation,imidazolium,155.221,tox,train;val,train_1_group_tox.csv;train_2_group_tox.csv;train_3_group_tox.csv;train_4_group_tox.csv;train_5_group_tox.csv;val_3_group_tox.csv;val_5_group_tox.csv
COCCCCn1cc[n+](C)c1,cation,imidazolium,169.248,vis,train;val,train_1_group_vis.csv;train_3_group_vis.csv;train_4_group_vis.csv;train_5_group_vis.csv;val_2_group_vis.csv
COCCC[N+]1(C)CCCC1,cation,pyrrolidinium,158.265,tox;vis,train;val,train_1_group_vis.csv;train_2_group_tox.csv;train_3_group_tox.csv;train_3_group_vis.csv;train_4_group_tox.csv;train_4_group_vis.csv;train_5_group_tox.csv;train_5_group_vis.csv;val_1_group_tox.csv;val_2_group_vis.csv
COCCC[N+]1(C)CCCCC1,cation,piperidinium,172.29199999999997,tox,train;val,train_1_group_tox.csv;train_2_group_tox.csv;train_3_group_tox.csv;train_4_group_tox.csv;train_5_group_tox.csv;val_1_group_tox.csv;val_4_group_tox.csv
COCCC[N+]1(C)CCOCC1,cation,morpholinium,174.26399999999998,tox,train;val,train_1_group_tox.csv;train_2_group_tox.csv;train_3_group_tox.csv;train_4_group_tox.csv;train_5_group_tox.csv;val_1_group_tox.csv;val_5_group_tox.csv
COCCC[n+]1ccccc1,cation,pyridinium,152.217,tox;vis,train;val,train_1_group_tox.csv;train_2_group_tox.csv;train_2_group_vis.csv;train_3_group_tox.csv;train_3_group_vis.csv;train_4_group_tox.csv;train_4_group_vis.csv;train_5_group_tox.csv;train_5_group_vis.csv;val_1_group_tox.csv;val_1_group_vis.csv;val_5_group_tox.csv
COCCC[n+]1ccn(C)c1,cation,imidazolium,155.221,vis,train;val,train_1_group_vis.csv;train_2_group_vis.csv;train_4_group_vis.csv;train_5_group_vis.csv;val_3_group_vis.csv
COCCCn1cc[n+](C)c1,cation,imidazolium,155.221,tox,train;val,train_1_group_tox.csv;train_2_group_tox.csv;train_3_group_tox.csv;train_4_group_tox.csv;val_5_group_tox.csv
COCCOCCOCC[n+]1ccccc1,cation,pyridinium,226.29600000000002,co2;vis,train;val,train_1_group_co2.csv;train_1_group_vis.csv;train_2_group_co2.csv;train_2_group_vis.csv;train_3_group_co2.csv;train_3_group_vis.csv;train_4_group_vis.csv;train_5_group_co2.csv;val_4_group_co2.csv;val_5_group_vis.csv
COCCOCC[n+]1ccccc1,cation,pyridinium,182.24300000000005,co2;vis,test;train;val,test_group_co2.csv;train_1_group_vis.csv;train_2_group_vis.csv;train_3_group_vis.csv;train_5_group_vis.csv;val_4_group_vis.csv
COCCOCCn1cc[n+](C)c1,cation,imidazolium,185.24700000000004,vis,train;val,train_1_group_vis.csv;train_2_group_vis.csv;train_3_group_vis.csv;train_4_group_vis.csv;train_5_group_vis.csv;val_1_group_vis.csv;val_3_group_vis.csv
COCC[N+](C)(C)C,cation,ammonium,118.19999999999999,vis,train;val,train_1_group_vis.csv;train_2_group_vis.csv;train_4_group_vis.csv;train_5_group_vis.csv;val_3_group_vis.csv
COCC[N+]1(C)CCCC1,cation,pyrrolidinium,144.23799999999997,tox;vis,train;val,train_1_group_tox.csv;train_1_group_vis.csv;train_2_group_tox.csv;train_2_group_vis.csv;train_3_group_tox.csv;train_3_group_vis.csv;train_4_group_tox.csv;train_4_group_vis.csv;train_5_group_tox.csv;train_5_group_vis.csv;val_1_group_tox.csv;val_2_group_tox.csv;val_2_group_vis.csv;val_3_group_tox.csv;val_3_group_vis.csv
COCC[N+]1(C)CCCCC1,cation,piperidinium,158.26499999999996,tox,train;val,train_1_group_tox.csv;train_2_group_tox.csv;train_3_group_tox.csv;train_4_group_tox.csv;train_5_group_tox.csv;val_1_group_tox.csv;val_2_group_tox.csv
COCC[N+]1(C)CCOCC1,cation,morpholinium,160.23699999999997,tox;vis,train;val,train_1_group_tox.csv;train_1_group_vis.csv;train_2_group_tox.csv;train_2_group_vis.csv;train_3_group_tox.csv;train_3_group_vis.csv;train_4_group_tox.csv;train_4_group_vis.csv;train_5_group_tox.csv;val_2_group_tox.csv;val_4_group_tox.csv;val_5_group_vis.csv
COCC[NH+]1C=CN(C)C1,cation,other N-heterocycle,143.20999999999995,co2,train;val,train_1_group_co2.csv;train_2_group_co2.csv;train_3_group_co2.csv;train_4_group_co2.csv;val_5_group_co2.csv
COCC[NH2+]CCOC,cation,ammonium,134.199,tox,train;val,train_2_group_tox.csv;train_3_group_tox.csv;train_4_group_tox.csv;train_5_group_tox.csv;val_1_group_tox.csv
COCC[n+]1ccccc1,cation,pyridinium,138.18999999999997,co2;tox;vis,train;val,train_1_group_co2.csv;train_1_group_tox.csv;train_1_group_vis.csv;train_2_group_co2.csv;train_2_group_tox.csv;train_2_group_vis.csv;train_3_group_co2.csv;train_3_group_tox.csv;train_3_group_vis.csv;train_4_group_co2.csv;train_4_group_tox.csv;train_4_group_vis.csv;train_5_group_co2.csv;train_5_group_tox.csv;train_5_group_vis.csv;val_1_group_co2.csv;val_2_group_co2.csv;val_2_group_tox.csv;val_2_group_vis.csv;val_3_group_co2.csv;val_3_group_vis.csv;val_5_group_co2.csv;val_5_group_tox.csv;val_5_group_vis.csv
COCC[n+]1ccn(C)c1,cation,imidazolium,141.194,co2,train;val,train_2_group_co2.csv;train_3_group_co2.csv;train_4_group_co2.csv;train_5_group_co2.csv;val_1_group_co2.csv
COCCn1cc[n+](C)c1,cation,imidazolium,141.194,tox;vis,train;val,train_1_group_tox.csv;train_1_group_vis.csv;train_2_group_tox.csv;train_2_group_vis.csv;train_3_group_tox.csv;train_3_group_vis.csv;train_4_group_tox.csv;train_4_group_vis.csv;train_5_group_tox.csv;train_5_group_vis.csv;val_1_group_vis.csv;val_2_group_tox.csv;val_2_group_vis.csv;val_4_group_tox.csv;val_5_group_vis.csv
COC[N+]1(C)CCCC1,cation,pyrrolidinium,130.21099999999998,co2;vis,train;val,train_1_group_co2.csv;train_1_group_vis.csv;train_2_group_vis.csv;train_3_group_co2.csv;train_3_group_vis.csv;train_4_group_co2.csv;train_5_group_co2.csv;train_5_group_vis.csv;val_2_group_co2.csv;val_4_group_vis.csv
COC[n+]1ccccc1,cation,pyridinium,124.16299999999995,vis,train;val,train_1_group_vis.csv;train_2_group_vis.csv;train_4_group_vis.csv;train_5_group_vis.csv;val_3_group_vis.csv
COCn1cc[n+](C)c1,cation,imidazolium,127.16699999999997,vis,train;val,train_1_group_vis.csv;train_2_group_vis.csv;train_3_group_vis.csv;train_4_group_vis.csv;val_5_group_vis.csv
COc1ccc(-[n+]2c(C)cc(C)n2C)cc1,cation,pyrazolium,217.292,vis,train;val,train_2_group_vis.csv;train_3_group_vis.csv;train_4_group_vis.csv;train_5_group_vis.csv;val_1_group_vis.csv
C[N+](C)(C)C,cation,ammonium,74.14699999999999,tox,train;val,train_1_group_tox.csv;train_3_group_tox.csv;train_4_group_tox.csv;train_5_group_tox.csv;val_2_group_tox.csv
C[N+](C)(C)CCCC(=O)O,cation,ammonium,146.21,vis,train;val,train_2_group_vis.csv;train_3_group_vis.csv;train_4_group_vis.csv;train_5_group_vis.csv;val_1_group_vis.csv
C[N+](C)(C)CCO,cation,ammonium,104.17299999999999,co2;tox;vis,test;train;val,test_group_vis.csv;train_1_group_co2.csv;train_1_group_tox.csv;train_1_group_vis.csv;train_2_group_co2.csv;train_2_group_tox.csv;train_2_group_vis.csv;train_3_group_co2.csv;train_3_group_tox.csv;train_3_group_vis.csv;train_4_group_co2.csv;train_4_group_tox.csv;train_4_group_vis.csv;train_5_group_tox.csv;train_5_group_vis.csv;val_1_group_tox.csv;val_1_group_vis.csv;val_3_group_tox.csv;val_3_group_vis.csv;val_4_group_vis.csv;val_5_group_co2.csv;val_5_group_vis.csv
C[N+](C)(CCCS(=O)(=O)O)C1CCCCC1,cation,ammonium,250.38399999999993,vis,train;val,train_2_group_vis.csv;train_3_group_vis.csv;train_4_group_vis.csv;train_5_group_vis.csv;val_1_group_vis.csv
C[N+](C)(CCO)CCCNC(=O)C(O)C(O)C(O)C(O)CO,cation,ammonium,325.38200000000006,vis,train;val,train_1_group_vis.csv;train_3_group_vis.csv;train_4_group_vis.csv;train_5_group_vis.csv;val_2_group_vis.csv
C[N+](C)=CCl,cation,ammonium,92.549,vis,train;val,train_1_group_vis.csv;train_2_group_vis.csv;train_4_group_vis.csv;train_5_group_vis.csv;val_3_group_vis.csv
C[N+](CCO)(CCO)CCO,cation,ammonium,164.22499999999997,co2;vis,test;train;val,test_group_vis.csv;train_2_group_co2.csv;train_3_group_co2.csv;train_4_group_co2.csv;train_5_group_co2.csv;val_1_group_co2.csv
C[N+]1(C#N)CCOCC1,cation,morpholinium,127.167,tox,train;val,train_1_group_tox.csv;train_2_group_tox.csv;train_3_group_tox.csv;train_4_group_tox.csv;val_5_group_tox.csv
C[N+]1(CC#N)CCCC1,cation,pyrrolidinium,125.19500000000001,tox,train;val,train_1_group_tox.csv;train_2_group_tox.csv;train_3_group_tox.csv;train_4_group_tox.csv;train_5_group_tox.csv;val_2_group_tox.csv;val_4_group_tox.csv
C[N+]1(CC#N)CCCCC1,cation,piperidinium,139.222,tox,train;val,train_1_group_tox.csv;train_2_group_tox.csv;train_4_group_tox.csv;train_5_group_tox.csv;val_3_group_tox.csv
C[N+]1(CC#N)CCOCC1,cation,morpholinium,141.194,tox,train;val,train_2_group_tox.csv;train_3_group_tox.csv;train_4_group_tox.csv;train_5_group_tox.csv;val_1_group_tox.csv
C[N+]1(CCCC#N)CCOCC1,cation,morpholinium,169.248,vis,test,test_group_vis.csv
C[N+]1(CCCO)CCCC1,cation,pyrrolidinium,144.23799999999997,tox,test;train;val,test_group_tox.csv;train_2_group_tox.csv;train_3_group_tox.csv;train_4_group_tox.csv;train_5_group_tox.csv;val_1_group_tox.csv
C[N+]1(CCCO)CCCCC1,cation,piperidinium,158.26499999999996,tox,train;val,train_1_group_tox.csv;train_2_group_tox.csv;train_3_group_tox.csv;train_4_group_tox.csv;train_5_group_tox.csv;val_2_group_tox.csv;val_5_group_tox.csv
C[N+]1(CCCO)CCOCC1,cation,morpholinium,160.23699999999997,tox;vis,train;val,train_1_group_tox.csv;train_1_group_vis.csv;train_2_group_tox.csv;train_2_group_vis.csv;train_3_group_tox.csv;train_3_group_vis.csv;train_4_group_tox.csv;train_4_group_vis.csv;train_5_group_tox.csv;train_5_group_vis.csv;val_1_group_tox.csv;val_3_group_vis.csv;val_5_group_tox.csv;val_5_group_vis.csv
C[N+]1(CCO)CCCC1,cation,pyrrolidinium,130.21099999999998,tox;vis,test;train;val,test_group_tox.csv;train_1_group_tox.csv;train_1_group_vis.csv;train_3_group_tox.csv;train_3_group_vis.csv;train_4_group_tox.csv;train_4_group_vis.csv;train_5_group_tox.csv;train_5_group_vis.csv;val_2_group_tox.csv;val_2_group_vis.csv
C[N+]1(CCO)CCCCC1,cation,piperidinium,144.23799999999997,tox,test;train;val,test_group_tox.csv;train_1_group_tox.csv;train_2_group_tox.csv;train_3_group_tox.csv;train_5_group_tox.csv;val_4_group_tox.csv
C[N+]1(CCO)CCOCC1,cation,morpholinium,146.20999999999998,tox,test;train;val,test_group_tox.csv;train_1_group_tox.csv;train_2_group_tox.csv;train_3_group_tox.csv;train_5_group_tox.csv;val_4_group_tox.csv
C[N+]1(CCOC(=O)C(O)(c2ccccc2)c2ccccc2)CCCC1,cation,pyrrolidinium,340.4430000000002,vis,train;val,train_1_group_vis.csv;train_2_group_vis.csv;train_4_group_vis.csv;train_5_group_vis.csv;val_3_group_vis.csv
C[N+]1(Cc2ccccc2)CCOCC1,cation,morpholinium,192.2819999999999,tox,test;train;val,test_group_tox.csv;train_1_group_tox.csv;train_2_group_tox.csv;train_3_group_tox.csv;train_4_group_tox.csv;train_5_group_tox.csv;val_1_group_tox.csv;val_2_group_tox.csv;val_3_group_tox.csv;val_4_group_tox.csv;val_5_group_tox.csv
C[NH+](C)C,cation,ammonium,60.120000000000005,vis,train;val,train_1_group_vis.csv;train_2_group_vis.csv;train_3_group_vis.csv;train_4_group_vis.csv;train_5_group_vis.csv;val_1_group_vis.csv;val_2_group_vis.csv
C[NH+](C)CCO,cation,ammonium,90.146,tox,train;val,train_1_group_tox.csv;train_2_group_tox.csv;train_3_group_tox.csv;train_4_group_tox.csv;train_5_group_tox.csv;val_1_group_tox.csv;val_2_group_tox.csv
C[NH+](CCO)CCO,cation,ammonium,120.17199999999998,co2;vis,test;train;val,test_group_vis.csv;train_1_group_co2.csv;train_1_group_vis.csv;train_2_group_co2.csv;train_2_group_vis.csv;train_3_group_co2.csv;train_3_group_vis.csv;train_5_group_co2.csv;train_5_group_vis.csv;val_4_group_co2.csv;val_4_group_vis.csv
C[NH+]1C=CN(CCCO)C1,cation,other N-heterocycle,143.21,co2,train;val,train_1_group_co2.csv;train_2_group_co2.csv;train_4_group_co2.csv;train_5_group_co2.csv;val_3_group_co2.csv
C[NH+]1C=CN=C1,cation,other N-heterocycle,83.11399999999999,tox;vis,test;train;val,test_group_tox.csv;train_1_group_vis.csv;train_2_group_vis.csv;train_4_group_vis.csv;train_5_group_vis.csv;val_3_group_vis.csv
C[NH+]1CCCC1=O,cation,pyrrolidinium,100.14099999999999,co2;vis,test;train;val,test_group_co2.csv;test_group_vis.csv;train_1_group_vis.csv;train_2_group_vis.csv;train_3_group_vis.csv;train_4_group_vis.csv;train_5_group_vis.csv;val_2_group_vis.csv;val_3_group_vis.csv;val_4_group_vis.csv;val_5_group_vis.csv
C[NH2+]CCO,cation,ammonium,76.119,co2;vis,train;val,train_1_group_co2.csv;train_1_group_vis.csv;train_2_group_vis.csv;train_3_group_co2.csv;train_3_group_vis.csv;train_4_group_co2.csv;train_4_group_vis.csv;train_5_group_co2.csv;train_5_group_vis.csv;val_1_group_vis.csv;val_2_group_co2.csv;val_3_group_vis.csv;val_4_group_vis.csv;val_5_group_vis.csv
C[NH3+],cation,ammonium,32.066,vis,train;val,train_1_group_vis.csv;train_3_group_vis.csv;train_4_group_vis.csv;train_5_group_vis.csv;val_2_group_vis.csv
C[n+]1cc[nH]c1,cation,imidazolium,83.11399999999999,vis,train;val,train_1_group_vis.csv;train_3_group_vis.csv;train_4_group_vis.csv;train_5_group_vis.csv;val_2_group_vis.csv
C[n+]1ccccc1,cation,pyridinium,94.13699999999999,vis,train;val,train_1_group_vis.csv;train_2_group_vis.csv;train_3_group_vis.csv;train_4_group_vis.csv;val_5_group_vis.csv
C[n+]1ccn(CC#N)c1,cation,imidazolium,122.151,tox,train;val,train_1_group_tox.csv;train_3_group_tox.csv;train_4_group_tox.csv;train_5_group_tox.csv;val_2_group_tox.csv
C[n+]1ccn(CC(F)(F)F)c1,cation,imidazolium,165.138,vis,test,test_group_vis.csv
C[n+]1ccn(CCC(F)(F)C(F)(F)C(F)(F)C(F)(F)C(F)(F)C(F)(F)F)c1,cation,imidazolium,429.19999999999993,tox,train;val,train_2_group_tox.csv;train_3_group_tox.csv;train_4_group_tox.csv;train_5_group_tox.csv;val_1_group_tox.csv
C[n+]1ccn(CCCC(=O)O)c1,cation,imidazolium,169.204,tox,train;val,train_1_group_tox.csv;train_2_group_tox.csv;train_4_group_tox.csv;train_5_group_tox.csv;val_3_group_tox.csv
C[n+]1ccn(CCCCC#N)c1,cation,imidazolium,164.23200000000003,vis,train;val,train_2_group_vis.csv;train_3_group_vis.csv;train_4_group_vis.csv;train_5_group_vis.csv;val_1_group_vis.csv
C[n+]1ccn(CCCCCCCC(=O)O)c1,cation,imidazolium,225.31199999999998,tox,train;val,train_1_group_tox.csv;train_2_group_tox.csv;train_3_group_tox.csv;train_5_group_tox.csv;val_4_group_tox.csv
C[n+]1ccn(CCCCCCCCO)c1,cation,imidazolium,211.32899999999998,tox,train;val,train_1_group_tox.csv;train_2_group_tox.csv;train_3_group_tox.csv;train_4_group_tox.csv;val_5_group_tox.csv
C[n+]1ccn(CCCCO)c1,cation,imidazolium,155.22100000000003,tox,train;val,train_1_group_tox.csv;train_2_group_tox.csv;train_3_group_tox.csv;train_4_group_tox.csv;val_5_group_tox.csv
C[n+]1ccn(CCCCS(=O)(=O)O)c1,cation,imidazolium,219.286,co2,train;val,train_1_group_co2.csv;train_2_group_co2.csv;train_4_group_co2.csv;train_5_group_co2.csv;val_3_group_co2.csv
C[n+]1ccn(CCCO)c1,cation,imidazolium,141.19400000000002,tox,test;train;val,test_group_tox.csv;train_1_group_tox.csv;train_3_group_tox.csv;train_4_group_tox.csv;train_5_group_tox.csv;val_2_group_tox.csv
C[n+]1ccn(CCO)c1,cation,imidazolium,127.16699999999999,co2;tox;vis,train;val,train_1_group_co2.csv;train_1_group_tox.csv;train_1_group_vis.csv;train_2_group_co2.csv;train_2_group_tox.csv;train_2_group_vis.csv;train_3_group_co2.csv;train_3_group_tox.csv;train_3_group_vis.csv;train_4_group_co2.csv;train_4_group_tox.csv;train_4_group_vis.csv;train_5_group_co2.csv;train_5_group_tox.csv;train_5_group_vis.csv;val_1_group_tox.csv;val_1_group_vis.csv;val_2_group_co2.csv;val_2_group_vis.csv;val_3_group_co2.csv;val_3_group_tox.csv;val_3_group_vis.csv;val_4_group_vis.csv;val_5_group_vis.csv
C[n+]1ccn(CCc2ccccc2)c1,cation,imidazolium,187.26600000000002,tox,test,test_group_tox.csv
C[n+]1ccn(Cc2ccccc2)c1,cation,imidazolium,173.239,tox;vis,train;val,train_1_group_tox.csv;train_1_group_vis.csv;train_2_group_tox.csv;train_2_group_vis.csv;train_3_group_tox.csv;train_3_group_vis.csv;train_4_group_tox.csv;train_4_group_vis.csv;train_5_group_tox.csv;train_5_group_vis.csv;val_2_group_tox.csv;val_2_group_vis.csv;val_4_group_tox.csv;val_4_group_vis.csv
C[n+]1cn(CCCCS(=O)(=O)O)c2ccccc21,cation,imidazolium,269.346,vis,train;val,train_1_group_vis.csv;train_2_group_vis.csv;train_3_group_vis.csv;train_5_group_vis.csv;val_4_group_vis.csv
Cc1c(CCO)sc[n+]1Cc1ccccc1,cation,other N-heterocycle,234.34400000000002,vis,train;val,train_1_group_vis.csv;train_2_group_vis.csv;train_3_group_vis.csv;train_4_group_vis.csv;val_5_group_vis.csv
Cc1cc(C)[n+](-c2ccc(Cl)cc2)n1C,cation,pyrazolium,221.711,vis,test,test_group_vis.csv
Cc1cc(C)[n+](-c2ccccc2)n1C,cation,pyrazolium,187.26600000000002,vis,test,test_group_vis.csv
Cc1ccc(-[n+]2c(C)cc(C)n2C)cc1,cation,pyrazolium,201.293,vis,train;val,train_1_group_vis.csv;train_2_group_vis.csv;train_4_group_vis.csv;train_5_group_vis.csv;val_3_group_vis.csv
Cc1ccc(CN2C=C[NH+](C)C2)cc1,cation,other N-heterocycle,189.282,tox,train;val,train_2_group_tox.csv;train_3_group_tox.csv;train_4_group_tox.csv;train_5_group_tox.csv;val_1_group_tox.csv
Cc1ccc(Cn2cc[n+](C)c2)cc1,cation,imidazolium,187.26600000000002,tox,test;train;val,test_group_tox.csv;train_1_group_tox.csv;train_2_group_tox.csv;train_3_group_tox.csv;train_4_group_tox.csv;train_5_group_tox.csv;val_1_group_tox.csv;val_3_group_tox.csv
Cc1ccc[n+](C)c1,cation,pyridinium,108.164,vis,train;val,train_1_group_vis.csv;train_3_group_vis.csv;train_4_group_vis.csv;train_5_group_vis.csv;val_2_group_vis.csv
Cc1ccc[n+](CC(C)C)c1,cation,pyridinium,150.245,vis,train;val,train_1_group_vis.csv;train_3_group_vis.csv;train_4_group_vis.csv;train_5_group_vis.csv;val_2_group_vis.csv
Cc1cccc[nH+]1,cation,pyridinium,94.137,vis,train;val,train_1_group_vis.csv;train_2_group_vis.csv;train_3_group_vis.csv;train_4_group_vis.csv;train_5_group_vis.csv;val_1_group_vis.csv;val_2_group_vis.csv
Cc1ccccc1-[n+]1ccc(C)n1C,cation,pyrazolium,187.266,vis,train;val,train_1_group_vis.csv;train_2_group_vis.csv;train_4_group_vis.csv;train_5_group_vis.csv;val_3_group_vis.csv
Cc1ncc[nH+]n1,cation,other N-heterocycle,96.113,vis,test,test_group_vis.csv
Cn1cc[n+](C)c1,cation,imidazolium,97.14099999999999,co2;vis,train;val,train_1_group_co2.csv;train_1_group_vis.csv;train_2_group_co2.csv;train_2_group_vis.csv;train_3_group_co2.csv;train_3_group_vis.csv;train_4_group_co2.csv;train_4_group_vis.csv;train_5_group_co2.csv;train_5_group_vis.csv;val_1_group_vis.csv;val_2_group_vis.csv;val_3_group_co2.csv;val_3_group_vis.csv;val_4_group_co2.csv;val_5_group_vis.csv
Cn1cc[n+](C)c1Cl,cation,imidazolium,131.586,vis,train;val,train_1_group_vis.csv;train_2_group_vis.csv;train_3_group_vis.csv;train_4_group_vis.csv;val_5_group_vis.csv
Cn1cc[n+](CC#N)c1,cation,imidazolium,122.151,vis,test,test_group_vis.csv
Cn1cc[n+](CCCC#N)c1,cation,imidazolium,150.205,vis,train;val,train_1_group_vis.csv;train_2_group_vis.csv;train_3_group_vis.csv;train_4_group_vis.csv;train_5_group_vis.csv;val_4_group_vis.csv;val_5_group_vis.csv
Cn1cc[n+](CCCCCCO)c1,cation,imidazolium,183.275,vis,train;val,train_1_group_vis.csv;train_2_group_vis.csv;train_4_group_vis.csv;train_5_group_vis.csv;val_3_group_vis.csv
Cn1cc[n+](CCCCS(=O)(=O)O)c1,cation,imidazolium,219.286,vis,test,test_group_vis.csv
Cn1cc[n+](CCCO)c1,cation,imidazolium,141.19400000000002,co2;tox,train;val,train_1_group_co2.csv;train_1_group_tox.csv;train_2_group_co2.csv;train_2_group_tox.csv;train_3_group_co2.csv;train_4_group_co2.csv;train_4_group_tox.csv;train_5_group_tox.csv;val_3_group_tox.csv;val_5_group_co2.csv
Cn1cc[n+](CCCS(=O)(=O)O)c1,cation,imidazolium,205.25900000000001,vis,train;val,train_1_group_vis.csv;train_2_group_vis.csv;train_3_group_vis.csv;train_4_group_vis.csv;train_5_group_vis.csv;val_1_group_vis.csv;val_2_group_vis.csv
Cn1cc[n+](CCCc2ccccc2)c1,cation,imidazolium,201.29300000000003,vis,train;val,train_1_group_vis.csv;train_2_group_vis.csv;train_3_group_vis.csv;train_4_group_vis.csv;train_5_group_vis.csv;val_3_group_vis.csv;val_4_group_vis.csv
Cn1cc[n+](CCO)c1,cation,imidazolium,127.16699999999999,co2;tox;vis,test;train;val,test_group_tox.csv;train_1_group_vis.csv;train_2_group_co2.csv;train_2_group_vis.csv;train_3_group_co2.csv;train_3_group_vis.csv;train_4_group_co2.csv;train_4_group_vis.csv;train_5_group_co2.csv;train_5_group_vis.csv;val_1_group_co2.csv;val_2_group_vis.csv;val_3_group_vis.csv
Cn1cc[n+](CCc2ccccc2)c1,cation,imidazolium,187.26600000000002,vis,train;val,train_1_group_vis.csv;train_2_group_vis.csv;train_3_group_vis.csv;train_4_group_vis.csv;val_5_group_vis.csv
Cn1cc[n+](Cc2ccccc2)c1,cation,imidazolium,173.239,co2,test;train;val,test_group_co2.csv;train_1_group_co2.csv;train_2_group_co2.csv;train_3_group_co2.csv;train_5_group_co2.csv;val_4_group_co2.csv
N#CCC[NH+]1C=CN=C1,cation,other N-heterocycle,122.15099999999997,vis,train;val,train_1_group_vis.csv;train_2_group_vis.csv;train_3_group_vis.csv;train_4_group_vis.csv;train_5_group_vis.csv;val_1_group_vis.csv;val_2_group_vis.csv;val_4_group_vis.csv;val_5_group_vis.csv
N#CCCn1cc[n+](CCO)c1,cation,imidazolium,166.20399999999998,vis,train;val,train_1_group_vis.csv;train_2_group_vis.csv;train_3_group_vis.csv;train_4_group_vis.csv;train_5_group_vis.csv;val_1_group_vis.csv;val_4_group_vis.csv
N#CCCn1cc[n+](Cc2ccccc2)c1,cation,imidazolium,212.276,vis,train;val,train_1_group_vis.csv;train_2_group_vis.csv;train_3_group_vis.csv;train_4_group_vis.csv;train_5_group_vis.csv;val_3_group_vis.csv;val_4_group_vis.csv
N#CC[n+]1ccccc1,cation,pyridinium,119.14699999999995,tox,train;val,train_1_group_tox.csv;train_2_group_tox.csv;train_3_group_tox.csv;train_5_group_tox.csv;val_4_group_tox.csv
O=S(=O)(O)CCC[n+]1ccccc1,cation,pyridinium,202.25500000000002,tox,train;val,train_1_group_tox.csv;train_2_group_tox.csv;train_3_group_tox.csv;train_5_group_tox.csv;val_4_group_tox.csv
OCCCCCC[NH+]1C=CN=C1,cation,other N-heterocycle,169.24800000000005,vis,train;val,train_1_group_vis.csv;train_3_group_vis.csv;train_4_group_vis.csv;train_5_group_vis.csv;val_2_group_vis.csv
OCCC[n+]1ccccc1,cation,pyridinium,138.18999999999997,tox;vis,train;val,train_2_group_tox.csv;train_2_group_vis.csv;train_3_group_tox.csv;train_3_group_vis.csv;train_4_group_tox.csv;train_4_group_vis.csv;train_5_group_tox.csv;train_5_group_vis.csv;val_1_group_tox.csv;val_1_group_vis.csv
OCC[NH+](CCO)CCO,cation,ammonium,150.198,tox,train;val,train_1_group_tox.csv;train_2_group_tox.csv;train_3_group_tox.csv;train_4_group_tox.csv;train_5_group_tox.csv;val_2_group_tox.csv;val_3_group_tox.csv
OCC[NH2+]CCO,cation,ammonium,106.145,tox;vis,train;val,train_1_group_tox.csv;train_1_group_vis.csv;train_2_group_tox.csv;train_2_group_vis.csv;train_3_group_tox.csv;train_3_group_vis.csv;train_4_group_tox.csv;train_5_group_tox.csv;train_5_group_vis.csv;val_1_group_tox.csv;val_2_group_tox.csv;val_3_group_tox.csv;val_4_group_vis.csv
OCC[NH2+]c1ccccc1,cation,ammonium,138.18999999999997,vis,train;val,train_1_group_vis.csv;train_2_group_vis.csv;train_3_group_vis.csv;train_4_group_vis.csv;train_5_group_vis.csv;val_1_group_vis.csv;val_3_group_vis.csv;val_4_group_vis.csv
OCC[n+]1ccccc1,cation,pyridinium,124.16299999999995,co2;tox;vis,train;val,train_1_group_tox.csv;train_1_group_vis.csv;train_2_group_co2.csv;train_2_group_tox.csv;train_2_group_vis.csv;train_3_group_co2.csv;train_3_group_tox.csv;train_3_group_vis.csv;train_4_group_co2.csv;train_4_group_tox.csv;train_4_group_vis.csv;train_5_group_co2.csv;train_5_group_tox.csv;train_5_group_vis.csv;val_1_group_co2.csv;val_2_group_vis.csv;val_4_group_tox.csv;val_5_group_tox.csv;val_5_group_vis.csv
[Li+],cation,other,6.941,vis,test,test_group_vis.csv
[NH3+]CCCO,cation,ammonium,76.119,tox,train;val,train_1_group_tox.csv;train_2_group_tox.csv;train_3_group_tox.csv;train_4_group_tox.csv;train_5_group_tox.csv;val_2_group_tox.csv;val_3_group_tox.csv
[NH3+]CCO,cation,ammonium,62.092000000000006,co2;tox;vis,train;val,train_1_group_co2.csv;train_1_group_tox.csv;train_1_group_vis.csv;train_2_group_co2.csv;train_2_group_tox.csv;train_2_group_vis.csv;train_3_group_co2.csv;train_3_group_tox.csv;train_3_group_vis.csv;train_4_group_vis.csv;train_5_group_co2.csv;train_5_group_tox.csv;train_5_group_vis.csv;val_1_group_vis.csv;val_2_group_vis.csv;val_4_group_co2.csv;val_4_group_tox.csv;val_4_group_vis.csv
[NH3+]CNCCO,cation,ammonium,91.134,vis,train;val,train_1_group_vis.csv;train_3_group_vis.csv;train_4_group_vis.csv;train_5_group_vis.csv;val_2_group_vis.csv
c1ccc(C[n+]2ccccc2)cc1,cation,pyridinium,170.235,co2,train;val,train_2_group_co2.csv;train_3_group_co2.csv;train_4_group_co2.csv;train_5_group_co2.csv;val_1_group_co2.csv
Brc1ccc2[n-]ncc2c1,anion,other,196.027,vis,train;val,train_1_group_vis.csv;train_2_group_vis.csv;train_4_group_vis.csv;train_5_group_vis.csv;val_3_group_vis.csv
Brc1ccc2cn[n-]c2c1,anion,other,196.027,vis,train;val,train_1_group_vis.csv;train_2_group_vis.csv;train_3_group_vis.csv;train_4_group_vis.csv;val_5_group_vis.csv
Brc1cccc2[n-]ncc12,anion,other,196.027,vis,train;val,train_1_group_vis.csv;train_2_group_vis.csv;train_4_group_vis.csv;train_5_group_vis.csv;val_3_group_vis.csv
Brc1cnc[n-]1,anion,other,145.967,vis,train;val,train_2_group_vis.csv;train_3_group_vis.csv;train_4_group_vis.csv;train_5_group_vis.csv;val_1_group_vis.csv
C/C=C/C(=O)[O-],anion,carboxylate,85.082,tox,train;val,train_1_group_tox.csv;train_3_group_tox.csv;train_4_group_tox.csv;train_5_group_tox.csv;val_2_group_tox.csv
C=CC(=O)NC(C)(C)CS(=O)(=O)[O-],anion,sulfonate/sulfate,206.24299999999997,co2;vis,test;train;val,test_group_co2.csv;train_1_group_co2.csv;train_1_group_vis.csv;train_2_group_co2.csv;train_2_group_vis.csv;train_3_group_co2.csv;train_3_group_vis.csv;train_4_group_co2.csv;train_4_group_vis.csv;train_5_group_co2.csv;train_5_group_vis.csv;val_1_group_vis.csv;val_2_group_co2.csv;val_3_group_co2.csv;val_3_group_vis.csv;val_4_group_vis.csv;val_5_group_co2.csv;val_5_group_vis.csv
CC(=O)CCC(=O)[O-],anion,carboxylate,115.10799999999999,co2,train;val,train_1_group_co2.csv;train_2_group_co2.csv;train_4_group_co2.csv;train_5_group_co2.csv;val_3_group_co2.csv
CC(=O)NC(C(=O)[O-])C(C)C,anion,amino-acid,158.17699999999996,vis,test;train;val,test_group_vis.csv;train_1_group_vis.csv;train_2_group_vis.csv;train_3_group_vis.csv;train_4_group_vis.csv;train_5_group_vis.csv;val_2_group_vis.csv;val_4_group_vis.csv;val_5_group_vis.csv
CC(=O)NC(C)C(=O)[O-],anion,amino-acid,130.123,vis,train;val,train_1_group_vis.csv;train_2_group_vis.csv;train_3_group_vis.csv;train_4_group_vis.csv;train_5_group_vis.csv;val_1_group_vis.csv;val_3_group_vis.csv;val_4_group_vis.csv
CC(=O)NC(CC(C)C)C(=O)[O-],anion,amino-acid,172.20399999999995,vis,test;train;val,test_group_vis.csv;train_1_group_vis.csv;train_2_group_vis.csv;train_3_group_vis.csv;train_4_group_vis.csv;train_5_group_vis.csv;val_2_group_vis.csv;val_4_group_vis.csv
CC(=O)[O-],anion,carboxylate,59.044000000000004,co2;tox;vis,test;train;val,test_group_co2.csv;test_group_tox.csv;test_group_vis.csv;train_1_group_co2.csv;train_1_group_tox.csv;train_1_group_vis.csv;train_2_group_tox.csv;train_2_group_vis.csv;train_3_group_co2.csv;train_3_group_tox.csv;train_3_group_vis.csv;train_4_group_co2.csv;train_4_group_tox.csv;train_4_group_vis.csv;train_5_group_co2.csv;train_5_group_tox.csv;train_5_group_vis.csv;val_1_group_tox.csv;val_1_group_vis.csv;val_2_group_co2.csv;val_2_group_tox.csv;val_2_group_vis.csv;val_3_group_vis.csv;val_4_group_vis.csv;val_5_group_vis.csv
CC(C)(C)C(=O)[O-],anion,carboxylate,101.12499999999999,co2,test,test_group_co2.csv
CC(C)C(=O)[O-],anion,carboxylate,87.09799999999998,co2;tox;vis,train;val,train_1_group_co2.csv;train_1_group_tox.csv;train_1_group_vis.csv;train_2_group_co2.csv;train_2_group_vis.csv;train_3_group_co2.csv;train_3_group_tox.csv;train_3_group_vis.csv;train_4_group_tox.csv;train_5_group_co2.csv;train_5_group_tox.csv;train_5_group_vis.csv;val_2_group_tox.csv;val_4_group_co2.csv;val_4_group_vis.csv
CC(C)C(N)C(=O)[O-],anion,amino-acid,116.13999999999999,co2;vis,train;val,train_1_group_co2.csv;train_1_group_vis.csv;train_2_group_co2.csv;train_2_group_vis.csv;train_3_group_co2.csv;train_3_group_vis.csv;train_4_group_co2.csv;train_4_group_vis.csv;train_5_group_vis.csv;val_1_group_vis.csv;val_4_group_vis.csv;val_5_group_co2.csv
CC(C)CC(N)C(=O)[O-],anion,amino-acid,130.167,vis,train;val,train_1_group_vis.csv;train_2_group_vis.csv;train_3_group_vis.csv;train_4_group_vis.csv;val_5_group_vis.csv
CC(CC(C)(C)C)CP(=O)([O-])CC(C)CC(C)(C)C,anion,P-oxoanion,289.42,co2;vis,train;val,train_1_group_co2.csv;train_1_group_vis.csv;train_3_group_co2.csv;train_3_group_vis.csv;train_4_group_co2.csv;train_4_group_vis.csv;train_5_group_co2.csv;train_5_group_vis.csv;val_2_group_co2.csv;val_2_group_vis.csv
CC(N)C(=O)[O-],anion,amino-acid,88.08599999999998,co2;vis,train;val,train_1_group_co2.csv;train_1_group_vis.csv;train_2_group_co2.csv;train_2_group_vis.csv;train_3_group_co2.csv;train_3_group_vis.csv;train_4_group_co2.csv;train_4_group_vis.csv;train_5_group_vis.csv;val_1_group_vis.csv;val_3_group_vis.csv;val_4_group_vis.csv;val_5_group_co2.csv
CC(O)C(=O)[O-],anion,carboxylate,89.07,co2;tox;vis,test;train;val,test_group_co2.csv;train_1_group_co2.csv;train_1_group_tox.csv;train_1_group_vis.csv;train_2_group_co2.csv;train_2_group_tox.csv;train_2_group_vis.csv;train_3_group_co2.csv;train_3_group_tox.csv;train_3_group_vis.csv;train_4_group_co2.csv;train_4_group_tox.csv;train_4_group_vis.csv;train_5_group_co2.csv;train_5_group_tox.csv;train_5_group_vis.csv;val_1_group_vis.csv;val_2_group_vis.csv;val_3_group_tox.csv;val_4_group_co2.csv;val_4_group_tox.csv;val_4_group_vis.csv;val_5_group_co2.csv
CC(O)C(N)C(=O)[O-],anion,amino-acid,118.112,vis,train;val,train_1_group_vis.csv;train_2_group_vis.csv;train_3_group_vis.csv;train_4_group_vis.csv;train_5_group_vis.csv;val_2_group_vis.csv;val_5_group_vis.csv
CC(Oc1ccc(Cl)cc1Cl)C(=O)[O-],anion,carboxylate,234.05799999999996,vis,test;train;val,test_group_vis.csv;train_1_group_vis.csv;train_2_group_vis.csv;train_3_group_vis.csv;train_4_group_vis.csv;train_5_group_vis.csv;val_3_group_vis.csv;val_4_group_vis.csv;val_5_group_vis.csv
CC1(C(=O)[O-])CCCN1,anion,amino-acid,128.151,co2,train;val,train_1_group_co2.csv;train_3_group_co2.csv;train_4_group_co2.csv;train_5_group_co2.csv;val_2_group_co2.csv
CC1=CC(=O)[N-]S(=O)(=O)O1,anion,other,162.146,co2;tox,train;val,train_1_group_co2.csv;train_1_group_tox.csv;train_2_group_co2.csv;train_2_group_tox.csv;train_3_group_co2.csv;train_3_group_tox.csv;train_4_group_co2.csv;train_4_group_tox.csv;train_5_group_tox.csv;val_1_group_tox.csv;val_3_group_tox.csv;val_4_group_tox.csv;val_5_group_co2.csv;val_5_group_tox.csv
CCC(=O)[O-],anion,carboxylate,73.071,co2;tox;vis,test;train;val,test_group_vis.csv;train_1_group_co2.csv;train_1_group_vis.csv;train_2_group_tox.csv;train_2_group_vis.csv;train_3_group_co2.csv;train_3_group_tox.csv;train_3_group_vis.csv;train_4_group_co2.csv;train_4_group_tox.csv;train_4_group_vis.csv;train_5_group_co2.csv;train_5_group_tox.csv;train_5_group_vis.csv;val_1_group_tox.csv;val_1_group_vis.csv;val_2_group_co2.csv;val_3_group_vis.csv;val_5_group_vis.csv
CCC(C)C(NC(C)=O)C(=O)[O-],anion,amino-acid,172.20399999999998,vis,train;val,train_2_group_vis.csv;train_3_group_vis.csv;train_4_group_vis.csv;train_5_group_vis.csv;val_1_group_vis.csv
CCC(CC)C(=O)[O-],anion,carboxylate,115.15199999999999,tox,train;val,train_1_group_tox.csv;train_2_group_tox.csv;train_3_group_tox.csv;train_4_group_tox.csv;val_5_group_tox.csv
CCCC(=O)[O-],anion,carboxylate,87.09799999999998,co2;tox;vis,test;train;val,test_group_vis.csv;train_1_group_co2.csv;train_1_group_tox.csv;train_1_group_vis.csv;train_2_group_tox.csv;train_2_group_vis.csv;train_3_group_co2.csv;train_3_group_tox.csv;train_3_group_vis.csv;train_4_group_co2.csv;train_4_group_tox.csv;train_4_group_vis.csv;train_5_group_co2.csv;train_5_group_tox.csv;train_5_group_vis.csv;val_2_group_co2.csv;val_2_group_tox.csv;val_2_group_vis.csv;val_3_group_tox.csv;val_3_group_vis.csv;val_4_group_vis.csv;val_5_group_vis.csv
CCCCC(=O)[O-],anion,carboxylate,101.12499999999999,tox;vis,train;val,train_1_group_tox.csv;train_1_group_vis.csv;train_2_group_tox.csv;train_2_group_vis.csv;train_3_group_tox.csv;train_3_group_vis.csv;train_4_group_tox.csv;train_4_group_vis.csv;train_5_group_tox.csv;train_5_group_vis.csv;val_1_group_tox.csv;val_1_group_vis.csv;val_3_group_tox.csv;val_5_group_vis.csv
CCCCC(CC)CCC(=O)[O-],anion,carboxylate,171.26,vis,test,test_group_vis.csv
CCCCC(CC)COC(=O)CC(C(=O)OCC(CC)CCCC)S(=O)(=O)[O-],anion,sulfonate/sulfate,421.57600000000025,co2;vis,train;val,train_1_group_vis.csv;train_2_group_co2.csv;train_2_group_vis.csv;train_3_group_co2.csv;train_3_group_vis.csv;train_4_group_co2.csv;train_4_group_vis.csv;train_5_group_co2.csv;train_5_group_vis.csv;val_1_group_co2.csv;val_1_group_vis.csv;val_2_group_vis.csv
CCCCCC(=O)[O-],anion,carboxylate,115.15199999999999,tox;vis,test;train;val,test_group_tox.csv;test_group_vis.csv;train_1_group_vis.csv;train_2_group_vis.csv;train_3_group_vis.csv;train_4_group_vis.csv;train_5_group_vis.csv;val_1_group_vis.csv;val_2_group_vis.csv;val_4_group_vis.csv;val_5_group_vis.csv
CCCCCCC(=O)[O-],anion,carboxylate,129.179,vis,test,test_group_vis.csv
CCCCCCCC(=O)[O-],anion,carboxylate,143.206,tox;vis,test;train;val,test_group_vis.csv;train_1_group_tox.csv;train_1_group_vis.csv;train_2_group_tox.csv;train_2_group_vis.csv;train_3_group_tox.csv;train_3_group_vis.csv;train_4_group_tox.csv;train_4_group_vis.csv;train_5_group_vis.csv;val_1_group_vis.csv;val_5_group_tox.csv;val_5_group_vis.csv
CCCCCCCCC=CCCCCCCCC(=O)[O-],anion,carboxylate,281.4599999999999,vis,train;val,train_1_group_vis.csv;train_2_group_vis.csv;train_3_group_vis.csv;train_4_group_vis.csv;train_5_group_vis.csv;val_3_group_vis.csv;val_5_group_vis.csv
CCCCCCCCCC(=O)[O-],anion,carboxylate,171.26,vis,train;val,train_1_group_vis.csv;train_2_group_vis.csv;train_3_group_vis.csv;train_5_group_vis.csv;val_4_group_vis.csv
CCCCCCCCCCCCOS(=O)(=O)[O-],anion,sulfonate/sulfate,265.395,tox;vis,train;val,train_1_group_tox.csv;train_1_group_vis.csv;train_2_group_tox.csv;train_2_group_vis.csv;train_3_group_vis.csv;train_4_group_tox.csv;train_5_group_tox.csv;train_5_group_vis.csv;val_3_group_tox.csv;val_4_group_vis.csv
CCCCCCCCCCCCc1ccc(S(=O)(=O)[O-])cc1,anion,sulfonate/sulfate,325.494,vis,train;val,train_2_group_vis.csv;train_3_group_vis.csv;train_4_group_vis.csv;train_5_group_vis.csv;val_1_group_vis.csv
CCCCCCCCCCCCc1ccccc1S(=O)(=O)[O-],anion,sulfonate/sulfate,325.494,vis,train;val,train_2_group_vis.csv;train_3_group_vis.csv;train_4_group_vis.csv;train_5_group_vis.csv;val_1_group_vis.csv
CCCCCCCCCCOS(=O)(=O)[O-],anion,sulfonate/sulfate,237.34099999999998,vis,train;val,train_1_group_vis.csv;train_3_group_vis.csv;train_4_group_vis.csv;train_5_group_vis.csv;val_2_group_vis.csv
CCCCCCCCOS(=O)(=O)[O-],anion,sulfonate/sulfate,209.287,tox;vis,train;val,train_1_group_tox.csv;train_1_group_vis.csv;train_2_group_tox.csv;train_2_group_vis.csv;train_3_group_tox.csv;train_3_group_vis.csv;train_4_group_vis.csv;train_5_group_tox.csv;train_5_group_vis.csv;val_2_group_vis.csv;val_4_group_tox.csv;val_4_group_vis.csv
CCCCCCOS(=O)(=O)[O-],anion,sulfonate/sulfate,181.23299999999998,vis,train;val,train_1_group_vis.csv;train_2_group_vis.csv;train_4_group_vis.csv;train_5_group_vis.csv;val_3_group_vis.csv
CCCCOS(=O)(=O)[O-],anion,sulfonate/sulfate,153.17899999999997,vis,train;val,train_1_group_vis.csv;train_3_group_vis.csv;train_4_group_vis.csv;train_5_group_vis.csv;val_2_group_vis.csv
CCCCP(=O)([O-])O,anion,P-oxoanion,137.095,vis,train;val,train_1_group_vis.csv;train_2_group_vis.csv;train_3_group_vis.csv;train_4_group_vis.csv;train_5_group_vis.csv;val_1_group_vis.csv;val_2_group_vis.csv;val_5_group_vis.csv
CCOP(=O)([O-])OCC,anion,P-oxoanion,153.09399999999997,co2;vis,test;train;val,test_group_co2.csv;test_group_vis.csv;train_1_group_co2.csv;train_1_group_vis.csv;train_2_group_co2.csv;train_2_group_vis.csv;train_3_group_co2.csv;train_3_group_vis.csv;train_4_group_vis.csv;train_5_group_co2.csv;train_5_group_vis.csv;val_1_group_vis.csv;val_2_group_vis.csv;val_4_group_co2.csv;val_5_group_vis.csv
CCOS(=O)(=O)[O-],anion,sulfonate/sulfate,125.12499999999999,co2;tox;vis,test;train;val,test_group_co2.csv;test_group_vis.csv;train_1_group_tox.csv;train_1_group_vis.csv;train_2_group_tox.csv;train_2_group_vis.csv;train_3_group_vis.csv;train_4_group_tox.csv;train_4_group_vis.csv;train_5_group_tox.csv;train_5_group_vis.csv;val_3_group_tox.csv;val_3_group_vis.csv;val_4_group_vis.csv;val_5_group_vis.csv
CCP(=O)([O-])O,anion,P-oxoanion,109.04099999999998,vis,test;train;val,test_group_vis.csv;train_1_group_vis.csv;train_2_group_vis.csv;train_3_group_vis.csv;train_4_group_vis.csv;val_5_group_vis.csv
CCS(=O)(=O)[O-],anion,sulfonate/sulfate,109.12599999999999,vis,train;val,train_1_group_vis.csv;train_2_group_vis.csv;train_3_group_vis.csv;train_4_group_vis.csv;train_5_group_vis.csv;val_1_group_vis.csv;val_3_group_vis.csv
COCC(=O)[O-],anion,carboxylate,89.07,tox,train;val,train_1_group_tox.csv;train_2_group_tox.csv;train_3_group_tox.csv;train_4_group_tox.csv;val_5_group_tox.csv
COCCOCC(=O)[O-],anion,carboxylate,133.123,tox,test,test_group_tox.csv
COCCOCCOS(=O)(=O)[O-],anion,sulfonate/sulfate,199.20399999999998,co2;tox;vis,train;val,train_1_group_co2.csv;train_1_group_tox.csv;train_1_group_vis.csv;train_2_group_co2.csv;train_2_group_tox.csv;train_2_group_vis.csv;train_3_group_co2.csv;train_3_group_tox.csv;train_4_group_co2.csv;train_4_group_tox.csv;train_4_group_vis.csv;train_5_group_tox.csv;train_5_group_vis.csv;val_3_group_tox.csv;val_3_group_vis.csv;val_5_group_co2.csv;val_5_group_tox.csv
COP(=O)([O-])OC,anion,P-oxoanion,125.03999999999998,vis,train;val,train_1_group_vis.csv;train_2_group_vis.csv;train_3_group_vis.csv;train_4_group_vis.csv;train_5_group_vis.csv;val_1_group_vis.csv;val_2_group_vis.csv;val_3_group_vis.csv
COS(=O)(=O)[O-],anion,sulfonate/sulfate,111.09799999999998,co2;tox;vis,test;train;val,test_group_vis.csv;train_1_group_co2.csv;train_1_group_tox.csv;train_1_group_vis.csv;train_2_group_co2.csv;train_2_group_tox.csv;train_2_group_vis.csv;train_3_group_co2.csv;train_3_group_tox.csv;train_3_group_vis.csv;train_4_group_co2.csv;train_4_group_tox.csv;train_4_group_vis.csv;train_5_group_co2.csv;train_5_group_tox.csv;train_5_group_vis.csv;val_1_group_co2.csv;val_1_group_tox.csv;val_1_group_vis.csv;val_2_group_co2.csv;val_2_group_vis.csv;val_3_group_co2.csv;val_3_group_tox.csv;val_3_group_vis.csv;val_4_group_co2.csv;val_4_group_tox.csv;val_4_group_vis.csv;val_5_group_co2.csv;val_5_group_vis.csv
CO[PH](=O)[O-],anion,P-oxoanion,95.014,co2,train;val,train_1_group_co2.csv;train_2_group_co2.csv;train_3_group_co2.csv;train_5_group_co2.csv;val_4_group_co2.csv
CP(=O)([O-])O,anion,P-oxoanion,95.014,co2,train;val,train_1_group_co2.csv;train_2_group_co2.csv;train_4_group_co2.csv;train_5_group_co2.csv;val_3_group_co2.csv
CS(=O)(=O)[O-],anion,sulfonate/sulfate,95.099,co2;tox;vis,test;train;val,test_group_vis.csv;train_1_group_co2.csv;train_1_group_tox.csv;train_1_group_vis.csv;train_2_group_co2.csv;train_2_group_tox.csv;train_2_group_vis.csv;train_3_group_co2.csv;train_3_group_tox.csv;train_3_group_vis.csv;train_4_group_co2.csv;train_4_group_tox.csv;train_4_group_vis.csv;train_5_group_co2.csv;train_5_group_tox.csv;train_5_group_vis.csv;val_1_group_vis.csv;val_2_group_co2.csv;val_2_group_tox.csv;val_2_group_vis.csv;val_3_group_co2.csv;val_3_group_tox.csv;val_3_group_vis.csv;val_5_group_vis.csv
Cc1ccc(S(=O)(=O)[O-])cc1,anion,sulfonate/sulfate,171.197,co2;tox;vis,train;val,train_1_group_co2.csv;train_1_group_tox.csv;train_1_group_vis.csv;train_2_group_co2.csv;train_2_group_tox.csv;train_2_group_vis.csv;train_3_group_co2.csv;train_3_group_tox.csv;train_3_group_vis.csv;train_4_group_co2.csv;train_4_group_tox.csv;train_4_group_vis.csv;train_5_group_co2.csv;train_5_group_tox.csv;train_5_group_vis.csv;val_1_group_co2.csv;val_1_group_tox.csv;val_1_group_vis.csv;val_2_group_tox.csv;val_2_group_vis.csv;val_3_group_co2.csv;val_3_group_tox.csv;val_3_group_vis.csv;val_4_group_vis.csv
Cc1n[n-]cc1Br,anion,other,159.99399999999997,vis,train;val,train_1_group_vis.csv;train_3_group_vis.csv;train_4_group_vis.csv;train_5_group_vis.csv;val_2_group_vis.csv
Cc1nc([N+](=O)[O-])c[n-]1,anion,other,126.09499999999998,vis,train;val,train_1_group_vis.csv;train_2_group_vis.csv;train_3_group_vis.csv;train_4_group_vis.csv;train_5_group_vis.csv;val_1_group_vis.csv;val_3_group_vis.csv;val_4_group_vis.csv;val_5_group_vis.csv
Cl[Fe-](Cl)(Cl)Br,anion,other,242.108,vis,train;val,train_1_group_vis.csv;train_2_group_vis.csv;train_3_group_vis.csv;train_4_group_vis.csv;train_5_group_vis.csv;val_4_group_vis.csv;val_5_group_vis.csv
Cl[Fe-](Cl)(Cl)Cl,anion,other,197.657,co2;vis,train;val,train_1_group_co2.csv;train_1_group_vis.csv;train_2_group_co2.csv;train_3_group_vis.csv;train_4_group_co2.csv;train_4_group_vis.csv;train_5_group_co2.csv;train_5_group_vis.csv;val_2_group_vis.csv;val_3_group_co2.csv
Clc1n[n-]c2ccccc12,anion,other,151.57599999999996,vis,train;val,train_1_group_vis.csv;train_2_group_vis.csv;train_3_group_vis.csv;train_4_group_vis.csv;val_5_group_vis.csv
Clc1nc[n-]c1Cl,anion,other,135.961,vis,train;val,train_1_group_vis.csv;train_2_group_vis.csv;train_4_group_vis.csv;train_5_group_vis.csv;val_3_group_vis.csv
FC(F)(F)C(F)(F)C(F)(F)C(F)(F)[P-](F)(F)(F)(C(F)(F)C(F)(F)C(F)(F)C(F)(F)F)C(F)(F)C(F)(F)C(F)(F)C(F)(F)F,anion,fluorinated,745.0460000000003,co2,train;val,train_2_group_co2.csv;train_3_group_co2.csv;train_4_group_co2.csv;train_5_group_co2.csv;val_1_group_co2.csv
FC(F)(F)C(F)(F)C(F)(F)[P-](F)(F)(F)(C(F)(F)C(F)(F)C(F)(F)F)C(F)(F)C(F)(F)C(F)(F)F,anion,fluorinated,595.0250000000001,co2;tox,train;val,train_1_group_co2.csv;train_2_group_co2.csv;train_2_group_tox.csv;train_3_group_co2.csv;train_3_group_tox.csv;train_4_group_co2.csv;train_4_group_tox.csv;train_5_group_tox.csv;val_1_group_tox.csv;val_5_group_co2.csv
FC(F)(F)C(F)(F)[P-](F)(F)(F)(C(F)(F)C(F)(F)F)C(F)(F)C(F)(F)F,anion,fluorinated,445.00399999999996,co2;tox;vis,test;train;val,test_group_tox.csv;test_group_vis.csv;train_1_group_co2.csv;train_1_group_tox.csv;train_1_group_vis.csv;train_2_group_co2.csv;train_2_group_tox.csv;train_2_group_vis.csv;train_3_group_co2.csv;train_3_group_tox.csv;train_3_group_vis.csv;train_4_group_co2.csv;train_4_group_tox.csv;train_4_group_vis.csv;train_5_group_co2.csv;train_5_group_tox.csv;train_5_group_vis.csv;val_1_group_vis.csv;val_2_group_co2.csv;val_2_group_tox.csv;val_2_group_vis.csv;val_3_group_co2.csv;val_3_group_vis.csv;val_4_group_tox.csv;val_4_group_vis.csv;val_5_group_tox.csv;val_5_group_vis.csv
FC(F)(F)[N-]C(F)(F)F,anion,fluorinated,152.017,tox,train;val,train_2_group_tox.csv;train_3_group_tox.csv;train_4_group_tox.csv;train_5_group_tox.csv;val_1_group_tox.csv
F[B-](F)(F)C(F)(F)C(F)(F)C(F)(F)C(F)(F)F,anion,fluorinated,286.83199999999994,vis,train;val,train_1_group_vis.csv;train_2_group_vis.csv;train_3_group_vis.csv;train_4_group_vis.csv;train_5_group_vis.csv;val_1_group_vis.csv;val_5_group_vis.csv
F[B-](F)(F)C(F)(F)C(F)(F)C(F)(F)F,anion,fluorinated,236.82499999999996,vis,train;val,train_1_group_vis.csv;train_2_group_vis.csv;train_3_group_vis.csv;train_4_group_vis.csv;train_5_group_vis.csv;val_1_group_vis.csv;val_3_group_vis.csv
F[B-](F)(F)C(F)(F)C(F)(F)F,anion,fluorinated,186.81799999999998,vis,test;train;val,test_group_vis.csv;train_1_group_vis.csv;train_2_group_vis.csv;train_3_group_vis.csv;train_4_group_vis.csv;train_5_group_vis.csv;val_1_group_vis.csv;val_2_group_vis.csv;val_3_group_vis.csv
F[B-](F)(F)C(F)(F)F,anion,fluorinated,136.811,vis,train;val,train_1_group_vis.csv;train_2_group_vis.csv;train_3_group_vis.csv;train_4_group_vis.csv;train_5_group_vis.csv;val_2_group_vis.csv;val_4_group_vis.csv;val_5_group_vis.csv
F[B-](F)(F)F,anion,fluorinated,86.80400000000002,co2;tox;vis,test;train;val,test_group_co2.csv;test_group_tox.csv;test_group_vis.csv;train_1_group_co2.csv;train_1_group_tox.csv;train_1_group_vis.csv;train_2_group_co2.csv;train_2_group_tox.csv;train_2_group_vis.csv;train_3_group_co2.csv;train_3_group_tox.csv;train_3_group_vis.csv;train_4_group_co2.csv;train_4_group_tox.csv;train_4_group_vis.csv;train_5_group_co2.csv;train_5_group_tox.csv;train_5_group_vis.csv;val_1_group_co2.csv;val_1_group_tox.csv;val_1_group_vis.csv;val_2_group_co2.csv;val_2_group_tox.csv;val_2_group_vis.csv;val_3_group_co2.csv;val_3_group_tox.csv;val_3_group_vis.csv;val_4_group_co2.csv;val_4_group_tox.csv;val_4_group_vis.csv;val_5_group_co2.csv;val_5_group_tox.csv;val_5_group_vis.csv
F[B-](F)(F)c1ccccc1,anion,fluorinated,144.912,vis,train;val,train_1_group_vis.csv;train_2_group_vis.csv;train_3_group_vis.csv;train_4_group_vis.csv;train_5_group_vis.csv;val_2_group_vis.csv;val_3_group_vis.csv
F[B-](F)F,anion,fluorinated,67.80600000000001,co2,test,test_group_co2.csv
F[P-](F)(F)(F)(F)F,anion,fluorinated,144.96200000000002,co2;tox;vis,test;train;val,test_group_co2.csv;test_group_tox.csv;test_group_vis.csv;train_1_group_co2.csv;train_1_group_tox.csv;train_1_group_vis.csv;train_2_group_co2.csv;train_2_group_tox.csv;train_2_group_vis.csv;train_3_group_co2.csv;train_3_group_tox.csv;train_3_group_vis.csv;train_4_group_co2.csv;train_4_group_tox.csv;train_4_group_vis.csv;train_5_group_co2.csv;train_5_group_tox.csv;train_5_group_vis.csv;val_1_group_co2.csv;val_1_group_tox.csv;val_1_group_vis.csv;val_2_group_co2.csv;val_2_group_tox.csv;val_2_group_vis.csv;val_3_group_tox.csv;val_3_group_vis.csv;val_4_group_co2.csv;val_4_group_tox.csv;val_4_group_vis.csv;val_5_group_co2.csv;val_5_group_tox.csv;val_5_group_vis.csv
Ic1cc[n-]n1,anion,other,192.967,vis,train;val,train_1_group_vis.csv;train_2_group_vis.csv;train_3_group_vis.csv;train_5_group_vis.csv;val_4_group_vis.csv
N#CC(=C=[N-])C#N,anion,other,90.065,vis,train;val,train_1_group_vis.csv;train_2_group_vis.csv;train_3_group_vis.csv;train_4_group_vis.csv;train_5_group_vis.csv;val_1_group_vis.csv;val_3_group_vis.csv;val_5_group_vis.csv
N#CN=C=[N-],anion,other,66.043,vis,test;train;val,test_group_vis.csv;train_1_group_vis.csv;train_2_group_vis.csv;train_3_group_vis.csv;train_4_group_vis.csv;train_5_group_vis.csv;val_1_group_vis.csv;val_3_group_vis.csv;val_4_group_vis.csv;val_5_group_vis.csv
N#C[Au-]C#N,anion,other,249.00300000000001,vis,train;val,train_2_group_vis.csv;train_3_group_vis.csv;train_4_group_vis.csv;train_5_group_vis.csv;val_1_group_vis.csv
N#C[B-](C#N)(C#N)C#N,anion,other,114.884,co2;tox;vis,train;val,train_1_group_co2.csv;train_1_group_tox.csv;train_1_group_vis.csv;train_2_group_co2.csv;train_2_group_tox.csv;train_2_group_vis.csv;train_3_group_co2.csv;train_3_group_tox.csv;train_3_group_vis.csv;train_4_group_co2.csv;train_4_group_tox.csv;train_4_group_vis.csv;train_5_group_co2.csv;train_5_group_tox.csv;train_5_group_vis.csv;val_1_group_co2.csv;val_3_group_co2.csv;val_3_group_tox.csv;val_4_group_tox.csv;val_4_group_vis.csv;val_5_group_vis.csv
N#C[C-](C#N)C#N,anion,other,90.065,co2;vis,test;train;val,test_group_vis.csv;train_1_group_co2.csv;train_1_group_vis.csv;train_2_group_co2.csv;train_2_group_vis.csv;train_3_group_co2.csv;train_3_group_vis.csv;train_4_group_co2.csv;train_5_group_co2.csv;train_5_group_vis.csv;val_1_group_co2.csv;val_2_group_co2.csv;val_3_group_co2.csv;val_4_group_co2.csv;val_4_group_vis.csv
N#C[N-]C#N,anion,other,66.043,co2;tox;vis,test;train;val,test_group_co2.csv;test_group_vis.csv;train_1_group_co2.csv;train_1_group_tox.csv;train_1_group_vis.csv;train_2_group_co2.csv;train_2_group_tox.csv;train_2_group_vis.csv;train_3_group_co2.csv;train_3_group_tox.csv;train_3_group_vis.csv;train_4_group_co2.csv;train_4_group_tox.csv;train_4_group_vis.csv;train_5_group_co2.csv;train_5_group_tox.csv;train_5_group_vis.csv;val_1_group_tox.csv;val_1_group_vis.csv;val_2_group_co2.csv;val_2_group_tox.csv;val_2_group_vis.csv;val_3_group_co2.csv;val_3_group_vis.csv;val_4_group_co2.csv;val_4_group_tox.csv;val_4_group_vis.csv;val_5_group_co2.csv;val_5_group_vis.csv
N#C[S-],anion,other,58.085,co2;tox;vis,test;train;val,test_group_co2.csv;test_group_vis.csv;train_1_group_co2.csv;train_1_group_tox.csv;train_1_group_vis.csv;train_2_group_co2.csv;train_2_group_tox.csv;train_2_group_vis.csv;train_3_group_co2.csv;train_3_group_vis.csv;train_4_group_co2.csv;train_4_group_tox.csv;train_4_group_vis.csv;train_5_group_co2.csv;train_5_group_tox.csv;train_5_group_vis.csv;val_1_group_co2.csv;val_1_group_vis.csv;val_2_group_vis.csv;val_3_group_co2.csv;val_3_group_tox.csv;val_3_group_vis.csv;val_4_group_vis.csv;val_5_group_co2.csv;val_5_group_vis.csv
N#Cc1ccc2cn[n-]c2c1,anion,other,142.141,vis,train;val,train_1_group_vis.csv;train_2_group_vis.csv;train_3_group_vis.csv;train_4_group_vis.csv;val_5_group_vis.csv
N#Cc1nc(C(F)(F)F)[n-]c1C#N,anion,fluorinated,185.088,vis,test,test_group_vis.csv
NC(=O)CC(N)C(=O)[O-],anion,amino-acid,131.111,vis,train;val,train_1_group_vis.csv;train_2_group_vis.csv;train_3_group_vis.csv;train_4_group_vis.csv;val_5_group_vis.csv
NC(=O)CCC(=O)[O-],anion,carboxylate,116.09599999999999,co2,train;val,train_1_group_co2.csv;train_2_group_co2.csv;train_3_group_co2.csv;train_5_group_co2.csv;val_4_group_co2.csv
NC(CCC(=O)O)C(=O)[O-],anion,amino-acid,146.12199999999999,vis,train;val,train_2_group_vis.csv;train_3_group_vis.csv;train_4_group_vis.csv;train_5_group_vis.csv;val_1_group_vis.csv
NC(CO)C(=O)[O-],anion,amino-acid,104.085,vis,train;val,train_1_group_vis.csv;train_2_group_vis.csv;train_3_group_vis.csv;train_4_group_vis.csv;train_5_group_vis.csv;val_1_group_vis.csv;val_2_group_vis.csv;val_3_group_vis.csv;val_4_group_vis.csv;val_5_group_vis.csv
NC(CS)C(=O)[O-],anion,amino-acid,120.15299999999998,vis,test,test_group_vis.csv
NC(Cc1ccccc1)C(=O)[O-],anion,amino-acid,164.18399999999994,vis,train;val,train_1_group_vis.csv;train_2_group_vis.csv;train_4_group_vis.csv;train_5_group_vis.csv;val_3_group_vis.csv
NCC(=O)[O-],anion,amino-acid,74.059,co2;vis,train;val,train_1_group_co2.csv;train_1_group_vis.csv;train_2_group_co2.csv;train_2_group_vis.csv;train_3_group_co2.csv;train_3_group_vis.csv;train_4_group_co2.csv;train_4_group_vis.csv;train_5_group_co2.csv;train_5_group_vis.csv;val_1_group_vis.csv;val_2_group_co2.csv;val_2_group_vis.csv;val_5_group_co2.csv;val_5_group_vis.csv
NCCC(=O)[O-],anion,carboxylate,88.08599999999998,vis,test,test_group_vis.csv
NCCCCC(N)C(=O)[O-],anion,amino-acid,145.182,vis,train;val,train_1_group_vis.csv;train_2_group_vis.csv;train_3_group_vis.csv;train_5_group_vis.csv;val_4_group_vis.csv
NCCS(=O)(=O)[O-],anion,sulfonate/sulfate,124.14099999999998,vis,train;val,train_1_group_vis.csv;train_2_group_vis.csv;train_3_group_vis.csv;train_4_group_vis.csv;train_5_group_vis.csv;val_1_group_vis.csv;val_4_group_vis.csv;val_5_group_vis.csv
NS(=O)(=O)[O-],anion,sulfonate/sulfate,96.08699999999999,tox,train;val,train_2_group_tox.csv;train_3_group_tox.csv;train_4_group_tox.csv;train_5_group_tox.csv;val_1_group_tox.csv
O=C(CF)OOB([O-])OOC(=O)CF,anion,fluorinated,212.87699999999995,vis,train;val,train_1_group_vis.csv;train_2_group_vis.csv;train_3_group_vis.csv;train_5_group_vis.csv;val_4_group_vis.csv
O=C(O)c1ccccc1[O-],anion,other,137.11399999999998,vis,train;val,train_2_group_vis.csv;train_3_group_vis.csv;train_4_group_vis.csv;train_5_group_vis.csv;val_1_group_vis.csv
O=C(O[B-](F)(F)OC(=O)C(F)(F)F)C(F)(F)F,anion,fluorinated,274.83599999999996,vis,train;val,train_2_group_vis.csv;train_3_group_vis.csv;train_4_group_vis.csv;train_5_group_vis.csv;val_1_group_vis.csv
O=C([O-])C(F)(F)C(F)(F)C(F)(F)C(F)(F)C(F)(F)C(F)(F)C(F)(F)C(F)(F)F,anion,fluorinated,463.06299999999993,vis,train;val,train_1_group_vis.csv;train_2_group_vis.csv;train_3_group_vis.csv;train_4_group_vis.csv;val_5_group_vis.csv
O=C([O-])C(F)(F)C(F)(F)C(F)(F)C(F)(F)C(F)(F)C(F)(F)C(F)(F)F,anion,fluorinated,413.0559999999999,co2,train;val,train_1_group_co2.csv;train_3_group_co2.csv;train_4_group_co2.csv;train_5_group_co2.csv;val_2_group_co2.csv
O=C([O-])C(F)(F)C(F)(F)C(F)(F)C(F)(F)F,anion,fluorinated,263.03499999999997,vis,train;val,train_1_group_vis.csv;train_2_group_vis.csv;train_3_group_vis.csv;train_4_group_vis.csv;train_5_group_vis.csv;val_3_group_vis.csv;val_4_group_vis.csv
O=C([O-])C(F)(F)C(F)(F)C(F)(F)F,anion,fluorinated,213.02799999999996,co2;vis,test;train;val,test_group_vis.csv;train_1_group_vis.csv;train_2_group_co2.csv;train_2_group_vis.csv;train_3_group_co2.csv;train_3_group_vis.csv;train_4_group_co2.csv;train_4_group_vis.csv;train_5_group_co2.csv;val_1_group_co2.csv;val_5_group_vis.csv
O=C([O-])C(F)(F)F,anion,fluorinated,113.01400000000001,co2;tox;vis,test;train;val,test_group_vis.csv;train_1_group_co2.csv;train_1_group_tox.csv;train_1_group_vis.csv;train_2_group_co2.csv;train_2_group_tox.csv;train_2_group_vis.csv;train_3_group_co2.csv;train_3_group_tox.csv;train_3_group_vis.csv;train_4_group_co2.csv;train_4_group_tox.csv;train_4_group_vis.csv;train_5_group_co2.csv;train_5_group_tox.csv;train_5_group_vis.csv;val_1_group_co2.csv;val_2_group_co2.csv;val_2_group_tox.csv;val_2_group_vis.csv;val_4_group_vis.csv;val_5_group_tox.csv
O=C([O-])C1CCCN1,anion,amino-acid,114.12400000000001,co2;vis,test;train;val,test_group_vis.csv;train_1_group_co2.csv;train_1_group_vis.csv;train_2_group_co2.csv;train_2_group_vis.csv;train_3_group_co2.csv;train_3_group_vis.csv;train_4_group_co2.csv;train_4_group_vis.csv;train_5_group_vis.csv;val_1_group_vis.csv;val_2_group_vis.csv;val_3_group_vis.csv;val_5_group_co2.csv
O=C([O-])C=CC(=O)O,anion,carboxylate,115.06399999999998,tox,train;val,train_1_group_tox.csv;train_2_group_tox.csv;train_4_group_tox.csv;train_5_group_tox.csv;val_3_group_tox.csv
O=C([O-])CNCC(=O)O,anion,amino-acid,132.095,co2,train;val,train_1_group_co2.csv;train_2_group_co2.csv;train_3_group_co2.csv;train_4_group_co2.csv;val_5_group_co2.csv
O=C([O-])CO,anion,carboxylate,75.04299999999999,tox;vis,test;train;val,test_group_vis.csv;train_1_group_tox.csv;train_1_group_vis.csv;train_2_group_tox.csv;train_2_group_vis.csv;train_3_group_tox.csv;train_3_group_vis.csv;train_4_group_tox.csv;train_4_group_vis.csv;train_5_group_tox.csv;train_5_group_vis.csv;val_1_group_tox.csv;val_2_group_tox.csv;val_4_group_vis.csv;val_5_group_vis.csv
O=C([O-])O,anion,other,61.016000000000005,vis,train;val,train_2_group_vis.csv;train_3_group_vis.csv;train_4_group_vis.csv;train_5_group_vis.csv;val_1_group_vis.csv
O=C([O-])c1cccc(S(=O)(=O)O)c1,anion,carboxylate,201.17899999999997,vis,train;val,train_1_group_vis.csv;train_2_group_vis.csv;train_3_group_vis.csv;train_4_group_vis.csv;train_5_group_vis.csv;val_1_group_vis.csv;val_4_group_vis.csv
O=C([O-])c1ccccc1,anion,carboxylate,121.11499999999995,vis,train;val,train_1_group_vis.csv;train_2_group_vis.csv;train_3_group_vis.csv;train_5_group_vis.csv;val_4_group_vis.csv
O=C([O-])c1ccccc1O,anion,carboxylate,137.11399999999998,tox;vis,train;val,train_1_group_tox.csv;train_2_group_tox.csv;train_2_group_vis.csv;train_3_group_tox.csv;train_3_group_vis.csv;train_4_group_vis.csv;train_5_group_tox.csv;train_5_group_vis.csv;val_1_group_vis.csv;val_4_group_tox.csv
O=C1O[B-]2(OC1=O)OC(=O)C(=O)O2,anion,other,186.84799999999996,tox,train;val,train_1_group_tox.csv;train_2_group_tox.csv;train_3_group_tox.csv;train_5_group_tox.csv;val_4_group_tox.csv
O=C1[N-]S(=O)(=O)c2ccccc21,anion,other,182.18,tox,test;train;val,test_group_tox.csv;train_1_group_tox.csv;train_2_group_tox.csv;train_3_group_tox.csv;train_4_group_tox.csv;train_5_group_tox.csv;val_2_group_tox.csv;val_4_group_tox.csv;val_5_group_tox.csv
O=C[O-],anion,carboxylate,45.016999999999996,co2;tox;vis,test;train;val,test_group_vis.csv;train_1_group_co2.csv;train_1_group_tox.csv;train_1_group_vis.csv;train_2_group_co2.csv;train_2_group_tox.csv;train_2_group_vis.csv;train_3_group_co2.csv;train_3_group_tox.csv;train_3_group_vis.csv;train_4_group_tox.csv;train_4_group_vis.csv;train_5_group_co2.csv;train_5_group_tox.csv;train_5_group_vis.csv;val_1_group_vis.csv;val_2_group_tox.csv;val_2_group_vis.csv;val_3_group_vis.csv;val_4_group_co2.csv;val_4_group_tox.csv;val_4_group_vis.csv;val_5_group_tox.csv;val_5_group_vis.csv
O=P([O-])(C(F)(F)C(F)(F)F)C(F)(F)C(F)(F)F,anion,fluorinated,300.9959999999999,tox,train;val,train_1_group_tox.csv;train_3_group_tox.csv;train_4_group_tox.csv;train_5_group_tox.csv;val_2_group_tox.csv
O=P([O-])(O)O,anion,P-oxoanion,96.98599999999999,vis,test;train;val,test_group_vis.csv;train_1_group_vis.csv;train_2_group_vis.csv;train_3_group_vis.csv;train_4_group_vis.csv;train_5_group_vis.csv;val_1_group_vis.csv;val_3_group_vis.csv;val_4_group_vis.csv;val_5_group_vis.csv
O=S(=O)(F)[N-]S(=O)(=O)F,anion,fluorinated,180.13299999999998,co2;vis,test;train;val,test_group_vis.csv;train_1_group_co2.csv;train_1_group_vis.csv;train_2_group_co2.csv;train_2_group_vis.csv;train_3_group_co2.csv;train_3_group_vis.csv;train_4_group_co2.csv;train_4_group_vis.csv;train_5_group_co2.csv;train_5_group_vis.csv;val_1_group_vis.csv;val_2_group_co2.csv;val_2_group_vis.csv;val_3_group_vis.csv;val_4_group_co2.csv;val_4_group_vis.csv;val_5_group_co2.csv;val_5_group_vis.csv
O=S(=O)(N=S(=O)([O-])C(F)(F)F)C(F)(F)F,anion,fluorinated,280.14699999999993,vis,train;val,train_1_group_vis.csv;train_2_group_vis.csv;train_3_group_vis.csv;train_4_group_vis.csv;train_5_group_vis.csv;val_3_group_vis.csv;val_4_group_vis.csv
O=S(=O)(N[SH](=O)([O-])C(F)(F)F)C(F)(F)F,anion,fluorinated,282.16299999999995,co2;vis,train;val,train_1_group_vis.csv;train_2_group_co2.csv;train_2_group_vis.csv;train_3_group_co2.csv;train_3_group_vis.csv;train_4_group_co2.csv;train_4_group_vis.csv;train_5_group_co2.csv;train_5_group_vis.csv;val_1_group_co2.csv;val_2_group_vis.csv;val_3_group_vis.csv
O=S(=O)([C-](S(=O)(=O)C(F)(F)F)S(=O)(=O)C(F)(F)F)C(F)(F)F,anion,fluorinated,411.221,co2;tox,test;train;val,test_group_tox.csv;train_2_group_co2.csv;train_3_group_co2.csv;train_4_group_co2.csv;train_5_group_co2.csv;val_1_group_co2.csv
O=S(=O)([CH-]S(=O)(=O)C(F)(F)F)C(F)(F)F,anion,fluorinated,279.15899999999993,co2,train;val,train_1_group_co2.csv;train_3_group_co2.csv;train_4_group_co2.csv;train_5_group_co2.csv;val_2_group_co2.csv
O=S(=O)([N-]S(=O)(=O)C(F)(F)C(F)(F)F)C(F)(F)C(F)(F)F,anion,fluorinated,380.16099999999994,co2;vis,train;val,train_1_group_co2.csv;train_1_group_vis.csv;train_2_group_co2.csv;train_2_group_vis.csv;train_3_group_co2.csv;train_3_group_vis.csv;train_4_group_co2.csv;train_4_group_vis.csv;train_5_group_co2.csv;train_5_group_vis.csv;val_1_group_co2.csv;val_2_group_vis.csv;val_4_group_co2.csv;val_4_group_vis.csv;val_5_group_vis.csv
O=S(=O)([N-]S(=O)(=O)C(F)(F)F)C(F)(F)F,anion,fluorinated,280.14699999999993,co2;tox;vis,test;train;val,test_group_co2.csv;test_group_tox.csv;test_group_vis.csv;train_1_group_co2.csv;train_1_group_tox.csv;train_1_group_vis.csv;train_2_group_co2.csv;train_2_group_tox.csv;train_2_group_vis.csv;train_3_group_co2.csv;train_3_group_tox.csv;train_3_group_vis.csv;train_4_group_co2.csv;train_4_group_tox.csv;train_4_group_vis.csv;train_5_group_co2.csv;train_5_group_tox.csv;train_5_group_vis.csv;val_1_group_co2.csv;val_1_group_tox.csv;val_1_group_vis.csv;val_2_group_co2.csv;val_2_group_tox.csv;val_2_group_vis.csv;val_3_group_co2.csv;val_3_group_tox.csv;val_3_group_vis.csv;val_4_group_co2.csv;val_4_group_tox.csv;val_4_group_vis.csv;val_5_group_co2.csv;val_5_group_tox.csv;val_5_group_vis.csv
O=S(=O)([O-])C(F)(F)C(F)(F)C(F)(F)C(F)(F)C(F)(F)C(F)(F)C(F)(F)C(F)(F)F,anion,fluorinated,499.11799999999994,vis,train;val,train_1_group_vis.csv;train_3_group_vis.csv;train_4_group_vis.csv;train_5_group_vis.csv;val_2_group_vis.csv
O=S(=O)([O-])C(F)(F)C(F)(F)C(F)(F)C(F)(F)F,anion,fluorinated,299.0899999999999,co2;vis,train;val,train_1_group_co2.csv;train_1_group_vis.csv;train_2_group_co2.csv;train_2_group_vis.csv;train_3_group_co2.csv;train_3_group_vis.csv;train_4_group_co2.csv;train_4_group_vis.csv;train_5_group_vis.csv;val_3_group_vis.csv;val_5_group_co2.csv;val_5_group_vis.csv
O=S(=O)([O-])C(F)(F)C(F)C(F)(F)F,anion,fluorinated,231.09299999999996,vis,test,test_group_vis.csv
O=S(=O)([O-])C(F)(F)C(F)F,anion,fluorinated,181.08599999999998,co2;vis,train;val,train_1_group_co2.csv;train_1_group_vis.csv;train_2_group_co2.csv;train_2_group_vis.csv;train_3_group_co2.csv;train_3_group_vis.csv;train_4_group_vis.csv;train_5_group_co2.csv;val_4_group_co2.csv;val_5_group_vis.csv
O=S(=O)([O-])C(F)(F)C(F)OC(F)(F)C(F)(F)F,anion,fluorinated,297.09899999999993,vis,train;val,train_1_group_vis.csv;train_2_group_vis.csv;train_3_group_vis.csv;train_5_group_vis.csv;val_4_group_vis.csv
O=S(=O)([O-])C(F)(F)C(F)OC(F)(F)F,anion,fluorinated,247.09199999999996,vis,train;val,train_1_group_vis.csv;train_2_group_vis.csv;train_4_group_vis.csv;train_5_group_vis.csv;val_3_group_vis.csv
O=S(=O)([O-])C(F)(F)F,anion,fluorinated,149.069,co2;tox;vis,test;train;val,test_group_tox.csv;test_group_vis.csv;train_1_group_co2.csv;train_1_group_tox.csv;train_1_group_vis.csv;train_2_group_co2.csv;train_2_group_tox.csv;train_2_group_vis.csv;train_3_group_co2.csv;train_3_group_tox.csv;train_3_group_vis.csv;train_4_group_co2.csv;train_4_group_tox.csv;train_4_group_vis.csv;train_5_group_co2.csv;train_5_group_tox.csv;train_5_group_vis.csv;val_1_group_vis.csv;val_2_group_co2.csv;val_2_group_tox.csv;val_2_group_vis.csv;val_3_group_co2.csv;val_3_group_vis.csv;val_4_group_co2.csv;val_4_group_tox.csv;val_4_group_vis.csv;val_5_group_co2.csv;val_5_group_tox.csv;val_5_group_vis.csv
O=S(=O)([O-])CC(O)CN1CCOCC1,anion,sulfonate/sulfate,224.25799999999992,vis,train;val,train_1_group_vis.csv;train_2_group_vis.csv;train_3_group_vis.csv;train_4_group_vis.csv;train_5_group_vis.csv;val_1_group_vis.csv;val_2_group_vis.csv;val_3_group_vis.csv
O=S(=O)([O-])CC(O)CNC(CO)(CO)CO,anion,sulfonate/sulfate,258.27199999999993,vis,train;val,train_1_group_vis.csv;train_2_group_vis.csv;train_4_group_vis.csv;train_5_group_vis.csv;val_3_group_vis.csv
O=S(=O)([O-])CC(O)CNC1CCCCC1,anion,sulfonate/sulfate,236.31299999999993,vis,train;val,train_1_group_vis.csv;train_2_group_vis.csv;train_3_group_vis.csv;train_4_group_vis.csv;train_5_group_vis.csv;val_1_group_vis.csv;val_2_group_vis.csv
O=S(=O)([O-])CCN(CCO)CCO,anion,sulfonate/sulfate,212.24699999999996,vis,test;train;val,test_group_vis.csv;train_1_group_vis.csv;train_2_group_vis.csv;train_3_group_vis.csv;train_4_group_vis.csv;train_5_group_vis.csv;val_1_group_vis.csv;val_4_group_vis.csv
O=S(=O)([O-])O,anion,sulfonate/sulfate,97.07099999999998,co2;tox;vis,test;train;val,test_group_co2.csv;test_group_tox.csv;test_group_vis.csv;train_1_group_co2.csv;train_1_group_tox.csv;train_1_group_vis.csv;train_2_group_co2.csv;train_2_group_tox.csv;train_2_group_vis.csv;train_3_group_vis.csv;train_4_group_co2.csv;train_4_group_tox.csv;train_4_group_vis.csv;train_5_group_co2.csv;train_5_group_tox.csv;train_5_group_vis.csv;val_1_group_vis.csv;val_2_group_vis.csv;val_3_group_co2.csv;val_3_group_tox.csv;val_3_group_vis.csv;val_4_group_vis.csv;val_5_group_vis.csv
O=S(=O)([O-])c1ccccc1,anion,sulfonate/sulfate,157.17,vis,train;val,train_1_group_vis.csv;train_2_group_vis.csv;train_3_group_vis.csv;train_4_group_vis.csv;train_5_group_vis.csv;val_2_group_vis.csv;val_3_group_vis.csv
O=S1(=O)N=C([O-])c2ccccc21,anion,other,182.18,co2;tox,train;val,train_1_group_co2.csv;train_1_group_tox.csv;train_2_group_co2.csv;train_2_group_tox.csv;train_3_group_co2.csv;train_3_group_tox.csv;train_4_group_co2.csv;train_5_group_tox.csv;val_4_group_tox.csv;val_5_group_co2.csv
O=[N+]([O-])[O-],anion,other,62.004000000000005,co2;tox;vis,test;train;val,test_group_co2.csv;test_group_vis.csv;train_1_group_co2.csv;train_1_group_vis.csv;train_2_group_co2.csv;train_2_group_tox.csv;train_2_group_vis.csv;train_3_group_co2.csv;train_3_group_tox.csv;train_3_group_vis.csv;train_4_group_co2.csv;train_4_group_tox.csv;train_4_group_vis.csv;train_5_group_co2.csv;train_5_group_tox.csv;train_5_group_vis.csv;val_1_group_tox.csv;val_1_group_vis.csv;val_2_group_vis.csv;val_3_group_co2.csv;val_4_group_co2.csv;val_5_group_co2.csv;val_5_group_vis.csv
O=[N+]([O-])c1cn[n-]c1,anion,other,112.068,vis,train;val,train_1_group_vis.csv;train_2_group_vis.csv;train_3_group_vis.csv;train_4_group_vis.csv;train_5_group_vis.csv;val_1_group_vis.csv;val_2_group_vis.csv;val_4_group_vis.csv;val_5_group_vis.csv
O=[N+]([O-])c1cnc[n-]1,anion,other,112.068,vis,test;train;val,test_group_vis.csv;train_1_group_vis.csv;train_2_group_vis.csv;train_3_group_vis.csv;train_4_group_vis.csv;val_5_group_vis.csv
O=[Re](=O)(=O)[O-],anion,other,250.20299999999997,vis,test,test_group_vis.csv
[Br-],anion,other,79.904,co2;tox;vis,test;train;val,test_group_tox.csv;test_group_vis.csv;train_1_group_co2.csv;train_1_group_tox.csv;train_1_group_vis.csv;train_2_group_co2.csv;train_2_group_tox.csv;train_2_group_vis.csv;train_3_group_co2.csv;train_3_group_tox.csv;train_3_group_vis.csv;train_4_group_co2.csv;train_4_group_tox.csv;train_4_group_vis.csv;train_5_group_co2.csv;train_5_group_tox.csv;train_5_group_vis.csv;val_1_group_co2.csv;val_1_group_tox.csv;val_1_group_vis.csv;val_2_group_co2.csv;val_2_group_tox.csv;val_2_group_vis.csv;val_3_group_tox.csv;val_3_group_vis.csv;val_4_group_tox.csv;val_4_group_vis.csv;val_5_group_tox.csv
[Cl-],anion,other,35.453,co2;tox;vis,test;train;val,test_group_tox.csv;test_group_vis.csv;train_1_group_co2.csv;train_1_group_tox.csv;train_1_group_vis.csv;train_2_group_co2.csv;train_2_group_tox.csv;train_2_group_vis.csv;train_3_group_co2.csv;train_3_group_tox.csv;train_3_group_vis.csv;train_4_group_co2.csv;train_4_group_tox.csv;train_4_group_vis.csv;train_5_group_co2.csv;train_5_group_tox.csv;train_5_group_vis.csv;val_1_group_co2.csv;val_1_group_tox.csv;val_1_group_vis.csv;val_2_group_tox.csv;val_2_group_vis.csv;val_3_group_co2.csv;val_3_group_tox.csv;val_3_group_vis.csv;val_4_group_co2.csv;val_4_group_tox.csv;val_4_group_vis.csv;val_5_group_co2.csv;val_5_group_tox.csv;val_5_group_vis.csv
[I-],anion,other,126.904,tox;vis,test;train;val,test_group_tox.csv;train_1_group_tox.csv;train_1_group_vis.csv;train_2_group_tox.csv;train_2_group_vis.csv;train_3_group_tox.csv;train_3_group_vis.csv;train_4_group_tox.csv;train_4_group_vis.csv;train_5_group_tox.csv;train_5_group_vis.csv;val_1_group_tox.csv;val_1_group_vis.csv;val_2_group_tox.csv;val_3_group_vis.csv;val_4_group_tox.csv;val_5_group_vis.csv
[N-]=C=C1C=CC=N1,anion,other,91.09299999999999,vis,train;val,train_1_group_vis.csv;train_2_group_vis.csv;train_3_group_vis.csv;train_4_group_vis.csv;val_5_group_vis.csv
[N-]=[N+]=[N-],anion,other,42.021,vis,train;val,train_2_group_vis.csv;train_3_group_vis.csv;train_4_group_vis.csv;train_5_group_vis.csv;val_1_group_vis.csv
[O-][Cl+3]([O-])([O-])[O-],anion,other,99.449,vis,train;val,train_1_group_vis.csv;train_2_group_vis.csv;train_3_group_vis.csv;train_4_group_vis.csv;val_5_group_vis.csv
[O-]c1ccccc1,anion,other,93.10499999999999,vis,train;val,train_1_group_vis.csv;train_2_group_vis.csv;train_3_group_vis.csv;train_4_group_vis.csv;train_5_group_vis.csv;val_1_group_vis.csv;val_2_group_vis.csv;val_3_group_vis.csv;val_4_group_vis.csv
[c-]1c[nH]nn1,anion,other,68.059,vis,test;train;val,test_group_vis.csv;train_1_group_vis.csv;train_2_group_vis.csv;train_3_group_vis.csv;train_4_group_vis.csv;train_5_group_vis.csv;val_3_group_vis.csv;val_4_group_vis.csv
[c-]1nn[nH]n1,anion,other,69.047,vis,train;val,train_1_group_vis.csv;train_2_group_vis.csv;train_3_group_vis.csv;train_4_group_vis.csv;train_5_group_vis.csv;val_1_group_vis.csv;val_5_group_vis.csv
c1c[n-]cn1,anion,other,67.071,vis,train;val,train_1_group_vis.csv;train_2_group_vis.csv;train_3_group_vis.csv;train_5_group_vis.csv;val_4_group_vis.csv
c1ccc2c(c1)O[B-]1(O2)Oc2ccccc2O1,anion,other,227.004,tox,train;val,train_1_group_tox.csv;train_2_group_tox.csv;train_3_group_tox.csv;train_4_group_tox.csv;train_5_group_tox.csv;val_2_group_tox.csv;val_4_group_tox.csv
c1nnc[n-]1,anion,other,68.059,vis,train;val,train_2_group_vis.csv;train_3_group_vis.csv;train_4_group_vis.csv;train_5_group_vis.csv;val_1_group_vis.csv
